Invoice,StockCode,Description,Quantity,InvoiceDate,Price,Customer ID,Country,TotalPrice,YearMonth,ist_sonderposten
489439,POST,POSTAGE,3,2009-12-01 09:28:00,18.0,12682,France,54.0,2009-12,True
489444,POST,POSTAGE,1,2009-12-01 09:55:00,141.0,12636,USA,141.0,2009-12,True
489447,POST,POSTAGE,1,2009-12-01 10:10:00,130.0,12362,Belgium,130.0,2009-12,True
489526,POST,POSTAGE,6,2009-12-01 11:50:00,18.0,12533,Germany,108.0,2009-12,True
C489535,D,DISCOUNT,-1,2009-12-01 12:11:00,9.0,15299,United Kingdom,-9.0,2009-12,True
C489535,D,DISCOUNT,-1,2009-12-01 12:11:00,19.0,15299,United Kingdom,-19.0,2009-12,True
C489538,POST,POSTAGE,-1,2009-12-01 12:18:00,9.58,15796,United Kingdom,-9.58,2009-12,True
489557,POST,POSTAGE,4,2009-12-01 12:52:00,18.0,12490,France,72.0,2009-12,True
489597,DCGS0058,MISO PRETTY  GUM,1,2009-12-01 14:28:00,0.83,,United Kingdom,0.83,2009-12,True
489597,DCGS0068,DOGS NIGHT COLLAR,1,2009-12-01 14:28:00,8.65,,United Kingdom,8.65,2009-12,True
489597,DOT,DOTCOM POSTAGE,1,2009-12-01 14:28:00,647.19,,United Kingdom,647.19,2009-12,True
489600,DOT,DOTCOM POSTAGE,1,2009-12-01 14:43:00,55.96,,United Kingdom,55.96,2009-12,True
489601,DOT,DOTCOM POSTAGE,1,2009-12-01 14:44:00,68.39,,United Kingdom,68.39,2009-12,True
489602,DOT,DOTCOM POSTAGE,1,2009-12-01 14:45:00,59.35,,United Kingdom,59.35,2009-12,True
489603,DOT,DOTCOM POSTAGE,1,2009-12-01 14:46:00,42.39,,United Kingdom,42.39,2009-12,True
489604,DOT,DOTCOM POSTAGE,1,2009-12-01 14:47:00,50.87,,United Kingdom,50.87,2009-12,True
489607,DOT,DOTCOM POSTAGE,1,2009-12-01 14:49:00,76.3,,United Kingdom,76.3,2009-12,True
489609,M,MANUAL,1,2009-12-01 14:50:00,4.0,,United Kingdom,4.0,2009-12,True
489609,DOT,DOTCOM POSTAGE,1,2009-12-01 14:50:00,74.61,,United Kingdom,74.61,2009-12,True
489612,DOT,DOTCOM POSTAGE,1,2009-12-01 14:55:00,87.39,,United Kingdom,87.39,2009-12,True
489614,DOT,DOTCOM POSTAGE,1,2009-12-01 14:56:00,80.3,,United Kingdom,80.3,2009-12,True
489615,DOT,DOTCOM POSTAGE,1,2009-12-01 14:56:00,77.13,,United Kingdom,77.13,2009-12,True
489616,DOT,DOTCOM POSTAGE,1,2009-12-01 14:58:00,83.74,,United Kingdom,83.74,2009-12,True
C489651,M,MANUAL,-1,2009-12-01 16:48:00,5.1,17804,United Kingdom,-5.1,2009-12,True
C489685,POST,POSTAGE,-1,2009-12-02 10:28:00,18.0,12523,France,-18.0,2009-12,True
489856,DOT,DOTCOM POSTAGE,1,2009-12-02 14:36:00,470.24,,United Kingdom,470.24,2009-12,True
489857,DOT,DOTCOM POSTAGE,1,2009-12-02 14:43:00,775.24,,United Kingdom,775.24,2009-12,True
C489859,M,MANUAL,-1,2009-12-02 14:45:00,69.57,,United Kingdom,-69.57,2009-12,True
489861,DOT,DOTCOM POSTAGE,1,2009-12-02 14:50:00,0.0,,United Kingdom,0.0,2009-12,True
489883,POST,POSTAGE,3,2009-12-02 16:24:00,18.0,12437,France,54.0,2009-12,True
490074,DCGS0004,HAYNES CAMPER SHOULDER BAG,1,2009-12-03 14:39:00,17.35,,United Kingdom,17.35,2009-12,True
490074,DCGS0058,MISO PRETTY  GUM,1,2009-12-03 14:39:00,0.83,,United Kingdom,0.83,2009-12,True
490074,DCGS0076,SUNJAR LED NIGHT NIGHT LIGHT,1,2009-12-03 14:39:00,16.48,,United Kingdom,16.48,2009-12,True
490074,DOT,DOTCOM POSTAGE,1,2009-12-03 14:39:00,862.67,,United Kingdom,862.67,2009-12,True
C490117,POST,POSTAGE,-1,2009-12-03 17:38:00,2.99,16570,United Kingdom,-2.99,2009-12,True
C490120,POST,POSTAGE,-2,2009-12-03 17:52:00,18.0,14277,France,-36.0,2009-12,True
C490126,M,MANUAL,-1,2009-12-03 18:12:00,5.95,15884,United Kingdom,-5.95,2009-12,True
490127,C2,CARRIAGE,1,2009-12-03 18:13:00,50.0,14156,EIRE,50.0,2009-12,True
C490129,M,MANUAL,-1,2009-12-03 18:26:00,1998.49,15482,United Kingdom,-1998.49,2009-12,True
490149,DOT,DOTCOM POSTAGE,1,2009-12-04 09:43:00,922.05,,United Kingdom,922.05,2009-12,True
490152,POST,POSTAGE,7,2009-12-04 10:00:00,18.0,12714,France,126.0,2009-12,True
490158,POST,POSTAGE,3,2009-12-04 10:47:00,18.0,12759,Netherlands,54.0,2009-12,True
490295,POST,POSTAGE,4,2009-12-04 13:47:00,28.0,12510,Spain,112.0,2009-12,True
C490296,POST,POSTAGE,-1,2009-12-04 13:51:00,28.0,12510,Spain,-28.0,2009-12,True
490300,M,MANUAL,1,2009-12-04 14:19:00,0.85,12970,United Kingdom,0.85,2009-12,True
490300,M,MANUAL,1,2009-12-04 14:19:00,0.21,12970,United Kingdom,0.21,2009-12,True
C490307,POST,POSTAGE,-1,2009-12-04 14:49:00,8.97,,United Kingdom,-8.97,2009-12,True
490344,POST,POSTAGE,1,2009-12-04 15:53:00,18.0,,United Kingdom,18.0,2009-12,True
490395,POST,POSTAGE,2,2009-12-06 10:16:00,18.0,13813,Germany,36.0,2009-12,True
490397,POST,POSTAGE,2,2009-12-06 10:30:00,15.0,12417,Belgium,30.0,2009-12,True
490458,POST,POSTAGE,4,2009-12-06 11:57:00,18.0,12583,France,72.0,2009-12,True
490541,C2,CARRIAGE,1,2009-12-07 09:25:00,50.0,,EIRE,50.0,2009-12,True
490542,C2,CARRIAGE,1,2009-12-07 09:42:00,50.0,14911,EIRE,50.0,2009-12,True
490564,POST,POSTAGE,7,2009-12-07 10:42:00,18.0,12471,Germany,126.0,2009-12,True
490682,POST,POSTAGE,2,2009-12-07 13:37:00,18.0,12600,Germany,36.0,2009-12,True
490718,POST,POSTAGE,3,2009-12-07 15:42:00,40.0,12443,Norway,120.0,2009-12,True
490727,M,MANUAL,1,2009-12-07 16:38:00,0.0,17231,United Kingdom,0.0,2009-12,True
490733,POST,POSTAGE,3,2009-12-07 16:56:00,28.0,12540,Spain,84.0,2009-12,True
490741,DCGS0076,SUNJAR LED NIGHT NIGHT LIGHT,1,2009-12-07 17:56:00,16.48,,United Kingdom,16.48,2009-12,True
490741,DOT,DOTCOM POSTAGE,1,2009-12-07 17:56:00,862.38,,United Kingdom,862.38,2009-12,True
490745,DCGS0058,MISO PRETTY  GUM,1,2009-12-07 18:02:00,0.83,,United Kingdom,0.83,2009-12,True
490745,DCGS0076,SUNJAR LED NIGHT NIGHT LIGHT,1,2009-12-07 18:02:00,16.48,,United Kingdom,16.48,2009-12,True
490745,DOT,DOTCOM POSTAGE,1,2009-12-07 18:02:00,630.36,,United Kingdom,630.36,2009-12,True
C490748,M,MANUAL,-1,2009-12-07 18:14:00,309.73,12748,United Kingdom,-309.73,2009-12,True
490760,M,MANUAL,1,2009-12-08 09:49:00,10.0,14295,United Kingdom,10.0,2009-12,True
C490798,POST,POSTAGE,-2,2009-12-08 11:51:00,18.0,14277,France,-36.0,2009-12,True
490806,POST,POSTAGE,1,2009-12-08 12:13:00,4.0,13485,United Kingdom,4.0,2009-12,True
490881,M,MANUAL,1,2009-12-08 12:58:00,10.0,16210,United Kingdom,10.0,2009-12,True
490936,POST,POSTAGE,2,2009-12-08 13:56:00,28.0,12785,Portugal,56.0,2009-12,True
C490943,BANK CHARGES,BANK CHARGES,-1,2009-12-08 14:08:00,15.0,16703,United Kingdom,-15.0,2009-12,True
490948,BANK CHARGES,BANK CHARGES,1,2009-12-08 14:29:00,15.0,16805,United Kingdom,15.0,2009-12,True
490959,POST,POSTAGE,2,2009-12-08 15:14:00,18.0,12682,France,36.0,2009-12,True
490963,DOT,DOTCOM POSTAGE,1,2009-12-08 15:49:00,560.87,,United Kingdom,560.87,2009-12,True
490964,POST,POSTAGE,1,2009-12-08 16:09:00,15.0,14646,Netherlands,15.0,2009-12,True
490998,C2,CARRIAGE,1,2009-12-08 17:24:00,50.0,16253,United Kingdom,50.0,2009-12,True
490999,M,MANUAL,1,2009-12-08 17:26:00,15.95,13883,United Kingdom,15.95,2009-12,True
490999,M,MANUAL,1,2009-12-08 17:26:00,8.7,13883,United Kingdom,8.7,2009-12,True
491041,DCGS0003,BOXED GLASS ASHTRAY,1,2009-12-09 09:42:00,2.57,,United Kingdom,2.57,2009-12,True
491041,DOT,DOTCOM POSTAGE,1,2009-12-09 09:42:00,483.14,,United Kingdom,483.14,2009-12,True
491043,DCGS0076,SUNJAR LED NIGHT NIGHT LIGHT,1,2009-12-09 09:51:00,16.48,,United Kingdom,16.48,2009-12,True
491043,DOT,DOTCOM POSTAGE,1,2009-12-09 09:51:00,660.21,,United Kingdom,660.21,2009-12,True
491050,POST,POSTAGE,2,2009-12-09 10:46:00,18.0,12712,Germany,36.0,2009-12,True
491094,POST,POSTAGE,1,2009-12-09 13:49:00,216.0,12709,Germany,216.0,2009-12,True
491155,DOT,DOTCOM POSTAGE,1,2009-12-10 09:49:00,810.57,,United Kingdom,810.57,2009-12,True
C491157,M,MANUAL,-1,2009-12-10 10:00:00,40.0,14942,United Kingdom,-40.0,2009-12,True
491160,C2,CARRIAGE,1,2009-12-10 10:29:00,50.0,14911,EIRE,50.0,2009-12,True
491176,M,MANUAL,1,2009-12-10 11:50:00,1213.02,13091,United Kingdom,1213.02,2009-12,True
C491423,M,MANUAL,-1,2009-12-10 19:45:00,2.2,16798,United Kingdom,-2.2,2009-12,True
C491428,D,DISCOUNT,-1,2009-12-10 20:23:00,9.1,15494,United Kingdom,-9.1,2009-12,True
C491623,POST,POSTAGE,-1,2009-12-11 14:20:00,15.0,16253,United Kingdom,-15.0,2009-12,True
491649,POST,POSTAGE,2,2009-12-13 10:28:00,40.0,12664,Finland,80.0,2009-12,True
491698,POST,POSTAGE,4,2009-12-13 13:31:00,18.0,12681,France,72.0,2009-12,True
491702,C2,CARRIAGE,1,2009-12-13 13:53:00,50.0,,EIRE,50.0,2009-12,True
491709,POST,POSTAGE,1,2009-12-13 14:51:00,18.0,12600,Germany,18.0,2009-12,True
491710,POST,POSTAGE,2,2009-12-13 15:01:00,18.0,12683,France,36.0,2009-12,True
491715,POST,POSTAGE,1,2009-12-13 15:43:00,18.0,14277,France,18.0,2009-12,True
491725,TEST001,THIS IS A TEST PRODUCT.,10,2009-12-14 08:34:00,4.5,12346,United Kingdom,45.0,2009-12,True
491738,POST,POSTAGE,5,2009-12-14 10:49:00,18.0,12472,Germany,90.0,2009-12,True
491742,TEST001,THIS IS A TEST PRODUCT.,5,2009-12-14 11:00:00,4.5,12346,United Kingdom,22.5,2009-12,True
491744,TEST001,THIS IS A TEST PRODUCT.,5,2009-12-14 11:02:00,4.5,12346,United Kingdom,22.5,2009-12,True
491784,POST,POSTAGE,7,2009-12-14 12:48:00,18.0,12471,Germany,126.0,2009-12,True
491805,POST,POSTAGE,7,2009-12-14 13:10:00,18.0,12613,Germany,126.0,2009-12,True
C491845,D,DISCOUNT,-1,2009-12-14 14:54:00,1.59,,United Kingdom,-1.59,2009-12,True
491958,POST,POSTAGE,1,2009-12-14 16:10:00,5.0,13577,United Kingdom,5.0,2009-12,True
C491962,D,DISCOUNT,-1,2009-12-14 16:38:00,0.59,13206,United Kingdom,-0.59,2009-12,True
491966,DOT,DOTCOM POSTAGE,1,2009-12-14 17:16:00,815.01,,United Kingdom,815.01,2009-12,True
491969,DCGS0058,MISO PRETTY  GUM,1,2009-12-14 17:57:00,0.83,,United Kingdom,0.83,2009-12,True
491969,DCGS0072,CAT CAMOUFLAGUE COLLAR,1,2009-12-14 17:57:00,5.17,,United Kingdom,5.17,2009-12,True
491969,DCGS0076,SUNJAR LED NIGHT NIGHT LIGHT,1,2009-12-14 17:57:00,16.48,,United Kingdom,16.48,2009-12,True
491969,DOT,DOTCOM POSTAGE,1,2009-12-14 17:57:00,882.72,,United Kingdom,882.72,2009-12,True
491969,gift_0001_80,DOTCOMGIFTSHOP GIFT VOUCHER £80.00,1,2009-12-14 17:57:00,69.56,,United Kingdom,69.56,2009-12,True
491970,DCGS0058,MISO PRETTY  GUM,1,2009-12-14 18:03:00,0.83,,United Kingdom,0.83,2009-12,True
491970,DOT,DOTCOM POSTAGE,1,2009-12-14 18:03:00,602.14,,United Kingdom,602.14,2009-12,True
491971,DCGS0058,MISO PRETTY  GUM,2,2009-12-14 18:37:00,0.83,,United Kingdom,1.66,2009-12,True
491971,DOT,DOTCOM POSTAGE,1,2009-12-14 18:37:00,632.06,,United Kingdom,632.06,2009-12,True
491971,gift_0001_20,DOTCOMGIFTSHOP GIFT VOUCHER £20.00,2,2009-12-14 18:37:00,17.39,,United Kingdom,34.78,2009-12,True
491988,POST,POSTAGE,4,2009-12-15 10:02:00,18.0,13902,Denmark,72.0,2009-12,True
C491989,POST,POSTAGE,-2,2009-12-15 10:04:00,18.0,13902,Denmark,-36.0,2009-12,True
C492013,POST,POSTAGE,-1,2009-12-15 11:55:00,5.0,13577,United Kingdom,-5.0,2009-12,True
492092,C2,CARRIAGE,1,2009-12-15 14:03:00,50.0,14156,EIRE,50.0,2009-12,True
C492205,M,MANUAL,-1,2009-12-15 16:28:00,398.05,,United Kingdom,-398.05,2009-12,True
C492206,BANK CHARGES,BANK CHARGES,-1,2009-12-15 16:32:00,848.43,,United Kingdom,-848.43,2009-12,True
C492207,M,MANUAL,-1,2009-12-15 16:34:00,906.26,,United Kingdom,-906.26,2009-12,True
492226,DCGS0044,HANDZ-OFF CAR FRESHENER,1,2009-12-15 18:33:00,2.57,,United Kingdom,2.57,2009-12,True
492226,DOT,DOTCOM POSTAGE,1,2009-12-15 18:33:00,500.13,,United Kingdom,500.13,2009-12,True
492248,POST,POSTAGE,6,2009-12-16 10:28:00,15.0,14646,Netherlands,90.0,2009-12,True
492250,C2,CARRIAGE,1,2009-12-16 10:45:00,50.0,18286,United Kingdom,50.0,2009-12,True
492303,DCGS0058,MISO PRETTY  GUM,1,2009-12-16 11:57:00,0.83,,United Kingdom,0.83,2009-12,True
492303,DCGS0072,CAT CAMOUFLAGUE COLLAR,2,2009-12-16 11:57:00,5.17,,United Kingdom,10.34,2009-12,True
492303,DOT,DOTCOM POSTAGE,1,2009-12-16 11:57:00,637.09,,United Kingdom,637.09,2009-12,True
492414,DOT,DOTCOM POSTAGE,1,2009-12-16 17:01:00,945.56,,United Kingdom,945.56,2009-12,True
492425,DCGS0058,MISO PRETTY  GUM,1,2009-12-16 17:58:00,0.83,,United Kingdom,0.83,2009-12,True
492425,DOT,DOTCOM POSTAGE,1,2009-12-16 17:58:00,753.98,,United Kingdom,753.98,2009-12,True
492446,POST,POSTAGE,3,2009-12-17 11:11:00,40.0,13520,Switzerland,120.0,2009-12,True
492484,M,MANUAL,4,2009-12-17 11:43:00,0.35,15862,United Kingdom,1.4,2009-12,True
492531,POST,POSTAGE,1,2009-12-17 12:54:00,3.95,,United Kingdom,3.95,2009-12,True
492586,M,MANUAL,1,2009-12-17 15:27:00,1.25,,United Kingdom,1.25,2009-12,True
492650,M,MANUAL,1,2009-12-17 17:43:00,803.25,14911,EIRE,803.25,2009-12,True
C492651,M,MANUAL,-1,2009-12-17 17:44:00,803.25,14911,EIRE,-803.25,2009-12,True
C492653,POST,POSTAGE,-1,2009-12-17 17:47:00,22.0,13834,United Kingdom,-22.0,2009-12,True
C492693,D,DISCOUNT,-1,2009-12-17 18:47:00,6.85,13408,United Kingdom,-6.85,2009-12,True
492716,POST,POSTAGE,1,2009-12-18 10:25:00,18.0,12708,Germany,18.0,2009-12,True
492718,TEST001,THIS IS A TEST PRODUCT.,5,2009-12-18 10:47:00,4.5,12346,United Kingdom,22.5,2009-12,True
492722,TEST002,THIS IS A TEST PRODUCT.,1,2009-12-18 10:55:00,1.0,12346,United Kingdom,1.0,2009-12,True
492746,C2,CARRIAGE,1,2009-12-18 13:01:00,50.0,,EIRE,50.0,2009-12,True
492782,DCGS0058,MISO PRETTY  GUM,1,2009-12-18 17:06:00,0.83,,United Kingdom,0.83,2009-12,True
492782,DOT,DOTCOM POSTAGE,1,2009-12-18 17:06:00,692.24,,United Kingdom,692.24,2009-12,True
492782,gift_0001_10,DOTCOMGIFTSHOP GIFT VOUCHER £10.00,1,2009-12-18 17:06:00,8.69,,United Kingdom,8.69,2009-12,True
492782,gift_0001_20,DOTCOMGIFTSHOP GIFT VOUCHER £20.00,1,2009-12-18 17:06:00,17.39,,United Kingdom,17.39,2009-12,True
492783,DCGS0058,MISO PRETTY  GUM,2,2009-12-18 17:15:00,0.83,,United Kingdom,1.66,2009-12,True
492783,DCGS0072,CAT CAMOUFLAGUE COLLAR,1,2009-12-18 17:15:00,5.17,,United Kingdom,5.17,2009-12,True
492783,DOT,DOTCOM POSTAGE,1,2009-12-18 17:15:00,604.12,,United Kingdom,604.12,2009-12,True
492783,gift_0001_50,DOTCOMGIFTSHOP GIFT VOUCHER £50.00,1,2009-12-18 17:15:00,43.48,,United Kingdom,43.48,2009-12,True
492816,POST,POSTAGE,2,2009-12-20 13:30:00,18.0,12609,Germany,36.0,2009-12,True
492830,POST,POSTAGE,5,2009-12-20 15:38:00,18.0,12683,France,90.0,2009-12,True
492831,M,MANUAL,1,2009-12-20 15:57:00,0.85,,United Kingdom,0.85,2009-12,True
C492899,M,MANUAL,-1,2009-12-21 12:05:00,547.3,12748,United Kingdom,-547.3,2009-12,True
492935,M,MANUAL,1,2009-12-21 12:18:00,74.1,13641,United Kingdom,74.1,2009-12,True
492944,POST,POSTAGE,1,2009-12-21 13:18:00,18.0,12682,France,18.0,2009-12,True
492948,M,MANUAL,1,2009-12-21 14:33:00,68.96,14606,United Kingdom,68.96,2009-12,True
492950,POST,POSTAGE,5,2009-12-21 14:52:00,18.0,12471,Germany,90.0,2009-12,True
493066,M,MANUAL,1,2009-12-21 17:14:00,0.85,,United Kingdom,0.85,2009-12,True
493073,DOT,DOTCOM POSTAGE,1,2009-12-22 09:41:00,440.9,,United Kingdom,440.9,2009-12,True
493074,DOT,DOTCOM POSTAGE,1,2009-12-22 09:45:00,287.02,,United Kingdom,287.02,2009-12,True
493079,DOT,DOTCOM POSTAGE,1,2009-12-22 09:52:00,467.05,,United Kingdom,467.05,2009-12,True
493183,POST,POSTAGE,2,2009-12-22 12:03:00,40.0,12440,Austria,80.0,2009-12,True
493260,DCGS0058,MISO PRETTY  GUM,2,2009-12-22 14:31:00,0.83,,United Kingdom,1.66,2009-12,True
493260,DOT,DOTCOM POSTAGE,1,2009-12-22 14:31:00,429.14,,United Kingdom,429.14,2009-12,True
493261,DOT,DOTCOM POSTAGE,1,2009-12-22 14:48:00,88.48,,United Kingdom,88.48,2009-12,True
493264,DOT,DOTCOM POSTAGE,1,2009-12-22 15:04:00,123.96,,United Kingdom,123.96,2009-12,True
493265,DCGS0066N,NAVY CUDDLES DOG HOODIE,1,2009-12-22 15:05:00,8.65,,United Kingdom,8.65,2009-12,True
493265,M,MANUAL,2,2009-12-22 15:05:00,4.0,,United Kingdom,8.0,2009-12,True
493265,DOT,DOTCOM POSTAGE,1,2009-12-22 15:05:00,167.52,,United Kingdom,167.52,2009-12,True
493267,M,MANUAL,1,2009-12-22 15:06:00,4.0,,United Kingdom,4.0,2009-12,True
493267,DOT,DOTCOM POSTAGE,1,2009-12-22 15:06:00,122.3,,United Kingdom,122.3,2009-12,True
493269,DCGS0066N,NAVY CUDDLES DOG HOODIE,1,2009-12-22 15:07:00,8.65,,United Kingdom,8.65,2009-12,True
493269,DOT,DOTCOM POSTAGE,1,2009-12-22 15:07:00,114.26,,United Kingdom,114.26,2009-12,True
493271,DOT,DOTCOM POSTAGE,1,2009-12-22 15:08:00,102.52,,United Kingdom,102.52,2009-12,True
493273,DOT,DOTCOM POSTAGE,1,2009-12-22 15:09:00,155.35,,United Kingdom,155.35,2009-12,True
493276,DOT,DOTCOM POSTAGE,1,2009-12-22 15:10:00,110.22,,United Kingdom,110.22,2009-12,True
493283,M,MANUAL,2,2009-12-22 15:12:00,4.0,,United Kingdom,8.0,2009-12,True
493283,DOT,DOTCOM POSTAGE,1,2009-12-22 15:12:00,136.52,,United Kingdom,136.52,2009-12,True
493290,DOT,DOTCOM POSTAGE,1,2009-12-22 15:13:00,3.43,,United Kingdom,3.43,2009-12,True
493287,M,MANUAL,1,2009-12-22 15:13:00,4.0,,United Kingdom,4.0,2009-12,True
493287,DOT,DOTCOM POSTAGE,1,2009-12-22 15:13:00,100.7,,United Kingdom,100.7,2009-12,True
493288,DOT,DOTCOM POSTAGE,1,2009-12-22 15:13:00,34.13,,United Kingdom,34.13,2009-12,True
493308,C2,CARRIAGE,1,2009-12-22 16:17:00,50.0,15064,United Kingdom,50.0,2009-12,True
C493373,D,DISCOUNT,-1,2009-12-23 11:22:00,64.37,15044,United Kingdom,-64.37,2009-12,True
493404,DOT,DOTCOM POSTAGE,1,2009-12-23 15:30:00,184.68,,United Kingdom,184.68,2009-12,True
493404,gift_0001_30,DOTCOMGIFTSHOP GIFT VOUCHER £30.00,1,2009-12-23 15:30:00,26.08,,United Kingdom,26.08,2009-12,True
493404,gift_0001_20,DOTCOMGIFTSHOP GIFT VOUCHER £20.00,1,2009-12-23 15:30:00,17.39,,United Kingdom,17.39,2009-12,True
493410,TEST001,THIS IS A TEST PRODUCT.,5,2010-01-04 09:24:00,4.5,12346,United Kingdom,22.5,2010-01,True
493412,TEST001,THIS IS A TEST PRODUCT.,5,2010-01-04 09:53:00,4.5,12346,United Kingdom,22.5,2010-01,True
C493538,POST,POSTAGE,-1,2010-01-04 15:35:00,50.0,17949,United Kingdom,-50.0,2010-01,True
493759,M,MANUAL,3,2010-01-06 13:56:00,1.25,17965,United Kingdom,3.75,2010-01,True
493806,POST,POSTAGE,1,2010-01-07 11:31:00,18.0,17404,Sweden,18.0,2010-01,True
C493853,POST,POSTAGE,-1,2010-01-07 15:54:00,7.06,16325,United Kingdom,-7.06,2010-01,True
493876,POST,POSTAGE,1,2010-01-07 18:38:00,1.0,12648,Germany,1.0,2010-01,True
493897,M,MANUAL,1,2010-01-08 10:39:00,780.52,14911,EIRE,780.52,2010-01,True
C493898,M,MANUAL,-1,2010-01-08 10:40:00,780.52,14911,EIRE,-780.52,2010-01,True
493899,POST,POSTAGE,3,2010-01-08 10:43:00,15.0,12417,Belgium,45.0,2010-01,True
493900,M,MANUAL,1,2010-01-08 10:44:00,780.52,14911,EIRE,780.52,2010-01,True
493924,POST,POSTAGE,1,2010-01-08 11:25:00,180.0,12678,France,180.0,2010-01,True
493950,POST,POSTAGE,4,2010-01-08 13:19:00,18.0,12681,France,72.0,2010-01,True
493964,POST,POSTAGE,10,2010-01-08 16:29:00,18.0,12714,France,180.0,2010-01,True
493975,POST,POSTAGE,4,2010-01-10 11:27:00,28.0,12540,Spain,112.0,2010-01,True
494009,POST,POSTAGE,2,2010-01-11 08:51:00,18.0,12471,Germany,36.0,2010-01,True
494011,DOT,DOTCOM POSTAGE,1,2010-01-11 09:30:00,217.09,,United Kingdom,217.09,2010-01,True
494012,DOT,DOTCOM POSTAGE,1,2010-01-11 09:31:00,161.99,,United Kingdom,161.99,2010-01,True
494013,DOT,DOTCOM POSTAGE,1,2010-01-11 09:32:00,44.56,,United Kingdom,44.56,2010-01,True
494014,DOT,DOTCOM POSTAGE,1,2010-01-11 09:33:00,157.88,,United Kingdom,157.88,2010-01,True
494015,DOT,DOTCOM POSTAGE,1,2010-01-11 09:34:00,166.51,,United Kingdom,166.51,2010-01,True
494016,DOT,DOTCOM POSTAGE,1,2010-01-11 09:35:00,371.77,,United Kingdom,371.77,2010-01,True
494017,DOT,DOTCOM POSTAGE,1,2010-01-11 09:37:00,311.56,,United Kingdom,311.56,2010-01,True
494018,DOT,DOTCOM POSTAGE,1,2010-01-11 09:37:00,242.3,,United Kingdom,242.3,2010-01,True
494019,DOT,DOTCOM POSTAGE,1,2010-01-11 09:38:00,148.36,,United Kingdom,148.36,2010-01,True
C494024,M,MANUAL,-1,2010-01-11 10:09:00,17.6,12959,United Kingdom,-17.6,2010-01,True
494042,M,MANUAL,1,2010-01-11 11:57:00,975.11,12510,Spain,975.11,2010-01,True
494045,M,MANUAL,1,2010-01-11 12:01:00,435.88,12510,Spain,435.88,2010-01,True
494144,DOT,DOTCOM POSTAGE,1,2010-01-11 14:35:00,239.2,,United Kingdom,239.2,2010-01,True
494146,POST,POSTAGE,2,2010-01-11 14:37:00,15.0,14646,Netherlands,30.0,2010-01,True
494147,DCGS0058,MISO PRETTY  GUM,1,2010-01-11 14:39:00,0.81,,United Kingdom,0.81,2010-01,True
494147,DOT,DOTCOM POSTAGE,1,2010-01-11 14:39:00,225.76,,United Kingdom,225.76,2010-01,True
494166,DOT,DOTCOM POSTAGE,1,2010-01-12 09:48:00,291.71,,United Kingdom,291.71,2010-01,True
494170,POST,POSTAGE,6,2010-01-12 10:36:00,18.0,12600,Germany,108.0,2010-01,True
494213,M,MANUAL,1,2010-01-12 11:40:00,0.85,17945,United Kingdom,0.85,2010-01,True
494214,POST,POSTAGE,10,2010-01-12 11:45:00,18.0,12623,Germany,180.0,2010-01,True
C494215,POST,POSTAGE,-4,2010-01-12 11:56:00,18.0,12623,Germany,-72.0,2010-01,True
494234,POST,POSTAGE,1,2010-01-12 15:01:00,5.0,12549,USA,5.0,2010-01,True
494268,POST,POSTAGE,2,2010-01-12 17:24:00,18.0,12649,Germany,36.0,2010-01,True
494280,POST,POSTAGE,4,2010-01-13 10:43:00,18.0,12682,France,72.0,2010-01,True
C494347,M,MANUAL,-1,2010-01-13 14:20:00,751.11,12510,Spain,-751.11,2010-01,True
494348,M,MANUAL,1,2010-01-13 14:25:00,546.95,14156,EIRE,546.95,2010-01,True
494351,M,MANUAL,1,2010-01-13 14:48:00,354.45,14277,France,354.45,2010-01,True
C494353,M,MANUAL,-1,2010-01-13 14:50:00,323.88,12510,Spain,-323.88,2010-01,True
C494352,M,MANUAL,-1,2010-01-13 14:50:00,546.95,14156,EIRE,-546.95,2010-01,True
C494355,POST,POSTAGE,-1,2010-01-13 15:04:00,174.75,12510,Spain,-174.75,2010-01,True
C494356,M,MANUAL,-1,2010-01-13 15:06:00,780.52,14911,EIRE,-780.52,2010-01,True
494357,POST,POSTAGE,13,2010-01-13 15:06:00,18.0,12647,Germany,234.0,2010-01,True
C494360,POST,POSTAGE,-1,2010-01-13 15:32:00,161.25,12510,Spain,-161.25,2010-01,True
C494368,POST,POSTAGE,-1,2010-01-13 16:11:00,4.41,15152,United Kingdom,-4.41,2010-01,True
494378,DOT,DOTCOM POSTAGE,1,2010-01-13 17:03:00,407.75,,United Kingdom,407.75,2010-01,True
494379,DOT,DOTCOM POSTAGE,1,2010-01-13 17:08:00,262.47,,United Kingdom,262.47,2010-01,True
494381,DOT,DOTCOM POSTAGE,1,2010-01-13 17:44:00,378.8,,United Kingdom,378.8,2010-01,True
494381,gift_0001_30,DOTCOMGIFTSHOP GIFT VOUCHER £30.00,1,2010-01-13 17:44:00,25.53,,United Kingdom,25.53,2010-01,True
494382,DOT,DOTCOM POSTAGE,1,2010-01-13 17:51:00,256.05,,United Kingdom,256.05,2010-01,True
494386,DOT,DOTCOM POSTAGE,1,2010-01-14 09:41:00,441.1,,United Kingdom,441.1,2010-01,True
494387,DOT,DOTCOM POSTAGE,1,2010-01-14 09:46:00,252.48,,United Kingdom,252.48,2010-01,True
C494438,BANK CHARGES,BANK CHARGES,-1,2010-01-14 12:15:00,767.99,,United Kingdom,-767.99,2010-01,True
494450,TEST001,THIS IS A TEST PRODUCT.,5,2010-01-14 13:50:00,4.5,12346,United Kingdom,22.5,2010-01,True
C494472,gift_0001_80,DOTCOMGIFTSHOP GIFT VOUCHER £80.00,-1,2010-01-14 14:51:00,69.56,,United Kingdom,-69.56,2010-01,True
C494477,M,MANUAL,-1,2010-01-14 15:40:00,1747.62,,United Kingdom,-1747.62,2010-01,True
494495,DOT,DOTCOM POSTAGE,1,2010-01-14 17:43:00,344.17,,United Kingdom,344.17,2010-01,True
494511,POST,POSTAGE,6,2010-01-15 09:04:00,15.0,12431,Belgium,90.0,2010-01,True
494513,POST,POSTAGE,3,2010-01-15 09:37:00,15.0,12431,Belgium,45.0,2010-01,True
494591,POST,POSTAGE,1,2010-01-15 12:06:00,15.0,12789,Netherlands,15.0,2010-01,True
494630,POST,POSTAGE,1,2010-01-15 16:52:00,18.0,12813,Netherlands,18.0,2010-01,True
494685,DOT,DOTCOM POSTAGE,1,2010-01-18 11:39:00,307.59,,United Kingdom,307.59,2010-01,True
494782,DOT,DOTCOM POSTAGE,1,2010-01-18 13:15:00,345.65,,United Kingdom,345.65,2010-01,True
494784,DOT,DOTCOM POSTAGE,1,2010-01-18 13:20:00,266.66,,United Kingdom,266.66,2010-01,True
494786,DOT,DOTCOM POSTAGE,1,2010-01-18 13:24:00,224.93,,United Kingdom,224.93,2010-01,True
C494810,POST,POSTAGE,-1,2010-01-18 16:28:00,4.45,,United Kingdom,-4.45,2010-01,True
494814,DCGS0058,MISO PRETTY  GUM,1,2010-01-19 09:05:00,0.81,,United Kingdom,0.81,2010-01,True
494814,DOT,DOTCOM POSTAGE,1,2010-01-19 09:05:00,451.02,,United Kingdom,451.02,2010-01,True
494873,POST,POSTAGE,3,2010-01-19 12:26:00,18.0,12589,France,54.0,2010-01,True
494899,POST,POSTAGE,4,2010-01-19 14:37:00,18.0,12437,France,72.0,2010-01,True
C494909,D,DISCOUNT,-30,2010-01-19 16:45:00,0.4,12931,United Kingdom,-12.0,2010-01,True
C494909,D,DISCOUNT,-30,2010-01-19 16:45:00,0.13,12931,United Kingdom,-3.9000000000000004,2010-01,True
494914,PADS,PADS TO MATCH ALL CUSHIONS,1,2010-01-19 17:04:00,0.001,16705,United Kingdom,0.001,2010-01,True
494918,DCGS0068,DOGS NIGHT COLLAR,1,2010-01-19 17:49:00,8.47,,United Kingdom,8.47,2010-01,True
494918,DOT,DOTCOM POSTAGE,1,2010-01-19 17:49:00,1081.7,,United Kingdom,1081.7,2010-01,True
C494984,D,DISCOUNT,-1,2010-01-20 11:12:00,70.0,17949,United Kingdom,-70.0,2010-01,True
C494992,M,MANUAL,-10,2010-01-20 12:04:00,1.25,14290,United Kingdom,-12.5,2010-01,True
C495054,M,MANUAL,-1,2010-01-20 14:43:00,756.85,14911,EIRE,-756.85,2010-01,True
495055,M,MANUAL,1,2010-01-20 14:46:00,756.85,14911,EIRE,756.85,2010-01,True
495056,M,MANUAL,1,2010-01-20 14:50:00,756.85,14911,EIRE,756.85,2010-01,True
495070,DOT,DOTCOM POSTAGE,1,2010-01-20 17:50:00,687.39,,United Kingdom,687.39,2010-01,True
C495231,M,MANUAL,-1,2010-01-22 09:13:00,756.85,14911,EIRE,-756.85,2010-01,True
C495234,M,MANUAL,-1,2010-01-22 09:39:00,1193.89,14156,EIRE,-1193.89,2010-01,True
495235,M,MANUAL,1,2010-01-22 09:40:00,1193.89,14156,EIRE,1193.89,2010-01,True
495239,DOT,DOTCOM POSTAGE,1,2010-01-22 10:01:00,649.83,,United Kingdom,649.83,2010-01,True
495277,C2,CARRIAGE,1,2010-01-22 11:41:00,50.0,14911,EIRE,50.0,2010-01,True
495280,POST,POSTAGE,2,2010-01-22 12:24:00,18.0,12708,Germany,36.0,2010-01,True
495295,TEST001,THIS IS A TEST PRODUCT.,5,2010-01-22 13:30:00,4.5,12346,United Kingdom,22.5,2010-01,True
495300,POST,POSTAGE,8,2010-01-22 13:39:00,28.0,12510,Spain,224.0,2010-01,True
495304,C2,CARRIAGE,1,2010-01-22 13:52:00,50.0,14156,EIRE,50.0,2010-01,True
495310,POST,POSTAGE,9,2010-01-22 14:17:00,18.0,12531,Germany,162.0,2010-01,True
495343,DOT,DOTCOM POSTAGE,1,2010-01-22 18:05:00,343.61,,United Kingdom,343.61,2010-01,True
495343,gift_0001_30,DOTCOMGIFTSHOP GIFT VOUCHER £30.00,1,2010-01-22 18:05:00,25.53,,United Kingdom,25.53,2010-01,True
495360,POST,POSTAGE,3,2010-01-24 12:05:00,18.0,12703,Germany,54.0,2010-01,True
495406,DOT,DOTCOM POSTAGE,1,2010-01-25 09:54:00,215.64,,United Kingdom,215.64,2010-01,True
495409,M,MANUAL,1,2010-01-25 10:26:00,29.95,17810,United Kingdom,29.95,2010-01,True
495488,C2,CARRIAGE,1,2010-01-25 12:19:00,50.0,14911,EIRE,50.0,2010-01,True
495535,DOT,DOTCOM POSTAGE,1,2010-01-25 15:36:00,13.4,,United Kingdom,13.4,2010-01,True
495537,DOT,DOTCOM POSTAGE,1,2010-01-25 15:38:00,14.26,,United Kingdom,14.26,2010-01,True
495538,DOT,DOTCOM POSTAGE,1,2010-01-25 15:38:00,10.04,,United Kingdom,10.04,2010-01,True
495539,DOT,DOTCOM POSTAGE,1,2010-01-25 15:39:00,16.77,,United Kingdom,16.77,2010-01,True
495540,DOT,DOTCOM POSTAGE,1,2010-01-25 15:40:00,23.45,,United Kingdom,23.45,2010-01,True
495541,DOT,DOTCOM POSTAGE,1,2010-01-25 15:41:00,20.98,,United Kingdom,20.98,2010-01,True
495542,DOT,DOTCOM POSTAGE,1,2010-01-25 15:42:00,20.13,,United Kingdom,20.13,2010-01,True
495543,DOT,DOTCOM POSTAGE,1,2010-01-25 15:42:00,28.51,,United Kingdom,28.51,2010-01,True
495545,DOT,DOTCOM POSTAGE,1,2010-01-25 15:42:00,25.15,,United Kingdom,25.15,2010-01,True
C495552,M,MANUAL,-144,2010-01-25 16:22:00,0.35,13206,United Kingdom,-50.4,2010-01,True
C495552,M,MANUAL,-132,2010-01-25 16:22:00,0.35,13206,United Kingdom,-46.199999999999996,2010-01,True
495574,DCGS0076,SUNJAR LED NIGHT NIGHT LIGHT,1,2010-01-25 17:36:00,16.13,,United Kingdom,16.13,2010-01,True
495574,DOT,DOTCOM POSTAGE,1,2010-01-25 17:36:00,198.58,,United Kingdom,198.58,2010-01,True
C495579,M,MANUAL,-1,2010-01-26 09:52:00,4.93,12600,Germany,-4.93,2010-01,True
495581,POST,POSTAGE,2,2010-01-26 10:09:00,18.0,12468,Germany,36.0,2010-01,True
495609,POST,POSTAGE,3,2010-01-26 10:36:00,18.0,12471,Germany,54.0,2010-01,True
495719,POST,POSTAGE,1,2010-01-26 14:37:00,15.0,12361,Belgium,15.0,2010-01,True
495725,POST,POSTAGE,4,2010-01-26 15:03:00,18.0,12681,France,72.0,2010-01,True
495732,ADJUST,ADJUSTMENT BY JOHN ON 26/01/2010 16,1,2010-01-26 16:20:00,96.46,,EIRE,96.46,2010-01,True
495733,ADJUST,ADJUSTMENT BY JOHN ON 26/01/2010 16,1,2010-01-26 16:21:00,68.34,14911,EIRE,68.34,2010-01,True
495735,ADJUST,ADJUSTMENT BY JOHN ON 26/01/2010 16,1,2010-01-26 16:22:00,201.56,12745,EIRE,201.56,2010-01,True
495734,ADJUST,ADJUSTMENT BY JOHN ON 26/01/2010 16,1,2010-01-26 16:22:00,205.82,14911,EIRE,205.82,2010-01,True
C495737,ADJUST,ADJUSTMENT BY JOHN ON 26/01/2010 16,-1,2010-01-26 16:23:00,10.5,16154,United Kingdom,-10.5,2010-01,True
495736,ADJUST,ADJUSTMENT BY JOHN ON 26/01/2010 16,1,2010-01-26 16:23:00,21.0,12606,Spain,21.0,2010-01,True
C495740,ADJUST,ADJUSTMENT BY JOHN ON 26/01/2010 16,-1,2010-01-26 16:24:00,14.0,13054,United Kingdom,-14.0,2010-01,True
C495738,ADJUST,ADJUSTMENT BY JOHN ON 26/01/2010 16,-1,2010-01-26 16:24:00,26.25,12454,Spain,-26.25,2010-01,True
C495739,ADJUST,ADJUSTMENT BY JOHN ON 26/01/2010 16,-1,2010-01-26 16:24:00,10.5,15383,United Kingdom,-10.5,2010-01,True
C495744,ADJUST,ADJUSTMENT BY JOHN ON 26/01/2010 16,-1,2010-01-26 16:25:00,91.89,12706,Finland,-91.89,2010-01,True
495742,ADJUST,ADJUSTMENT BY JOHN ON 26/01/2010 16,1,2010-01-26 16:25:00,63.24,12404,Finland,63.24,2010-01,True
C495741,ADJUST,ADJUSTMENT BY JOHN ON 26/01/2010 16,-1,2010-01-26 16:25:00,13.14,16840,United Kingdom,-13.14,2010-01,True
C495743,ADJUST,ADJUSTMENT BY JOHN ON 26/01/2010 16,-1,2010-01-26 16:25:00,18.38,12382,Netherlands,-18.38,2010-01,True
495745,ADJUST,ADJUSTMENT BY JOHN ON 26/01/2010 16,1,2010-01-26 16:26:00,56.73,12466,France,56.73,2010-01,True
495748,ADJUST,ADJUSTMENT BY JOHN ON 26/01/2010 16,1,2010-01-26 16:26:00,117.72,16291,Portugal,117.72,2010-01,True
495747,ADJUST,ADJUSTMENT BY JOHN ON 26/01/2010 16,1,2010-01-26 16:26:00,129.23,12555,Spain,129.23,2010-01,True
495750,ADJUST,ADJUSTMENT BY JOHN ON 26/01/2010 16,1,2010-01-26 16:27:00,132.79,14156,EIRE,132.79,2010-01,True
495752,ADJUST,ADJUSTMENT BY JOHN ON 26/01/2010 16,1,2010-01-26 16:28:00,130.56,,EIRE,130.56,2010-01,True
C495751,ADJUST,ADJUSTMENT BY JOHN ON 26/01/2010 16,-1,2010-01-26 16:28:00,26.19,12858,United Kingdom,-26.19,2010-01,True
495756,ADJUST,ADJUSTMENT BY JOHN ON 26/01/2010 16,1,2010-01-26 16:29:00,39.67,14912,Italy,39.67,2010-01,True
495755,ADJUST,ADJUSTMENT BY JOHN ON 26/01/2010 16,1,2010-01-26 16:29:00,342.8,14413,United Kingdom,342.8,2010-01,True
495753,ADJUST,ADJUSTMENT BY JOHN ON 26/01/2010 16,1,2010-01-26 16:29:00,178.31,14653,United Kingdom,178.31,2010-01,True
495754,ADJUST,ADJUSTMENT BY JOHN ON 26/01/2010 16,1,2010-01-26 16:29:00,15.58,12846,United Kingdom,15.58,2010-01,True
C495757,ADJUST,ADJUSTMENT BY JOHN ON 26/01/2010 16,-1,2010-01-26 16:30:00,10.49,16575,United Kingdom,-10.49,2010-01,True
495758,ADJUST,ADJUSTMENT BY JOHN ON 26/01/2010 16,1,2010-01-26 16:30:00,274.2,14911,EIRE,274.2,2010-01,True
C495759,ADJUST,ADJUSTMENT BY JOHN ON 26/01/2010 16,-1,2010-01-26 16:31:00,15.75,12647,Germany,-15.75,2010-01,True
495760,ADJUST,ADJUSTMENT BY JOHN ON 26/01/2010 16,1,2010-01-26 16:31:00,64.13,14156,EIRE,64.13,2010-01,True
C495761,ADJUST,ADJUSTMENT BY JOHN ON 26/01/2010 16,-1,2010-01-26 16:31:00,13.14,13664,United Kingdom,-13.14,2010-01,True
C495762,ADJUST,ADJUSTMENT BY JOHN ON 26/01/2010 16,-1,2010-01-26 16:32:00,125.78,14285,United Kingdom,-125.78,2010-01,True
495763,ADJUST,ADJUSTMENT BY JOHN ON 26/01/2010 16,1,2010-01-26 16:34:00,107.14,16047,EIRE,107.14,2010-01,True
C495764,ADJUST,ADJUSTMENT BY JOHN ON 26/01/2010 16,-1,2010-01-26 16:35:00,13.13,12792,Portugal,-13.13,2010-01,True
495766,ADJUST,ADJUSTMENT BY JOHN ON 26/01/2010 16,1,2010-01-26 16:38:00,84.58,12709,Germany,84.58,2010-01,True
C495767,ADJUST,ADJUSTMENT BY JOHN ON 26/01/2010 16,-1,2010-01-26 16:39:00,50.76,12696,Finland,-50.76,2010-01,True
C495769,ADJUST,ADJUSTMENT BY JOHN ON 26/01/2010 16,-1,2010-01-26 16:47:00,18.38,17130,United Kingdom,-18.38,2010-01,True
C495770,ADJUST,ADJUSTMENT BY JOHN ON 26/01/2010 16,-1,2010-01-26 16:49:00,36.75,15357,Unspecified,-36.75,2010-01,True
C495771,ADJUST,ADJUSTMENT BY JOHN ON 26/01/2010 16,-1,2010-01-26 16:51:00,13.12,13776,United Kingdom,-13.12,2010-01,True
C495772,ADJUST,ADJUSTMENT BY JOHN ON 26/01/2010 16,-1,2010-01-26 16:55:00,22.95,12600,Germany,-22.95,2010-01,True
495773,ADJUST,ADJUSTMENT BY JOHN ON 26/01/2010 16,1,2010-01-26 16:57:00,4.57,12600,Germany,4.57,2010-01,True
C495775,M,MANUAL,-16,2010-01-26 16:59:00,2.5,13528,United Kingdom,-40.0,2010-01,True
495776,ADJUST,ADJUSTMENT BY JOHN ON 26/01/2010 17,1,2010-01-26 17:03:00,49.35,17940,United Kingdom,49.35,2010-01,True
495777,ADJUST,ADJUSTMENT BY JOHN ON 26/01/2010 17,1,2010-01-26 17:05:00,179.45,14156,EIRE,179.45,2010-01,True
C495778,ADJUST,ADJUSTMENT BY JOHN ON 26/01/2010 17,-1,2010-01-26 17:07:00,10.51,15266,United Kingdom,-10.51,2010-01,True
495780,ADJUST,ADJUSTMENT BY JOHN ON 26/01/2010 17,1,2010-01-26 17:08:00,16.33,17867,United Kingdom,16.33,2010-01,True
C495779,ADJUST,ADJUSTMENT BY JOHN ON 26/01/2010 17,-1,2010-01-26 17:08:00,15.74,16168,United Kingdom,-15.74,2010-01,True
495781,ADJUST,ADJUSTMENT BY JOHN ON 26/01/2010 17,1,2010-01-26 17:09:00,15.36,,United Kingdom,15.36,2010-01,True
495782,ADJUST,ADJUSTMENT BY JOHN ON 26/01/2010 17,1,2010-01-26 17:10:00,139.71,14156,EIRE,139.71,2010-01,True
495783,ADJUST,ADJUSTMENT BY JOHN ON 26/01/2010 17,1,2010-01-26 17:11:00,48.96,14380,United Kingdom,48.96,2010-01,True
495784,ADJUST,ADJUSTMENT BY JOHN ON 26/01/2010 17,1,2010-01-26 17:11:00,11.31,14156,EIRE,11.31,2010-01,True
C495785,ADJUST,ADJUSTMENT BY JOHN ON 26/01/2010 17,-1,2010-01-26 17:12:00,23.63,13468,United Kingdom,-23.63,2010-01,True
495788,ADJUST,ADJUSTMENT BY JOHN ON 26/01/2010 17,1,2010-01-26 17:16:00,11.9,14156,EIRE,11.9,2010-01,True
C495789,ADJUST,ADJUSTMENT BY JOHN ON 26/01/2010 17,-1,2010-01-26 17:17:00,503.19,,United Kingdom,-503.19,2010-01,True
C495790,ADJUST,ADJUSTMENT BY JOHN ON 26/01/2010 17,-1,2010-01-26 17:18:00,21.85,13136,United Kingdom,-21.85,2010-01,True
495791,ADJUST,ADJUSTMENT BY JOHN ON 26/01/2010 17,1,2010-01-26 17:19:00,243.63,14079,United Kingdom,243.63,2010-01,True
495792,ADJUST,ADJUSTMENT BY JOHN ON 26/01/2010 17,1,2010-01-26 17:20:00,114.89,17672,United Kingdom,114.89,2010-01,True
C495793,ADJUST,ADJUSTMENT BY JOHN ON 26/01/2010 17,-1,2010-01-26 17:21:00,36.75,12497,Germany,-36.75,2010-01,True
495794,ADJUST,ADJUSTMENT BY JOHN ON 26/01/2010 17,1,2010-01-26 17:22:00,41.09,12471,Germany,41.09,2010-01,True
495795,ADJUST,ADJUSTMENT BY JOHN ON 26/01/2010 17,1,2010-01-26 17:23:00,27.82,15702,Nigeria,27.82,2010-01,True
C495796,ADJUST,ADJUSTMENT BY JOHN ON 26/01/2010 17,-1,2010-01-26 17:24:00,15.76,14358,United Kingdom,-15.76,2010-01,True
495798,ADJUST,ADJUSTMENT BY JOHN ON 26/01/2010 17,1,2010-01-26 17:25:00,5117.03,,United Kingdom,5117.03,2010-01,True
C495797,ADJUST,ADJUSTMENT BY JOHN ON 26/01/2010 17,-1,2010-01-26 17:25:00,10.51,12826,United Kingdom,-10.51,2010-01,True
495799,ADJUST,ADJUSTMENT BY JOHN ON 26/01/2010 17,1,2010-01-26 17:26:00,81.61,13327,United Kingdom,81.61,2010-01,True
C495800,ADJUST,ADJUSTMENT BY JOHN ON 26/01/2010 17,-1,2010-01-26 17:27:00,103.5,12346,United Kingdom,-103.5,2010-01,True
495801,ADJUST,ADJUSTMENT BY JOHN ON 26/01/2010 17,1,2010-01-26 17:28:00,77.52,12570,Spain,77.52,2010-01,True
495802,ADJUST,ADJUSTMENT BY JOHN ON 26/01/2010 17,1,2010-01-26 17:28:00,387.54,12748,United Kingdom,387.54,2010-01,True
C495803,ADJUST,ADJUSTMENT BY JOHN ON 26/01/2010 17,-1,2010-01-26 17:29:00,59.1,,EIRE,-59.1,2010-01,True
495804,DOT,DOTCOM POSTAGE,1,2010-01-26 17:48:00,188.55,,United Kingdom,188.55,2010-01,True
495805,DOT,DOTCOM POSTAGE,1,2010-01-26 17:51:00,159.97,,United Kingdom,159.97,2010-01,True
C495911,D,DISCOUNT,-1,2010-01-27 12:48:00,19.88,15911,United Kingdom,-19.88,2010-01,True
C495922,POST,POSTAGE,-1,2010-01-27 14:09:00,5.15,,United Kingdom,-5.15,2010-01,True
495951,DOT,DOTCOM POSTAGE,1,2010-01-27 17:44:00,202.84,,United Kingdom,202.84,2010-01,True
495952,DOT,DOTCOM POSTAGE,1,2010-01-27 17:53:00,289.91,,United Kingdom,289.91,2010-01,True
495953,DOT,DOTCOM POSTAGE,1,2010-01-27 17:56:00,236.69,,United Kingdom,236.69,2010-01,True
C495961,D,DISCOUNT,-150,2010-01-28 10:08:00,0.55,17949,United Kingdom,-82.5,2010-01,True
C496009,D,DISCOUNT,-1,2010-01-28 12:41:00,28.5,17841,United Kingdom,-28.5,2010-01,True
496059,M,MANUAL,1,2010-01-28 15:26:00,20.0,16535,United Kingdom,20.0,2010-01,True
496095,POST,POSTAGE,3,2010-01-29 10:15:00,28.0,12484,Spain,84.0,2010-01,True
C496114,M,MANUAL,-1,2010-01-29 10:55:00,24.6,17949,United Kingdom,-24.6,2010-01,True
496115,M,MANUAL,1,2010-01-29 11:04:00,8985.6,17949,United Kingdom,8985.6,2010-01,True
C496116,M,MANUAL,-1,2010-01-29 11:05:00,8985.6,17949,United Kingdom,-8985.6,2010-01,True
C496118,M,MANUAL,-1,2010-01-29 11:06:00,1065.54,17940,United Kingdom,-1065.54,2010-01,True
C496123,M,MANUAL,-3,2010-01-29 11:07:00,55.01,17943,United Kingdom,-165.03,2010-01,True
496222,PADS,PADS TO MATCH ALL CUSHIONS,1,2010-01-29 13:53:00,0.001,13583,United Kingdom,0.001,2010-01,True
496247,DOT,DOTCOM POSTAGE,1,2010-01-29 16:11:00,130.09,,United Kingdom,130.09,2010-01,True
496247,gift_0001_20,DOTCOMGIFTSHOP GIFT VOUCHER £20.00,1,2010-01-29 16:11:00,17.02,,United Kingdom,17.02,2010-01,True
C496269,M,MANUAL,-1,2010-01-29 16:39:00,244.77,17940,United Kingdom,-244.77,2010-01,True
C496289,POST,POSTAGE,-1,2010-01-29 17:27:00,9.58,,United Kingdom,-9.58,2010-01,True
496290,DOT,DOTCOM POSTAGE,1,2010-01-29 17:55:00,265.66,,United Kingdom,265.66,2010-01,True
496325,POST,POSTAGE,2,2010-01-31 13:05:00,18.0,12490,France,36.0,2010-01,True
496326,POST,POSTAGE,2,2010-01-31 13:28:00,40.0,12483,Sweden,80.0,2010-01,True
C496328,POST,POSTAGE,-1,2010-01-31 13:32:00,40.0,12483,Sweden,-40.0,2010-01,True
496340,POST,POSTAGE,13,2010-01-31 15:45:00,18.0,12668,Germany,234.0,2010-01,True
C496350,M,MANUAL,1,2010-02-01 08:24:00,373.57,,United Kingdom,373.57,2010-02,True
496357,POST,POSTAGE,2,2010-02-01 10:10:00,28.0,12540,Spain,56.0,2010-02,True
C496358,POST,POSTAGE,-2,2010-02-01 10:12:00,28.0,12540,Spain,-56.0,2010-02,True
496359,POST,POSTAGE,2,2010-02-01 10:13:00,28.0,12540,Spain,56.0,2010-02,True
496366,DOT,DOTCOM POSTAGE,1,2010-02-01 11:16:00,12.55,,United Kingdom,12.55,2010-02,True
496365,DOT,DOTCOM POSTAGE,1,2010-02-01 11:16:00,6.94,,United Kingdom,6.94,2010-02,True
496367,DOT,DOTCOM POSTAGE,1,2010-02-01 11:17:00,20.94,,United Kingdom,20.94,2010-02,True
496368,DOT,DOTCOM POSTAGE,1,2010-02-01 11:19:00,33.53,,United Kingdom,33.53,2010-02,True
496371,DOT,DOTCOM POSTAGE,1,2010-02-01 11:20:00,25.96,,United Kingdom,25.96,2010-02,True
496369,DOT,DOTCOM POSTAGE,1,2010-02-01 11:20:00,33.57,,United Kingdom,33.57,2010-02,True
496372,DOT,DOTCOM POSTAGE,1,2010-02-01 11:21:00,13.4,,United Kingdom,13.4,2010-02,True
496373,POST,POSTAGE,4,2010-02-01 11:30:00,18.0,12711,Germany,72.0,2010-02,True
496381,POST,POSTAGE,2,2010-02-01 11:44:00,18.0,12647,Germany,36.0,2010-02,True
496439,POST,POSTAGE,2,2010-02-01 13:16:00,28.0,12800,Portugal,56.0,2010-02,True
496467,M,MANUAL,1,2010-02-01 15:17:00,818.19,15480,Malta,818.19,2010-02,True
C496468,M,MANUAL,-1,2010-02-01 15:18:00,818.19,15480,Malta,-818.19,2010-02,True
496473,PADS,PADS TO MATCH ALL CUSHIONS,1,2010-02-01 15:38:00,0.001,17350,United Kingdom,0.001,2010-02,True
496487,DOT,DOTCOM POSTAGE,1,2010-02-01 17:13:00,245.56,,United Kingdom,245.56,2010-02,True
496490,DOT,DOTCOM POSTAGE,1,2010-02-01 17:18:00,180.88,,United Kingdom,180.88,2010-02,True
496510,C2,CARRIAGE,1,2010-02-02 10:47:00,50.0,14016,EIRE,50.0,2010-02,True
C496515,D,DISCOUNT,-1,2010-02-02 11:58:00,13.0,17377,United Kingdom,-13.0,2010-02,True
496584,M,MANUAL,1,2010-02-02 14:11:00,608.5,14911,EIRE,608.5,2010-02,True
C496586,M,MANUAL,-1,2010-02-02 14:20:00,608.5,14911,EIRE,-608.5,2010-02,True
C496598,POST,POSTAGE,-1,2010-02-02 16:18:00,5.0,16454,United Kingdom,-5.0,2010-02,True
496615,DOT,DOTCOM POSTAGE,1,2010-02-03 08:50:00,180.37,,United Kingdom,180.37,2010-02,True
496616,POST,POSTAGE,4,2010-02-03 09:03:00,18.0,12682,France,72.0,2010-02,True
496617,POST,POSTAGE,2,2010-02-03 09:06:00,15.0,12805,Netherlands,30.0,2010-02,True
496643,PADS,PADS TO MATCH ALL CUSHIONS,1,2010-02-03 11:58:00,0.001,13408,United Kingdom,0.001,2010-02,True
496725,M,MANUAL,1,2010-02-03 14:16:00,1.5,13619,United Kingdom,1.5,2010-02,True
496800,DOT,DOTCOM POSTAGE,1,2010-02-03 17:04:00,272.7,,United Kingdom,272.7,2010-02,True
496801,DOT,DOTCOM POSTAGE,1,2010-02-03 17:06:00,183.67,,United Kingdom,183.67,2010-02,True
496864,POST,POSTAGE,2,2010-02-04 12:08:00,40.0,12373,Austria,80.0,2010-02,True
496872,M,MANUAL,2,2010-02-04 13:34:00,0.5,14648,United Kingdom,1.0,2010-02,True
496872,M,MANUAL,1,2010-02-04 13:34:00,1.0,14648,United Kingdom,1.0,2010-02,True
496914,POST,POSTAGE,5,2010-02-04 15:20:00,18.0,12500,Germany,90.0,2010-02,True
496916,POST,POSTAGE,1,2010-02-04 15:33:00,51.0,12490,France,51.0,2010-02,True
496975,POST,POSTAGE,2,2010-02-05 09:14:00,18.0,12712,Germany,36.0,2010-02,True
496976,POST,POSTAGE,1,2010-02-05 09:28:00,18.0,12500,Germany,18.0,2010-02,True
496979,DOT,DOTCOM POSTAGE,1,2010-02-05 09:58:00,235.91,,United Kingdom,235.91,2010-02,True
C497008,POST,POSTAGE,-1,2010-02-05 12:33:00,0.61,,United Kingdom,-0.61,2010-02,True
C497028,M,MANUAL,-1,2010-02-05 13:21:00,4.8,18087,United Kingdom,-4.8,2010-02,True
497039,M,MANUAL,1,2010-02-05 14:34:00,102.84,13758,United Kingdom,102.84,2010-02,True
C497051,POST,POSTAGE,-1,2010-02-05 14:45:00,8.97,13093,United Kingdom,-8.97,2010-02,True
C497158,D,DISCOUNT,-190,2010-02-05 16:27:00,2.35,18102,United Kingdom,-446.5,2010-02,True
497166,DOT,DOTCOM POSTAGE,1,2010-02-05 17:21:00,178.31,,United Kingdom,178.31,2010-02,True
497201,POST,POSTAGE,7,2010-02-07 11:37:00,18.0,12681,France,126.0,2010-02,True
497210,POST,POSTAGE,1,2010-02-07 12:41:00,15.0,12402,Belgium,15.0,2010-02,True
497218,POST,POSTAGE,1,2010-02-07 14:27:00,18.0,12644,Germany,18.0,2010-02,True
497238,POST,POSTAGE,5,2010-02-08 10:34:00,18.0,12472,Germany,90.0,2010-02,True
C497262,M,MANUAL,-1,2010-02-08 13:14:00,503.9,,United Arab Emirates,-503.9,2010-02,True
497270,M,MANUAL,1,2010-02-08 13:38:00,503.9,,United Arab Emirates,503.9,2010-02,True
497336,POST,POSTAGE,4,2010-02-08 14:41:00,18.0,12524,Germany,72.0,2010-02,True
497337,C2,CARRIAGE,1,2010-02-08 14:53:00,50.0,14911,EIRE,50.0,2010-02,True
C497338,M,MANUAL,-1,2010-02-08 15:06:00,365.1,14911,EIRE,-365.1,2010-02,True
497339,M,MANUAL,1,2010-02-08 15:08:00,365.1,14911,EIRE,365.1,2010-02,True
497340,POST,POSTAGE,1,2010-02-08 15:11:00,18.0,12665,Germany,18.0,2010-02,True
497347,M,MANUAL,2,2010-02-08 16:06:00,0.5,17774,United Kingdom,1.0,2010-02,True
497353,DOT,DOTCOM POSTAGE,1,2010-02-08 16:48:00,249.9,,United Kingdom,249.9,2010-02,True
497354,DOT,DOTCOM POSTAGE,1,2010-02-08 16:53:00,170.38,,United Kingdom,170.38,2010-02,True
497360,POST,POSTAGE,13,2010-02-09 09:17:00,18.0,12437,France,234.0,2010-02,True
497363,POST,POSTAGE,4,2010-02-09 09:41:00,40.0,12370,Austria,160.0,2010-02,True
497371,POST,POSTAGE,3,2010-02-09 10:24:00,18.0,12471,Germany,54.0,2010-02,True
497374,POST,POSTAGE,2,2010-02-09 10:49:00,18.0,12645,Germany,36.0,2010-02,True
C497375,M,MANUAL,-1,2010-02-09 10:51:00,29.95,17810,United Kingdom,-29.95,2010-02,True
497376,POST,POSTAGE,2,2010-02-09 11:11:00,18.0,12683,France,36.0,2010-02,True
497377,POST,POSTAGE,3,2010-02-09 11:37:00,18.0,12490,France,54.0,2010-02,True
497383,POST,POSTAGE,2,2010-02-09 12:01:00,18.0,12621,Germany,36.0,2010-02,True
497384,POST,POSTAGE,6,2010-02-09 12:03:00,18.0,12647,Germany,108.0,2010-02,True
497391,POST,POSTAGE,2,2010-02-09 12:38:00,18.0,12523,France,36.0,2010-02,True
497394,POST,POSTAGE,1,2010-02-09 13:08:00,18.0,12681,France,18.0,2010-02,True
497404,POST,POSTAGE,2,2010-02-09 14:28:00,18.0,12663,Germany,36.0,2010-02,True
497493,DOT,DOTCOM POSTAGE,1,2010-02-09 17:38:00,185.33,,United Kingdom,185.33,2010-02,True
497496,POST,POSTAGE,1,2010-02-10 09:07:00,40.0,12483,Sweden,40.0,2010-02,True
C497505,D,DISCOUNT,-1,2010-02-10 11:25:00,41.12,14593,United Kingdom,-41.12,2010-02,True
497510,POST,POSTAGE,1,2010-02-10 12:11:00,28.0,12776,Portugal,28.0,2010-02,True
497517,POST,POSTAGE,3,2010-02-10 13:04:00,18.0,13813,Germany,54.0,2010-02,True
497584,M,MANUAL,2,2010-02-10 15:10:00,1.65,,United Kingdom,3.3,2010-02,True
497590,DCGS0076,SUNJAR LED NIGHT NIGHT LIGHT,1,2010-02-10 17:59:00,16.13,,United Kingdom,16.13,2010-02,True
497590,DOT,DOTCOM POSTAGE,1,2010-02-10 17:59:00,328.26,,United Kingdom,328.26,2010-02,True
497591,DOT,DOTCOM POSTAGE,1,2010-02-10 18:02:00,252.97,,United Kingdom,252.97,2010-02,True
497594,POST,POSTAGE,2,2010-02-11 09:41:00,40.0,13520,Switzerland,80.0,2010-02,True
497593,POST,POSTAGE,1,2010-02-11 09:41:00,18.0,12474,Germany,18.0,2010-02,True
497601,POST,POSTAGE,1,2010-02-11 10:13:00,18.0,12670,France,18.0,2010-02,True
497603,POST,POSTAGE,2,2010-02-11 10:30:00,18.0,12567,France,36.0,2010-02,True
497606,POST,POSTAGE,2,2010-02-11 11:28:00,18.0,12682,France,36.0,2010-02,True
497612,POST,POSTAGE,1,2010-02-11 11:53:00,18.0,12523,France,18.0,2010-02,True
497662,POST,POSTAGE,1,2010-02-11 13:55:00,18.0,12677,France,18.0,2010-02,True
497740,POST,POSTAGE,3,2010-02-12 10:26:00,18.0,13815,Germany,54.0,2010-02,True
497819,TEST001,THIS IS A TEST PRODUCT.,5,2010-02-12 14:58:00,0.0,14103,United Kingdom,0.0,2010-02,True
497839,M,MANUAL,3,2010-02-12 15:24:00,0.85,17954,United Kingdom,2.55,2010-02,True
497843,TEST001,THIS IS A TEST PRODUCT.,5,2010-02-12 15:47:00,0.0,14827,United Kingdom,0.0,2010-02,True
497873,DOT,DOTCOM POSTAGE,1,2010-02-12 17:03:00,321.59,,United Kingdom,321.59,2010-02,True
497882,M,MANUAL,1,2010-02-14 11:42:00,100.0,12748,United Kingdom,100.0,2010-02,True
497926,POST,POSTAGE,4,2010-02-15 08:41:00,18.0,12426,Germany,72.0,2010-02,True
497935,PADS,PADS TO MATCH ALL CUSHIONS,1,2010-02-15 10:47:00,0.001,13408,United Kingdom,0.001,2010-02,True
C497951,M,MANUAL,-1,2010-02-15 12:29:00,1508.65,12380,Belgium,-1508.65,2010-02,True
497952,M,MANUAL,1,2010-02-15 12:31:00,1508.65,12380,Belgium,1508.65,2010-02,True
498114,M,MANUAL,12,2010-02-16 14:32:00,6.75,15311,United Kingdom,81.0,2010-02,True
498121,M,MANUAL,3,2010-02-16 15:27:00,7.95,17351,United Kingdom,23.85,2010-02,True
498133,DOT,DOTCOM POSTAGE,1,2010-02-16 17:24:00,543.57,,United Kingdom,543.57,2010-02,True
498134,DOT,DOTCOM POSTAGE,1,2010-02-16 17:25:00,128.78,,United Kingdom,128.78,2010-02,True
498145,C2,CARRIAGE,1,2010-02-17 10:04:00,50.0,14156,EIRE,50.0,2010-02,True
498149,C2,CARRIAGE,1,2010-02-17 10:24:00,50.0,18285,United Kingdom,50.0,2010-02,True
498269,BANK CHARGES,BANK CHARGES,1,2010-02-17 15:03:00,15.0,16928,United Kingdom,15.0,2010-02,True
C498306,POST,POSTAGE,-1,2010-02-18 09:35:00,8.22,15416,United Kingdom,-8.22,2010-02,True
C498308,POST,POSTAGE,-1,2010-02-18 09:54:00,2.14,16714,United Kingdom,-2.14,2010-02,True
C498342,POST,POSTAGE,-1,2010-02-18 11:14:00,2.7,16481,United Kingdom,-2.7,2010-02,True
498343,POST,POSTAGE,1,2010-02-18 11:19:00,1.0,12600,Germany,1.0,2010-02,True
C498420,D,DISCOUNT,-1,2010-02-18 16:25:00,947.08,14646,Netherlands,-947.08,2010-02,True
C498422,D,DISCOUNT,-1,2010-02-18 16:55:00,62.0,13694,United Kingdom,-62.0,2010-02,True
498441,DOT,DOTCOM POSTAGE,1,2010-02-19 09:37:00,271.95,,United Kingdom,271.95,2010-02,True
498443,DOT,DOTCOM POSTAGE,1,2010-02-19 09:49:00,206.49,,United Kingdom,206.49,2010-02,True
498443,gift_0001_20,DOTCOMGIFTSHOP GIFT VOUCHER £20.00,1,2010-02-19 09:49:00,17.02,,United Kingdom,17.02,2010-02,True
498444,DOT,DOTCOM POSTAGE,1,2010-02-19 09:52:00,153.76,,United Kingdom,153.76,2010-02,True
498485,DOT,DOTCOM POSTAGE,1,2010-02-19 10:49:00,42.77,,United Kingdom,42.77,2010-02,True
498486,DOT,DOTCOM POSTAGE,1,2010-02-19 10:54:00,38.64,,United Kingdom,38.64,2010-02,True
498487,DOT,DOTCOM POSTAGE,1,2010-02-19 10:54:00,35.23,,United Kingdom,35.23,2010-02,True
498489,DOT,DOTCOM POSTAGE,1,2010-02-19 10:55:00,13.4,,United Kingdom,13.4,2010-02,True
498488,DOT,DOTCOM POSTAGE,1,2010-02-19 10:55:00,15.91,,United Kingdom,15.91,2010-02,True
498490,DOT,DOTCOM POSTAGE,1,2010-02-19 10:55:00,28.55,,United Kingdom,28.55,2010-02,True
498491,DOT,DOTCOM POSTAGE,1,2010-02-19 10:56:00,47.83,,United Kingdom,47.83,2010-02,True
498492,m,MANUAL,1,2010-02-19 10:56:00,2.55,,United Kingdom,2.55,2010-02,True
498492,m,MANUAL,1,2010-02-19 10:56:00,3.4,,United Kingdom,3.4,2010-02,True
498492,DOT,DOTCOM POSTAGE,1,2010-02-19 10:56:00,31.87,,United Kingdom,31.87,2010-02,True
498493,DOT,DOTCOM POSTAGE,1,2010-02-19 11:03:00,45.36,,United Kingdom,45.36,2010-02,True
498494,DOT,DOTCOM POSTAGE,1,2010-02-19 11:06:00,17.66,,United Kingdom,17.66,2010-02,True
498495,DOT,DOTCOM POSTAGE,1,2010-02-19 11:06:00,5.87,,United Kingdom,5.87,2010-02,True
498496,DOT,DOTCOM POSTAGE,1,2010-02-19 11:06:00,10.89,,United Kingdom,10.89,2010-02,True
498497,DOT,DOTCOM POSTAGE,1,2010-02-19 11:07:00,14.26,,United Kingdom,14.26,2010-02,True
498498,DOT,DOTCOM POSTAGE,1,2010-02-19 11:07:00,40.26,,United Kingdom,40.26,2010-02,True
498500,DOT,DOTCOM POSTAGE,1,2010-02-19 11:08:00,22.68,,United Kingdom,22.68,2010-02,True
498501,DOT,DOTCOM POSTAGE,1,2010-02-19 11:08:00,16.77,,United Kingdom,16.77,2010-02,True
498499,DOT,DOTCOM POSTAGE,1,2010-02-19 11:08:00,33.66,,United Kingdom,33.66,2010-02,True
498502,DOT,DOTCOM POSTAGE,1,2010-02-19 11:09:00,20.13,,United Kingdom,20.13,2010-02,True
498518,M,MANUAL,2,2010-02-19 12:48:00,7.49,15867,United Kingdom,14.98,2010-02,True
498545,M,MANUAL,2,2010-02-19 17:02:00,1.25,13191,United Kingdom,2.5,2010-02,True
498545,M,MANUAL,2,2010-02-19 17:02:00,1.49,13191,United Kingdom,2.98,2010-02,True
498549,DOT,DOTCOM POSTAGE,1,2010-02-19 18:04:00,267.6,,United Kingdom,267.6,2010-02,True
498562,PADS,PADS TO MATCH ALL CUSHIONS,1,2010-02-21 12:03:00,0.001,15182,United Kingdom,0.001,2010-02,True
498570,M,MANUAL,2,2010-02-21 12:52:00,0.4,15059,United Kingdom,0.8,2010-02,True
498571,M,MANUAL,1,2010-02-21 12:57:00,1.25,15774,United Kingdom,1.25,2010-02,True
498768,POST,POSTAGE,5,2010-02-23 09:54:00,18.0,12727,France,90.0,2010-02,True
498780,DOT,DOTCOM POSTAGE,1,2010-02-23 10:50:00,183.11,,United Kingdom,183.11,2010-02,True
498797,M,MANUAL,1,2010-02-23 11:14:00,8.49,15493,United Kingdom,8.49,2010-02,True
498890,POST,POSTAGE,3,2010-02-23 13:21:00,18.0,12682,France,54.0,2010-02,True
498907,POST,POSTAGE,2,2010-02-23 14:52:00,18.0,12472,Germany,36.0,2010-02,True
498911,M,MANUAL,2,2010-02-23 15:27:00,0.65,16702,United Kingdom,1.3,2010-02,True
498934,DOT,DOTCOM POSTAGE,1,2010-02-24 10:42:00,133.97,,United Kingdom,133.97,2010-02,True
499020,M,MANUAL,4,2010-02-24 12:19:00,2.95,14527,United Kingdom,11.8,2010-02,True
499056,PADS,PADS TO MATCH ALL CUSHIONS,1,2010-02-24 13:46:00,0.001,13765,United Kingdom,0.001,2010-02,True
499057,M,MANUAL,3,2010-02-24 13:48:00,1.25,15898,United Kingdom,3.75,2010-02,True
499073,DOT,DOTCOM POSTAGE,1,2010-02-24 15:23:00,186.23,,United Kingdom,186.23,2010-02,True
499218,POST,POSTAGE,5,2010-02-25 11:23:00,18.0,12647,Germany,90.0,2010-02,True
499223,POST,POSTAGE,3,2010-02-25 11:45:00,18.0,12583,France,54.0,2010-02,True
499246,DOT,DOTCOM POSTAGE,1,2010-02-25 13:40:00,272.81,,United Kingdom,272.81,2010-02,True
499270,POST,POSTAGE,1,2010-02-25 16:21:00,18.0,12500,Germany,18.0,2010-02,True
C499283,POST,POSTAGE,-1,2010-02-25 18:56:00,7.06,15240,United Kingdom,-7.06,2010-02,True
499285,M,MANUAL,1,2010-02-25 19:08:00,0.85,17207,United Kingdom,0.85,2010-02,True
499314,DOT,DOTCOM POSTAGE,1,2010-02-26 10:51:00,195.94,,United Kingdom,195.94,2010-02,True
C499374,BANK CHARGES,BANK CHARGES,-1,2010-02-26 11:55:00,467.54,,United Kingdom,-467.54,2010-02,True
C499375,M,MANUAL,-1,2010-02-26 11:57:00,664.23,,United Kingdom,-664.23,2010-02,True
C499376,M,MANUAL,-1,2010-02-26 11:58:00,1466.23,,United Kingdom,-1466.23,2010-02,True
499382,POST,POSTAGE,1,2010-02-26 12:08:00,15.0,14646,Netherlands,15.0,2010-02,True
499399,PADS,PADS TO MATCH ALL CUSHIONS,1,2010-02-26 13:26:00,0.001,14459,United Kingdom,0.001,2010-02,True
499422,DOT,DOTCOM POSTAGE,1,2010-02-26 16:33:00,284.83,,United Kingdom,284.83,2010-02,True
499454,POST,POSTAGE,2,2010-02-28 10:31:00,18.0,12708,Germany,36.0,2010-02,True
499478,M,MANUAL,6,2010-02-28 12:50:00,3.75,15664,United Kingdom,22.5,2010-02,True
499482,POST,POSTAGE,3,2010-02-28 13:25:00,18.0,12471,Germany,54.0,2010-02,True
499517,POST,POSTAGE,3,2010-03-01 09:58:00,18.0,12598,France,54.0,2010-03,True
499628,M,MANUAL,1,2010-03-01 13:22:00,3.75,16521,United Kingdom,3.75,2010-03,True
499631,POST,POSTAGE,3,2010-03-01 13:29:00,28.0,12540,Spain,84.0,2010-03,True
499638,DOT,DOTCOM POSTAGE,1,2010-03-01 13:45:00,243.32,,United Kingdom,243.32,2010-03,True
499682,POST,POSTAGE,2,2010-03-02 09:25:00,18.0,12623,Germany,36.0,2010-03,True
499765,DOT,DOTCOM POSTAGE,1,2010-03-02 13:15:00,343.84,,United Kingdom,343.84,2010-03,True
499777,POST,POSTAGE,5,2010-03-02 14:01:00,18.0,12525,France,90.0,2010-03,True
499780,POST,POSTAGE,1,2010-03-02 14:19:00,119.6,12809,Portugal,119.6,2010-03,True
499858,DOT,DOTCOM POSTAGE,1,2010-03-02 17:04:00,304.24,,United Kingdom,304.24,2010-03,True
499881,POST,POSTAGE,3,2010-03-03 10:19:00,18.0,12645,Germany,54.0,2010-03,True
499895,M,MANUAL,2,2010-03-03 11:51:00,3.75,14593,United Kingdom,7.5,2010-03,True
499959,POST,POSTAGE,1,2010-03-03 12:53:00,200.0,12380,Belgium,200.0,2010-03,True
499964,POST,POSTAGE,1,2010-03-03 13:51:00,35.0,12594,Italy,35.0,2010-03,True
499965,M,MANUAL,6,2010-03-03 13:57:00,1.0,16461,United Kingdom,6.0,2010-03,True
499980,DOT,DOTCOM POSTAGE,1,2010-03-03 15:28:00,281.7,,United Kingdom,281.7,2010-03,True
499982,POST,POSTAGE,2,2010-03-03 15:56:00,18.0,12681,France,36.0,2010-03,True
499998,C2,CARRIAGE,1,2010-03-04 09:32:00,50.0,14156,EIRE,50.0,2010-03,True
500010,C2,CARRIAGE,1,2010-03-04 10:06:00,50.0,13377,United Kingdom,50.0,2010-03,True
C500081,M,MANUAL,-1,2010-03-04 11:52:00,102.84,13758,United Kingdom,-102.84,2010-03,True
500091,DOT,DOTCOM POSTAGE,1,2010-03-04 12:06:00,286.02,,United Kingdom,286.02,2010-03,True
500094,M,MANUAL,3,2010-03-04 12:24:00,0.1,15005,United Kingdom,0.30000000000000004,2010-03,True
C500095,M,MANUAL,-1,2010-03-04 12:30:00,308.74,13097,United Kingdom,-308.74,2010-03,True
500098,M,MANUAL,3,2010-03-04 12:32:00,1.25,16771,United Kingdom,3.75,2010-03,True
500098,M,MANUAL,3,2010-03-04 12:32:00,4.25,16771,United Kingdom,12.75,2010-03,True
500113,M,MANUAL,1,2010-03-04 12:50:00,308.74,13097,United Kingdom,308.74,2010-03,True
500115,M,MANUAL,1,2010-03-04 12:57:00,3.95,17847,United Kingdom,3.95,2010-03,True
500121,POST,POSTAGE,2,2010-03-04 14:05:00,18.0,12490,France,36.0,2010-03,True
500123,C2,CARRIAGE,1,2010-03-04 14:24:00,50.0,14911,EIRE,50.0,2010-03,True
500128,M,MANUAL,1,2010-03-04 14:45:00,1.25,13610,United Kingdom,1.25,2010-03,True
500157,POST,POSTAGE,2,2010-03-04 18:23:00,40.0,12371,Switzerland,80.0,2010-03,True
500158,POST,POSTAGE,1,2010-03-04 18:25:00,40.0,12371,Switzerland,40.0,2010-03,True
500161,POST,POSTAGE,5,2010-03-05 07:15:00,18.0,12647,Germany,90.0,2010-03,True
500163,POST,POSTAGE,1,2010-03-05 08:45:00,15.0,12399,Belgium,15.0,2010-03,True
500167,POST,POSTAGE,1,2010-03-05 09:15:00,18.0,12568,Germany,18.0,2010-03,True
500169,POST,POSTAGE,9,2010-03-05 09:39:00,18.0,12497,Germany,162.0,2010-03,True
500176,POST,POSTAGE,3,2010-03-05 10:35:00,18.0,12437,France,54.0,2010-03,True
500237,POST,POSTAGE,4,2010-03-05 11:56:00,15.0,12417,Belgium,60.0,2010-03,True
500263,DOT,DOTCOM POSTAGE,1,2010-03-05 14:35:00,23.45,,United Kingdom,23.45,2010-03,True
500264,DOT,DOTCOM POSTAGE,1,2010-03-05 14:35:00,15.06,,United Kingdom,15.06,2010-03,True
500265,DOT,DOTCOM POSTAGE,1,2010-03-05 14:36:00,32.64,,United Kingdom,32.64,2010-03,True
500269,DOT,DOTCOM POSTAGE,1,2010-03-05 14:40:00,13.28,,United Kingdom,13.28,2010-03,True
500268,DOT,DOTCOM POSTAGE,1,2010-03-05 14:40:00,27.4,,United Kingdom,27.4,2010-03,True
500270,DOT,DOTCOM POSTAGE,1,2010-03-05 14:41:00,19.91,,United Kingdom,19.91,2010-03,True
500272,DOT,DOTCOM POSTAGE,1,2010-03-05 14:41:00,31.53,,United Kingdom,31.53,2010-03,True
500273,DOT,DOTCOM POSTAGE,1,2010-03-05 14:42:00,18.26,,United Kingdom,18.26,2010-03,True
500274,DOT,DOTCOM POSTAGE,1,2010-03-05 14:43:00,29.87,,United Kingdom,29.87,2010-03,True
500276,DOT,DOTCOM POSTAGE,1,2010-03-05 14:45:00,28.21,,United Kingdom,28.21,2010-03,True
500275,DOT,DOTCOM POSTAGE,1,2010-03-05 14:45:00,24.89,,United Kingdom,24.89,2010-03,True
500277,DOT,DOTCOM POSTAGE,1,2010-03-05 14:46:00,35.11,,United Kingdom,35.11,2010-03,True
500279,DOT,DOTCOM POSTAGE,1,2010-03-05 14:52:00,26.68,,United Kingdom,26.68,2010-03,True
500281,DOT,DOTCOM POSTAGE,1,2010-03-05 14:53:00,3.32,,United Kingdom,3.32,2010-03,True
500280,DOT,DOTCOM POSTAGE,1,2010-03-05 14:53:00,31.53,,United Kingdom,31.53,2010-03,True
C500305,S,SAMPLES,-1,2010-03-07 10:59:00,73.8,,United Kingdom,-73.8,2010-03,True
C500309,S,SAMPLES,-1,2010-03-07 11:09:00,32.03,,United Kingdom,-32.03,2010-03,True
500317,POST,POSTAGE,11,2010-03-07 11:58:00,10.0,,United Kingdom,110.0,2010-03,True
C500319,BANK CHARGES,BANK CHARGES,-11,2010-03-07 12:02:00,0.96,,United Kingdom,-10.559999999999999,2010-03,True
500329,M,MANUAL,1,2010-03-07 12:56:00,7.95,13764,United Kingdom,7.95,2010-03,True
500343,POST,POSTAGE,2,2010-03-07 14:37:00,18.0,12530,Germany,36.0,2010-03,True
500351,POST,POSTAGE,1,2010-03-07 15:05:00,24.75,,United Kingdom,24.75,2010-03,True
500351,M,MANUAL,1,2010-03-07 15:05:00,283.95,,United Kingdom,283.95,2010-03,True
C500352,BANK CHARGES,BANK CHARGES,-1,2010-03-07 15:08:00,11.29,,United Kingdom,-11.29,2010-03,True
500367,POST,POSTAGE,1,2010-03-08 08:09:00,40.0,12369,Austria,40.0,2010-03,True
500374,POST,POSTAGE,1,2010-03-08 09:43:00,15.0,12765,Netherlands,15.0,2010-03,True
500376,POST,POSTAGE,5,2010-03-08 09:57:00,18.0,12524,Germany,90.0,2010-03,True
500461,DOT,DOTCOM POSTAGE,1,2010-03-08 12:35:00,347.43,,United Kingdom,347.43,2010-03,True
500462,DOT,DOTCOM POSTAGE,1,2010-03-08 12:40:00,289.26,,United Kingdom,289.26,2010-03,True
500472,DOT,DOTCOM POSTAGE,1,2010-03-08 12:44:00,217.75,,United Kingdom,217.75,2010-03,True
C500494,C2,CARRIAGE,-1,2010-03-08 12:59:00,50.0,13377,United Kingdom,-50.0,2010-03,True
500495,M,MANUAL,1,2010-03-08 13:04:00,10.0,15078,United Kingdom,10.0,2010-03,True
500504,M,MANUAL,16,2010-03-08 13:41:00,0.5,16537,United Kingdom,8.0,2010-03,True
500504,M,MANUAL,24,2010-03-08 13:41:00,0.2,16537,United Kingdom,4.800000000000001,2010-03,True
500535,POST,POSTAGE,2,2010-03-08 14:27:00,18.0,12472,Germany,36.0,2010-03,True
500575,DOT,DOTCOM POSTAGE,1,2010-03-08 16:53:00,370.64,,United Kingdom,370.64,2010-03,True
500582,POST,POSTAGE,2,2010-03-09 09:46:00,18.0,12490,France,36.0,2010-03,True
500584,POST,POSTAGE,1,2010-03-09 09:55:00,18.0,12648,Germany,18.0,2010-03,True
500639,POST,POSTAGE,2,2010-03-09 10:53:00,40.0,12495,Sweden,80.0,2010-03,True
500653,POST,POSTAGE,3,2010-03-09 11:10:00,18.0,12682,France,54.0,2010-03,True
500654,POST,POSTAGE,1,2010-03-09 11:10:00,145.0,12668,Germany,145.0,2010-03,True
C500694,M,MANUAL,-1,2010-03-09 12:37:00,2.55,15769,United Kingdom,-2.55,2010-03,True
500695,DCGS0058,MISO PRETTY  GUM,1,2010-03-09 12:48:00,0.81,,United Kingdom,0.81,2010-03,True
500695,DCGS0076,SUNJAR LED NIGHT NIGHT LIGHT,1,2010-03-09 12:48:00,16.13,,United Kingdom,16.13,2010-03,True
500695,DOT,DOTCOM POSTAGE,1,2010-03-09 12:48:00,93.27,,United Kingdom,93.27,2010-03,True
C500697,M,MANUAL,-1,2010-03-09 12:53:00,373.57,,United Kingdom,-373.57,2010-03,True
C500698,POST,POSTAGE,-1,2010-03-09 13:02:00,25.0,14911,EIRE,-25.0,2010-03,True
C500700,M,MANUAL,-1,2010-03-09 13:20:00,40.68,,United Kingdom,-40.68,2010-03,True
C500707,M,MANUAL,-1,2010-03-09 13:53:00,774.04,,United Kingdom,-774.04,2010-03,True
C500708,BANK CHARGES,BANK CHARGES,-1,2010-03-09 13:56:00,372.3,,United Kingdom,-372.3,2010-03,True
C500709,M,MANUAL,-2,2010-03-09 13:58:00,5.95,15722,United Kingdom,-11.9,2010-03,True
C500710,M,MANUAL,-1,2010-03-09 13:59:00,255.24,,United Kingdom,-255.24,2010-03,True
500754,POST,POSTAGE,2,2010-03-10 10:30:00,40.0,12638,Sweden,80.0,2010-03,True
500827,DOT,DOTCOM POSTAGE,1,2010-03-10 11:11:00,268.44,,United Kingdom,268.44,2010-03,True
C500842,M,MANUAL,-1,2010-03-10 12:12:00,7.32,13413,United Kingdom,-7.32,2010-03,True
500843,M,MANUAL,25,2010-03-10 12:13:00,0.42,17348,United Kingdom,10.5,2010-03,True
500853,M,MANUAL,7,2010-03-10 12:22:00,0.55,13566,United Kingdom,3.8500000000000005,2010-03,True
500868,C2,CARRIAGE,1,2010-03-10 13:08:00,50.0,14156,EIRE,50.0,2010-03,True
500869,M,MANUAL,2,2010-03-10 13:21:00,2.95,17220,United Kingdom,5.9,2010-03,True
500874,M,MANUAL,50,2010-03-10 13:43:00,0.1,16719,United Kingdom,5.0,2010-03,True
C500877,POST,POSTAGE,-1,2010-03-10 14:05:00,2.7,17675,United Kingdom,-2.7,2010-03,True
500883,POST,POSTAGE,3,2010-03-10 14:52:00,18.0,12471,Germany,54.0,2010-03,True
500884,POST,POSTAGE,3,2010-03-10 15:03:00,18.0,12483,Sweden,54.0,2010-03,True
500891,DOT,DOTCOM POSTAGE,1,2010-03-10 16:24:00,370.96,,United Kingdom,370.96,2010-03,True
500918,DCGS0058,MISO PRETTY  GUM,2,2010-03-11 10:30:00,0.81,,United Kingdom,1.62,2010-03,True
500918,DOT,DOTCOM POSTAGE,1,2010-03-11 10:30:00,504.75,,United Kingdom,504.75,2010-03,True
501042,POST,POSTAGE,2,2010-03-12 09:57:00,18.0,12523,France,36.0,2010-03,True
501080,DOT,DOTCOM POSTAGE,1,2010-03-12 11:19:00,372.5,,United Kingdom,372.5,2010-03,True
C501122,POST,POSTAGE,-1,2010-03-12 15:14:00,1.85,,United Kingdom,-1.85,2010-03,True
501128,M,MANUAL,1,2010-03-12 16:06:00,1.45,13573,United Kingdom,1.45,2010-03,True
501146,M,MANUAL,2,2010-03-14 13:08:00,3.75,13634,United Kingdom,7.5,2010-03,True
501146,M,MANUAL,2,2010-03-14 13:08:00,2.95,13634,United Kingdom,5.9,2010-03,True
501147,M,MANUAL,25,2010-03-14 13:28:00,0.42,17905,United Kingdom,10.5,2010-03,True
501160,POST,POSTAGE,1,2010-03-15 09:20:00,18.0,12703,Germany,18.0,2010-03,True
501161,DCGS0069,OOH LA LA DOGS COLLAR,1,2010-03-15 09:28:00,16.13,,United Kingdom,16.13,2010-03,True
501161,DOT,DOTCOM POSTAGE,1,2010-03-15 09:28:00,375.16,,United Kingdom,375.16,2010-03,True
501164,M,MANUAL,1,2010-03-15 09:34:00,20.0,,United Kingdom,20.0,2010-03,True
501169,POST,POSTAGE,1,2010-03-15 10:14:00,10.0,,United Kingdom,10.0,2010-03,True
501176,PADS,PADS TO MATCH ALL CUSHIONS,1,2010-03-15 11:00:00,0.001,14857,United Kingdom,0.001,2010-03,True
501275,M,MANUAL,50,2010-03-15 13:45:00,0.42,14667,United Kingdom,21.0,2010-03,True
501275,M,MANUAL,25,2010-03-15 13:45:00,0.42,14667,United Kingdom,10.5,2010-03,True
501284,POST,POSTAGE,6,2010-03-15 14:19:00,18.0,12714,France,108.0,2010-03,True
501302,M,MANUAL,25,2010-03-15 17:01:00,0.42,17848,United Kingdom,10.5,2010-03,True
501306,DOT,DOTCOM POSTAGE,1,2010-03-15 17:29:00,303.22,,United Kingdom,303.22,2010-03,True
501307,DOT,DOTCOM POSTAGE,1,2010-03-15 17:32:00,158.37,,United Kingdom,158.37,2010-03,True
C501311,POST,POSTAGE,-1,2010-03-16 09:11:00,4.41,13446,United Kingdom,-4.41,2010-03,True
C501313,POST,POSTAGE,-1,2010-03-16 09:27:00,4.41,14276,United Kingdom,-4.41,2010-03,True
C501322,M,MANUAL,-1,2010-03-16 09:56:00,3.39,15769,United Kingdom,-3.39,2010-03,True
C501342,D,DISCOUNT,-12,2010-03-16 10:43:00,0.5,16029,United Kingdom,-6.0,2010-03,True
501431,M,MANUAL,2,2010-03-16 13:00:00,3.75,14604,United Kingdom,7.5,2010-03,True
C501436,POST,POSTAGE,-1,2010-03-16 13:20:00,18.0,12703,Germany,-18.0,2010-03,True
501437,POST,POSTAGE,1,2010-03-16 13:22:00,18.0,12703,Germany,18.0,2010-03,True
501438,POST,POSTAGE,2,2010-03-16 13:23:00,18.0,12701,Germany,36.0,2010-03,True
501441,DCGS0058,MISO PRETTY  GUM,1,2010-03-16 13:44:00,0.81,,United Kingdom,0.81,2010-03,True
501441,DOT,DOTCOM POSTAGE,1,2010-03-16 13:44:00,152.8,,United Kingdom,152.8,2010-03,True
501441,gift_0001_10,DOTCOMGIFTSHOP GIFT VOUCHER £10.00,1,2010-03-16 13:44:00,8.51,,United Kingdom,8.51,2010-03,True
501463,POST,POSTAGE,1,2010-03-16 15:19:00,18.0,12500,Germany,18.0,2010-03,True
501475,DOT,DOTCOM POSTAGE,1,2010-03-16 16:59:00,206.12,,United Kingdom,206.12,2010-03,True
501484,C2,CARRIAGE,1,2010-03-17 10:33:00,50.0,14911,EIRE,50.0,2010-03,True
501515,M,MANUAL,50,2010-03-17 11:53:00,0.42,15867,United Kingdom,21.0,2010-03,True
501540,M,MANUAL,1,2010-03-17 14:12:00,0.42,16085,United Kingdom,0.42,2010-03,True
501544,M,MANUAL,5,2010-03-17 14:55:00,0.3,18196,United Kingdom,1.5,2010-03,True
501546,M,MANUAL,6,2010-03-17 15:11:00,1.45,17933,United Kingdom,8.7,2010-03,True
501558,DOT,DOTCOM POSTAGE,1,2010-03-17 16:35:00,148.86,,United Kingdom,148.86,2010-03,True
501638,POST,POSTAGE,6,2010-03-18 12:08:00,18.0,12621,Germany,108.0,2010-03,True
501668,M,MANUAL,1,2010-03-18 14:38:00,373.57,,United Kingdom,373.57,2010-03,True
501677,POST,POSTAGE,4,2010-03-18 16:16:00,18.0,12647,Germany,72.0,2010-03,True
C501678,M,MANUAL,-1,2010-03-18 16:18:00,241.38,16943,United Kingdom,-241.38,2010-03,True
501680,M,MANUAL,1,2010-03-18 16:23:00,241.38,,United Kingdom,241.38,2010-03,True
501683,DOT,DOTCOM POSTAGE,1,2010-03-18 16:32:00,0.0,,United Kingdom,0.0,2010-03,True
501686,DOT,DOTCOM POSTAGE,1,2010-03-18 16:35:00,228.64,,United Kingdom,228.64,2010-03,True
C501692,D,DISCOUNT,-1,2010-03-18 17:26:00,7.63,13798,United Kingdom,-7.63,2010-03,True
501699,M,MANUAL,4,2010-03-18 19:29:00,2.95,14702,United Kingdom,11.8,2010-03,True
501700,M,MANUAL,25,2010-03-18 20:02:00,0.42,13230,United Kingdom,10.5,2010-03,True
501730,M,MANUAL,3,2010-03-19 11:05:00,2.95,14159,United Kingdom,8.850000000000001,2010-03,True
C501751,M,MANUAL,-1,2010-03-19 11:30:00,6958.17,15760,Norway,-6958.17,2010-03,True
501766,M,MANUAL,1,2010-03-19 11:35:00,6958.17,15760,Norway,6958.17,2010-03,True
501768,M,MANUAL,1,2010-03-19 11:45:00,6958.17,15760,Norway,6958.17,2010-03,True
C501769,M,MANUAL,-1,2010-03-19 11:49:00,6958.17,15760,Norway,-6958.17,2010-03,True
C501771,M,MANUAL,-1,2010-03-19 11:53:00,5795.87,15760,Norway,-5795.87,2010-03,True
501772,M,MANUAL,1,2010-03-19 11:56:00,5795.87,,United Kingdom,5795.87,2010-03,True
C501774,M,MANUAL,-1,2010-03-19 12:27:00,506.51,17445,United Kingdom,-506.51,2010-03,True
501775,M,MANUAL,1,2010-03-19 12:29:00,506.51,,United Kingdom,506.51,2010-03,True
C501777,M,MANUAL,-1,2010-03-19 12:35:00,934.66,14939,Channel Islands,-934.66,2010-03,True
501778,M,MANUAL,1,2010-03-19 12:37:00,934.66,,United Kingdom,934.66,2010-03,True
C501796,POST,POSTAGE,-1,2010-03-19 13:43:00,2.5,15030,United Kingdom,-2.5,2010-03,True
C501798,M,MANUAL,-1,2010-03-19 13:48:00,134.86,16514,United Kingdom,-134.86,2010-03,True
501799,M,MANUAL,1,2010-03-19 13:49:00,134.86,,United Kingdom,134.86,2010-03,True
C501803,M,MANUAL,-1,2010-03-19 13:56:00,322.69,14832,United Kingdom,-322.69,2010-03,True
501814,POST,POSTAGE,2,2010-03-19 14:49:00,40.0,,Sweden,80.0,2010-03,True
501819,M,MANUAL,1,2010-03-19 15:14:00,322.69,14832,United Kingdom,322.69,2010-03,True
C501820,M,MANUAL,-1,2010-03-19 15:15:00,274.63,14832,United Kingdom,-274.63,2010-03,True
501821,M,MANUAL,1,2010-03-19 15:18:00,274.63,,United Kingdom,274.63,2010-03,True
501828,M,MANUAL,12,2010-03-19 15:45:00,1.25,15218,United Kingdom,15.0,2010-03,True
501832,DCGS0058,MISO PRETTY  GUM,6,2010-03-19 16:43:00,0.81,,United Kingdom,4.86,2010-03,True
501832,DOT,DOTCOM POSTAGE,1,2010-03-19 16:43:00,247.7,,United Kingdom,247.7,2010-03,True
501854,M,MANUAL,3,2010-03-21 11:15:00,1.0,15446,United Kingdom,3.0,2010-03,True
C501857,M,MANUAL,-3,2010-03-21 11:19:00,0.45,15446,United Kingdom,-1.35,2010-03,True
501877,M,MANUAL,50,2010-03-21 13:14:00,1.0,17611,United Kingdom,50.0,2010-03,True
C501878,M,MANUAL,-50,2010-03-21 13:18:00,0.58,17611,United Kingdom,-28.999999999999996,2010-03,True
501880,M,MANUAL,2,2010-03-21 13:38:00,3.75,17285,United Kingdom,7.5,2010-03,True
501887,M,MANUAL,1,2010-03-21 14:16:00,2.95,17587,United Kingdom,2.95,2010-03,True
C501901,M,MANUAL,-1,2010-03-21 15:38:00,2.95,13798,United Kingdom,-2.95,2010-03,True
501902,POST,POSTAGE,2,2010-03-21 15:49:00,15.0,12796,Netherlands,30.0,2010-03,True
501910,POST,POSTAGE,1,2010-03-22 09:05:00,40.0,12639,Sweden,40.0,2010-03,True
501922,M,MANUAL,25,2010-03-22 10:26:00,0.42,13151,United Kingdom,10.5,2010-03,True
501927,POST,POSTAGE,2,2010-03-22 10:56:00,18.0,12533,Germany,36.0,2010-03,True
501960,C2,CARRIAGE,1,2010-03-22 12:10:00,50.0,14817,United Kingdom,50.0,2010-03,True
502030,DOT,DOTCOM POSTAGE,1,2010-03-22 13:11:00,256.23,,United Kingdom,256.23,2010-03,True
502037,POST,POSTAGE,2,2010-03-22 13:44:00,18.0,12472,Germany,36.0,2010-03,True
C502041,M,MANUAL,-8,2010-03-22 14:11:00,1.8,13267,United Kingdom,-14.4,2010-03,True
502055,M,MANUAL,25,2010-03-22 14:30:00,0.42,13357,United Kingdom,10.5,2010-03,True
C502083,S,SAMPLES,-1,2010-03-22 15:50:00,170.37,,United Kingdom,-170.37,2010-03,True
C502088,S,SAMPLES,-1,2010-03-22 16:03:00,259.59,,United Kingdom,-259.59,2010-03,True
502090,DOT,DOTCOM POSTAGE,1,2010-03-22 16:16:00,203.16,,United Kingdom,203.16,2010-03,True
C502114,POST,POSTAGE,-1,2010-03-23 11:05:00,7.06,,United Kingdom,-7.06,2010-03,True
502228,M,MANUAL,6,2010-03-23 12:11:00,0.42,15716,United Kingdom,2.52,2010-03,True
502248,DOT,DOTCOM POSTAGE,1,2010-03-23 14:06:00,232.55,,United Kingdom,232.55,2010-03,True
C502262,M,MANUAL,-1,2010-03-23 15:20:00,10953.5,12918,United Kingdom,-10953.5,2010-03,True
502263,M,MANUAL,1,2010-03-23 15:22:00,10953.5,12918,United Kingdom,10953.5,2010-03,True
C502264,M,MANUAL,-1,2010-03-23 15:24:00,10953.5,12918,United Kingdom,-10953.5,2010-03,True
502265,M,MANUAL,1,2010-03-23 15:28:00,10953.5,,United Kingdom,10953.5,2010-03,True
C502270,M,MANUAL,-1,2010-03-23 15:37:00,1144.73,16669,United Kingdom,-1144.73,2010-03,True
502271,M,MANUAL,1,2010-03-23 15:39:00,1144.73,,United Kingdom,1144.73,2010-03,True
C502276,M,MANUAL,-1,2010-03-23 16:19:00,779.32,16994,United Kingdom,-779.32,2010-03,True
502277,M,MANUAL,1,2010-03-23 16:20:00,779.32,,United Kingdom,779.32,2010-03,True
502280,C2,CARRIAGE,1,2010-03-23 16:45:00,50.0,14156,EIRE,50.0,2010-03,True
502288,POST,POSTAGE,3,2010-03-24 08:31:00,18.0,12681,France,54.0,2010-03,True
C502305,M,MANUAL,-48,2010-03-24 09:34:00,0.42,14195,United Kingdom,-20.16,2010-03,True
502331,POST,POSTAGE,1,2010-03-24 10:39:00,40.0,12360,Austria,40.0,2010-03,True
502334,M,MANUAL,1,2010-03-24 10:42:00,36.8,14911,EIRE,36.8,2010-03,True
502363,M,MANUAL,2,2010-03-24 11:19:00,2.95,14606,United Kingdom,5.9,2010-03,True
502393,POST,POSTAGE,9,2010-03-24 11:49:00,18.0,12524,Germany,162.0,2010-03,True
502422,C2,CARRIAGE,1,2010-03-24 12:20:00,50.0,14911,EIRE,50.0,2010-03,True
502424,M,MANUAL,10,2010-03-24 12:30:00,2.9,14527,United Kingdom,29.0,2010-03,True
C502431,M,MANUAL,-4,2010-03-24 12:53:00,4.95,15822,United Kingdom,-19.8,2010-03,True
C502438,S,SAMPLES,-1,2010-03-24 13:11:00,605.18,,United Kingdom,-605.18,2010-03,True
C502442,S,SAMPLES,-1,2010-03-24 13:20:00,94.19,,United Kingdom,-94.19,2010-03,True
502451,POST,POSTAGE,34,2010-03-24 14:14:00,1.0,,United Kingdom,34.0,2010-03,True
502453,POST,POSTAGE,34,2010-03-24 14:16:00,9.0,,United Kingdom,306.0,2010-03,True
C502452,M,MANUAL,-1,2010-03-24 14:16:00,91.8,14911,EIRE,-91.8,2010-03,True
C502454,M,MANUAL,-1,2010-03-24 14:16:00,782.56,14911,EIRE,-782.56,2010-03,True
502455,M,MANUAL,1,2010-03-24 14:17:00,782.56,14911,EIRE,782.56,2010-03,True
502456,M,MANUAL,1,2010-03-24 14:19:00,91.8,14911,EIRE,91.8,2010-03,True
C502459,BANK CHARGES,BANK CHARGES,-1,2010-03-24 14:25:00,39.24,,United Kingdom,-39.24,2010-03,True
502467,POST,POSTAGE,2,2010-03-24 15:24:00,18.0,12437,France,36.0,2010-03,True
502486,DOT,DOTCOM POSTAGE,1,2010-03-24 17:43:00,306.52,,United Kingdom,306.52,2010-03,True
502486,gift_0001_10,DOTCOMGIFTSHOP GIFT VOUCHER £10.00,1,2010-03-24 17:43:00,8.51,,United Kingdom,8.51,2010-03,True
502487,POST,POSTAGE,1,2010-03-25 09:40:00,18.0,12663,Germany,18.0,2010-03,True
502488,POST,POSTAGE,2,2010-03-25 09:44:00,28.0,12540,Spain,56.0,2010-03,True
502491,POST,POSTAGE,5,2010-03-25 10:20:00,18.0,12471,Germany,90.0,2010-03,True
502493,POST,POSTAGE,1,2010-03-25 10:28:00,40.0,12370,Austria,40.0,2010-03,True
502534,M,MANUAL,25,2010-03-25 11:32:00,0.42,15547,United Kingdom,10.5,2010-03,True
502568,POST,POSTAGE,1,2010-03-25 12:10:00,40.0,12370,Austria,40.0,2010-03,True
C502571,M,MANUAL,-1,2010-03-25 12:23:00,1899.67,15896,United Kingdom,-1899.67,2010-03,True
C502576,M,MANUAL,-1,2010-03-25 12:28:00,1598.67,13100,United Kingdom,-1598.67,2010-03,True
502582,M,MANUAL,1,2010-03-25 12:35:00,1899.67,,United Kingdom,1899.67,2010-03,True
502588,M,MANUAL,2,2010-03-25 12:43:00,2.95,16550,United Kingdom,5.9,2010-03,True
502589,M,MANUAL,1,2010-03-25 12:51:00,1598.67,,United Kingdom,1598.67,2010-03,True
502602,M,MANUAL,1,2010-03-25 13:34:00,241.38,16943,United Kingdom,241.38,2010-03,True
C502603,M,MANUAL,-1,2010-03-25 13:35:00,241.38,,United Kingdom,-241.38,2010-03,True
502607,POST,POSTAGE,2,2010-03-25 13:49:00,40.0,12373,Austria,80.0,2010-03,True
502613,M,MANUAL,2,2010-03-25 14:22:00,0.42,14535,United Kingdom,0.84,2010-03,True
502613,M,MANUAL,25,2010-03-25 14:22:00,0.42,14535,United Kingdom,10.5,2010-03,True
C502626,M,MANUAL,-1,2010-03-25 15:24:00,525.65,13409,United Kingdom,-525.65,2010-03,True
502627,M,MANUAL,1,2010-03-25 15:26:00,525.65,,United Kingdom,525.65,2010-03,True
C502629,M,MANUAL,-1,2010-03-25 15:39:00,1834.14,13401,United Kingdom,-1834.14,2010-03,True
502631,M,MANUAL,1,2010-03-25 15:41:00,1834.14,,United Kingdom,1834.14,2010-03,True
502633,POST,POSTAGE,3,2010-03-25 16:19:00,28.0,12510,Spain,84.0,2010-03,True
C502634,M,MANUAL,-1,2010-03-25 16:20:00,302.31,14313,United Kingdom,-302.31,2010-03,True
502635,M,MANUAL,1,2010-03-25 16:22:00,302.31,,United Kingdom,302.31,2010-03,True
502636,POST,POSTAGE,2,2010-03-25 16:25:00,18.0,12726,France,36.0,2010-03,True
502660,M,MANUAL,6,2010-03-25 17:18:00,1.0,13187,United Kingdom,6.0,2010-03,True
502660,M,MANUAL,7,2010-03-25 17:18:00,1.0,13187,United Kingdom,7.0,2010-03,True
502663,POST,POSTAGE,1,2010-03-25 17:29:00,15.0,12791,Netherlands,15.0,2010-03,True
C502726,M,MANUAL,-1,2010-03-26 11:26:00,146.68,12791,Netherlands,-146.68,2010-03,True
502733,M,MANUAL,1,2010-03-26 11:56:00,5.95,15911,United Kingdom,5.95,2010-03,True
502733,M,MANUAL,25,2010-03-26 11:56:00,0.42,15911,United Kingdom,10.5,2010-03,True
502735,POST,POSTAGE,1,2010-03-26 12:05:00,15.0,12791,Netherlands,15.0,2010-03,True
C502737,M,MANUAL,-1,2010-03-26 12:07:00,131.68,12791,Netherlands,-131.68,2010-03,True
502738,M,MANUAL,1,2010-03-26 12:08:00,131.68,12791,Netherlands,131.68,2010-03,True
502746,DOT,DOTCOM POSTAGE,1,2010-03-26 12:53:00,239.24,,United Kingdom,239.24,2010-03,True
502765,M,MANUAL,2,2010-03-26 14:01:00,2.0,17371,United Kingdom,4.0,2010-03,True
C502769,D,DISCOUNT,-1,2010-03-26 14:21:00,18.17,14994,United Kingdom,-18.17,2010-03,True
C502793,D,DISCOUNT,-1,2010-03-26 15:21:00,23.17,13564,United Kingdom,-23.17,2010-03,True
C502797,D,DISCOUNT,-18,2010-03-26 16:10:00,2.1,15607,United Kingdom,-37.800000000000004,2010-03,True
502799,M,MANUAL,1,2010-03-26 16:17:00,2.95,15867,United Kingdom,2.95,2010-03,True
502811,M,MANUAL,25,2010-03-28 10:13:00,0.42,17243,United Kingdom,10.5,2010-03,True
502831,M,MANUAL,3,2010-03-28 12:26:00,10.0,17372,United Kingdom,30.0,2010-03,True
502847,M,MANUAL,2,2010-03-28 13:47:00,2.95,14572,United Kingdom,5.9,2010-03,True
502852,M,MANUAL,2,2010-03-28 14:32:00,2.95,18231,United Kingdom,5.9,2010-03,True
502856,M,MANUAL,1,2010-03-28 15:05:00,1.65,14078,United Kingdom,1.65,2010-03,True
502872,DOT,DOTCOM POSTAGE,1,2010-03-29 09:59:00,313.51,,United Kingdom,313.51,2010-03,True
502872,gift_0001_30,DOTCOMGIFTSHOP GIFT VOUCHER £30.00,1,2010-03-29 09:59:00,25.53,,United Kingdom,25.53,2010-03,True
502972,DOT,DOTCOM POSTAGE,1,2010-03-29 14:52:00,30.09,,United Kingdom,30.09,2010-03,True
502974,DOT,DOTCOM POSTAGE,1,2010-03-29 14:53:00,29.87,,United Kingdom,29.87,2010-03,True
502975,DOT,DOTCOM POSTAGE,1,2010-03-29 14:53:00,16.6,,United Kingdom,16.6,2010-03,True
502977,DOT,DOTCOM POSTAGE,1,2010-03-29 14:54:00,34.98,,United Kingdom,34.98,2010-03,True
502976,DOT,DOTCOM POSTAGE,1,2010-03-29 14:54:00,28.21,,United Kingdom,28.21,2010-03,True
502978,DOT,DOTCOM POSTAGE,1,2010-03-29 14:55:00,18.26,,United Kingdom,18.26,2010-03,True
502980,DOT,DOTCOM POSTAGE,1,2010-03-29 14:55:00,18.26,,United Kingdom,18.26,2010-03,True
502983,DOT,DOTCOM POSTAGE,1,2010-03-29 14:56:00,24.89,,United Kingdom,24.89,2010-03,True
502987,DOT,DOTCOM POSTAGE,1,2010-03-29 14:56:00,21.7,,United Kingdom,21.7,2010-03,True
502985,DOT,DOTCOM POSTAGE,1,2010-03-29 14:56:00,14.94,,United Kingdom,14.94,2010-03,True
502990,DOT,DOTCOM POSTAGE,1,2010-03-29 14:57:00,30.0,,United Kingdom,30.0,2010-03,True
502997,DOT,DOTCOM POSTAGE,1,2010-03-29 14:58:00,30.13,,United Kingdom,30.13,2010-03,True
502994,DOT,DOTCOM POSTAGE,1,2010-03-29 14:58:00,21.57,,United Kingdom,21.57,2010-03,True
503001,DOT,DOTCOM POSTAGE,1,2010-03-29 14:59:00,19.91,,United Kingdom,19.91,2010-03,True
503004,DOT,DOTCOM POSTAGE,1,2010-03-29 14:59:00,14.94,,United Kingdom,14.94,2010-03,True
503006,DOT,DOTCOM POSTAGE,1,2010-03-29 15:00:00,9.96,,United Kingdom,9.96,2010-03,True
503009,DOT,DOTCOM POSTAGE,1,2010-03-29 15:00:00,18.26,,United Kingdom,18.26,2010-03,True
503012,DOT,DOTCOM POSTAGE,1,2010-03-29 15:01:00,33.32,,United Kingdom,33.32,2010-03,True
503016,DOT,DOTCOM POSTAGE,1,2010-03-29 15:02:00,23.36,,United Kingdom,23.36,2010-03,True
503030,DOT,DOTCOM POSTAGE,1,2010-03-29 15:05:00,28.21,,United Kingdom,28.21,2010-03,True
503029,DOT,DOTCOM POSTAGE,1,2010-03-29 15:05:00,14.94,,United Kingdom,14.94,2010-03,True
503033,DOT,DOTCOM POSTAGE,1,2010-03-29 15:06:00,21.7,,United Kingdom,21.7,2010-03,True
503035,DOT,DOTCOM POSTAGE,1,2010-03-29 15:06:00,23.49,,United Kingdom,23.49,2010-03,True
503038,DOT,DOTCOM POSTAGE,1,2010-03-29 15:07:00,18.26,,United Kingdom,18.26,2010-03,True
503047,DOT,DOTCOM POSTAGE,1,2010-03-29 15:26:00,21.7,,United Kingdom,21.7,2010-03,True
C503050,BANK CHARGES,BANK CHARGES,-1,2010-03-29 15:38:00,25.0,,United Kingdom,-25.0,2010-03,True
C503050,BANK CHARGES,BANK CHARGES,-1,2010-03-29 15:38:00,361.11,,United Kingdom,-361.11,2010-03,True
C503050,M,MANUAL,-1,2010-03-29 15:38:00,9.95,,United Kingdom,-9.95,2010-03,True
C503057,POST,POSTAGE,-1,2010-03-29 15:46:00,25.89,,United Kingdom,-25.89,2010-03,True
C503057,M,MANUAL,-1,2010-03-29 15:46:00,31.19,,United Kingdom,-31.19,2010-03,True
C503057,BANK CHARGES,BANK CHARGES,-1,2010-03-29 15:46:00,188.55,,United Kingdom,-188.55,2010-03,True
503156,M,MANUAL,1,2010-03-30 12:36:00,3.75,15862,United Kingdom,3.75,2010-03,True
C503161,POST,POSTAGE,-1,2010-03-30 13:09:00,10.0,16984,United Kingdom,-10.0,2010-03,True
C503173,M,MANUAL,-1,2010-03-30 13:55:00,43.17,14607,United Kingdom,-43.17,2010-03,True
503185,DOT,DOTCOM POSTAGE,1,2010-03-30 14:29:00,752.32,,United Kingdom,752.32,2010-03,True
503220,M,MANUAL,7,2010-03-30 16:24:00,0.29,16658,United Kingdom,2.03,2010-03,True
C503227,POST,POSTAGE,-1,2010-03-30 16:49:00,8.22,,United Kingdom,-8.22,2010-03,True
C503227,M,MANUAL,-1,2010-03-30 16:49:00,3.38,,United Kingdom,-3.38,2010-03,True
503344,M,MANUAL,5,2010-03-31 13:15:00,0.42,15454,United Kingdom,2.1,2010-03,True
503426,DOT,DOTCOM POSTAGE,1,2010-03-31 17:28:00,315.45,,United Kingdom,315.45,2010-03,True
503428,DOT,DOTCOM POSTAGE,1,2010-03-31 17:31:00,331.1,,United Kingdom,331.1,2010-03,True
503433,POST,POSTAGE,2,2010-04-01 08:43:00,18.0,12609,Germany,36.0,2010-04,True
503436,POST,POSTAGE,2,2010-04-01 09:50:00,18.0,12662,Germany,36.0,2010-04,True
503438,POST,POSTAGE,1,2010-04-01 10:05:00,15.0,12417,Belgium,15.0,2010-04,True
503439,POST,POSTAGE,7,2010-04-01 10:16:00,18.0,12647,Germany,126.0,2010-04,True
C503440,M,MANUAL,-1,2010-04-01 10:18:00,376.17,14481,United Kingdom,-376.17,2010-04,True
503469,M,MANUAL,85,2010-04-01 11:55:00,0.4,15311,United Kingdom,34.0,2010-04,True
503497,BANK CHARGES,BANK CHARGES,1,2010-04-01 12:07:00,15.0,17539,United Kingdom,15.0,2010-04,True
503503,POST,POSTAGE,4,2010-04-01 12:30:00,18.0,12583,France,72.0,2010-04,True
503531,POST,POSTAGE,1,2010-04-01 13:17:00,18.0,12708,Germany,18.0,2010-04,True
503532,POST,POSTAGE,3,2010-04-01 13:20:00,18.0,12472,Germany,54.0,2010-04,True
503549,DCGS0069,OOH LA LA DOGS COLLAR,1,2010-04-01 15:04:00,16.13,,United Kingdom,16.13,2010-04,True
503549,DCGS0070,CAMOUFLAGE DOG COLLAR,1,2010-04-01 15:04:00,12.72,,United Kingdom,12.72,2010-04,True
503549,DCGS0075,CAMOUFLAGUE DOG LEAD,1,2010-04-01 15:04:00,12.72,,United Kingdom,12.72,2010-04,True
503549,DOT,DOTCOM POSTAGE,1,2010-04-01 15:04:00,277.7,,United Kingdom,277.7,2010-04,True
C503571,BANK CHARGES,BANK CHARGES,-1,2010-04-01 15:45:00,15.0,17539,United Kingdom,-15.0,2010-04,True
503714,M,MANUAL,3,2010-04-06 14:42:00,0.85,13432,United Kingdom,2.55,2010-04,True
503721,DOT,DOTCOM POSTAGE,1,2010-04-06 15:37:00,25.8,,United Kingdom,25.8,2010-04,True
503782,POST,POSTAGE,3,2010-04-07 11:59:00,18.0,12711,Germany,54.0,2010-04,True
503790,M,MANUAL,2,2010-04-07 12:45:00,1.95,13174,United Kingdom,3.9,2010-04,True
503801,M,MANUAL,1,2010-04-07 13:48:00,10.0,15521,United Kingdom,10.0,2010-04,True
503801,M,MANUAL,2,2010-04-07 13:48:00,0.3,15521,United Kingdom,0.6,2010-04,True
503823,DCGS0069,OOH LA LA DOGS COLLAR,1,2010-04-07 14:59:00,16.13,,United Kingdom,16.13,2010-04,True
503854,POST,POSTAGE,2,2010-04-08 10:08:00,15.0,12765,Netherlands,30.0,2010-04,True
503871,DOT,DOTCOM POSTAGE,1,2010-04-08 11:36:00,40.68,,United Kingdom,40.68,2010-04,True
503895,M,MANUAL,25,2010-04-08 11:59:00,0.42,13278,United Kingdom,10.5,2010-04,True
503940,DOT,DOTCOM POSTAGE,1,2010-04-08 14:47:00,42.38,,United Kingdom,42.38,2010-04,True
503940,gift_0001_20,DOTCOMGIFTSHOP GIFT VOUCHER £20.00,1,2010-04-08 14:47:00,17.02,,United Kingdom,17.02,2010-04,True
503956,M,MANUAL,2,2010-04-08 16:45:00,0.42,13443,United Kingdom,0.84,2010-04,True
503960,BANK CHARGES,BANK CHARGES,1,2010-04-08 16:50:00,15.0,12843,United Kingdom,15.0,2010-04,True
C503983,POST,POSTAGE,-1,2010-04-09 09:37:00,6.41,17888,United Kingdom,-6.41,2010-04,True
503985,POST,POSTAGE,15,2010-04-09 10:08:00,18.0,12468,Germany,270.0,2010-04,True
C503996,POST,POSTAGE,-1,2010-04-09 11:31:00,8.96,13397,United Kingdom,-8.96,2010-04,True
C503999,M,MANUAL,-408,2010-04-09 11:36:00,0.33,16754,United Kingdom,-134.64000000000001,2010-04,True
504026,POST,POSTAGE,4,2010-04-09 12:12:00,15.0,12786,Netherlands,60.0,2010-04,True
504094,POST,POSTAGE,2,2010-04-09 13:08:00,18.0,12681,France,36.0,2010-04,True
504097,POST,POSTAGE,2,2010-04-09 14:01:00,18.0,12613,Germany,36.0,2010-04,True
504103,DOT,DOTCOM POSTAGE,1,2010-04-09 14:53:00,31.53,,United Kingdom,31.53,2010-04,True
504105,DOT,DOTCOM POSTAGE,1,2010-04-09 14:54:00,8.43,,United Kingdom,8.43,2010-04,True
504104,DOT,DOTCOM POSTAGE,1,2010-04-09 14:54:00,30.0,,United Kingdom,30.0,2010-04,True
504106,DOT,DOTCOM POSTAGE,1,2010-04-09 14:55:00,29.87,,United Kingdom,29.87,2010-04,True
504107,DOT,DOTCOM POSTAGE,1,2010-04-09 14:56:00,21.57,,United Kingdom,21.57,2010-04,True
504108,DOT,DOTCOM POSTAGE,1,2010-04-09 14:57:00,21.7,,United Kingdom,21.7,2010-04,True
504110,DOT,DOTCOM POSTAGE,1,2010-04-09 14:58:00,21.57,,United Kingdom,21.57,2010-04,True
504109,DOT,DOTCOM POSTAGE,1,2010-04-09 14:58:00,30.0,,United Kingdom,30.0,2010-04,True
504111,DOT,DOTCOM POSTAGE,1,2010-04-09 14:59:00,14.94,,United Kingdom,14.94,2010-04,True
504113,DOT,DOTCOM POSTAGE,1,2010-04-09 14:59:00,18.26,,United Kingdom,18.26,2010-04,True
504115,DOT,DOTCOM POSTAGE,1,2010-04-09 15:00:00,16.6,,United Kingdom,16.6,2010-04,True
504114,DOT,DOTCOM POSTAGE,1,2010-04-09 15:00:00,21.7,,United Kingdom,21.7,2010-04,True
504119,M,MANUAL,12,2010-04-09 16:54:00,0.42,17609,United Kingdom,5.04,2010-04,True
504120,M,MANUAL,1,2010-04-09 17:13:00,1.25,15889,United Kingdom,1.25,2010-04,True
504125,POST,POSTAGE,1,2010-04-11 10:44:00,18.0,12500,Germany,18.0,2010-04,True
504130,POST,POSTAGE,3,2010-04-11 11:14:00,40.0,13520,Switzerland,120.0,2010-04,True
504142,M,MANUAL,1,2010-04-11 13:01:00,3.75,13259,United Kingdom,3.75,2010-04,True
504153,M,MANUAL,1,2010-04-11 14:11:00,1.25,17068,United Kingdom,1.25,2010-04,True
C504173,M,MANUAL,-24,2010-04-12 08:08:00,0.5,16029,United Kingdom,-12.0,2010-04,True
C504174,POST,POSTAGE,-1,2010-04-12 08:09:00,1.95,15079,United Kingdom,-1.95,2010-04,True
504188,TEST001,THIS IS A TEST PRODUCT.,5,2010-04-12 09:52:00,4.5,16454,United Kingdom,22.5,2010-04,True
504193,POST,POSTAGE,1,2010-04-12 10:10:00,306.0,12481,Germany,306.0,2010-04,True
504216,M,MANUAL,3,2010-04-12 12:48:00,3.75,15504,United Kingdom,11.25,2010-04,True
504232,M,MANUAL,1,2010-04-12 13:01:00,0.5,15044,United Kingdom,0.5,2010-04,True
504328,M,MANUAL,1,2010-04-12 15:59:00,21.95,16987,United Kingdom,21.95,2010-04,True
504332,PADS,PADS TO MATCH ALL CUSHIONS,1,2010-04-12 16:30:00,0.001,12671,Germany,0.001,2010-04,True
504340,M,MANUAL,25,2010-04-12 16:50:00,0.42,13564,United Kingdom,10.5,2010-04,True
504396,m,MANUAL,1,2010-04-13 11:45:00,4.0,,United Kingdom,4.0,2010-04,True
504396,DOT,DOTCOM POSTAGE,1,2010-04-13 11:45:00,21.7,,United Kingdom,21.7,2010-04,True
504414,POST,POSTAGE,4,2010-04-13 12:30:00,18.0,12805,Netherlands,72.0,2010-04,True
504440,M,MANUAL,1,2010-04-13 14:02:00,0.85,13052,United Kingdom,0.85,2010-04,True
504448,M,MANUAL,1,2010-04-13 14:46:00,1.49,,United Kingdom,1.49,2010-04,True
504449,POST,POSTAGE,2,2010-04-13 14:53:00,28.0,12459,Spain,56.0,2010-04,True
504477,POST,POSTAGE,2,2010-04-14 10:08:00,18.0,12437,France,36.0,2010-04,True
504478,POST,POSTAGE,4,2010-04-14 10:13:00,18.0,12682,France,72.0,2010-04,True
504532,POST,POSTAGE,5,2010-04-14 11:50:00,18.0,12471,Germany,90.0,2010-04,True
504572,M,MANUAL,1,2010-04-14 14:49:00,0.85,18057,United Kingdom,0.85,2010-04,True
504572,M,MANUAL,36,2010-04-14 14:49:00,0.42,18057,United Kingdom,15.12,2010-04,True
504572,M,MANUAL,3,2010-04-14 14:49:00,1.45,18057,United Kingdom,4.35,2010-04,True
504585,POST,POSTAGE,2,2010-04-15 09:15:00,28.0,12540,Spain,56.0,2010-04,True
504621,C2,CARRIAGE,1,2010-04-15 11:47:00,50.0,14944,United Kingdom,50.0,2010-04,True
C504637,M,MANUAL,-1,2010-04-15 14:07:00,5843.7,17017,United Kingdom,-5843.7,2010-04,True
504639,M,MANUAL,1,2010-04-15 14:12:00,5843.7,,United Kingdom,5843.7,2010-04,True
C504641,M,MANUAL,-1,2010-04-15 14:22:00,773.5,17013,United Kingdom,-773.5,2010-04,True
504642,M,MANUAL,1,2010-04-15 14:25:00,773.5,,United Kingdom,773.5,2010-04,True
C504648,M,MANUAL,-1,2010-04-15 14:48:00,210.47,17949,United Kingdom,-210.47,2010-04,True
C504666,M,MANUAL,-1,2010-04-15 15:04:00,2451.26,17013,United Kingdom,-2451.26,2010-04,True
504667,M,MANUAL,1,2010-04-15 15:07:00,2451.26,,United Kingdom,2451.26,2010-04,True
C504670,M,MANUAL,-1,2010-04-15 15:16:00,227.28,17452,United Kingdom,-227.28,2010-04,True
504671,M,MANUAL,1,2010-04-15 15:19:00,227.28,,United Kingdom,227.28,2010-04,True
C504674,M,MANUAL,-1,2010-04-15 15:27:00,306.66,13633,United Kingdom,-306.66,2010-04,True
504678,M,MANUAL,1,2010-04-15 15:39:00,306.66,,United Kingdom,306.66,2010-04,True
C504679,M,MANUAL,-1,2010-04-15 15:47:00,148.69,14380,United Kingdom,-148.69,2010-04,True
504681,M,MANUAL,1,2010-04-15 15:49:00,148.69,,United Kingdom,148.69,2010-04,True
C504684,M,MANUAL,-1,2010-04-15 16:12:00,94.8,15354,United Kingdom,-94.8,2010-04,True
504685,M,MANUAL,1,2010-04-15 16:14:00,94.8,,United Kingdom,94.8,2010-04,True
504686,M,MANUAL,1,2010-04-15 16:17:00,94.8,15354,United Kingdom,94.8,2010-04,True
504687,M,MANUAL,1,2010-04-15 16:21:00,94.8,15354,United Kingdom,94.8,2010-04,True
504688,M,MANUAL,1,2010-04-15 16:24:00,94.8,15354,United Kingdom,94.8,2010-04,True
C504690,M,MANUAL,-1,2010-04-15 16:28:00,94.8,15354,United Kingdom,-94.8,2010-04,True
C504693,M,MANUAL,-1,2010-04-15 16:35:00,94.8,15354,United Kingdom,-94.8,2010-04,True
504697,POST,POSTAGE,2,2010-04-15 17:18:00,18.0,12474,Germany,36.0,2010-04,True
504700,D,DISCOUNT,1,2010-04-15 18:08:00,57.63,17032,United Kingdom,57.63,2010-04,True
504711,POST,POSTAGE,2,2010-04-16 09:57:00,15.0,12778,Netherlands,30.0,2010-04,True
504714,POST,POSTAGE,6,2010-04-16 10:16:00,15.0,12395,Belgium,90.0,2010-04,True
504789,POST,POSTAGE,2,2010-04-16 11:59:00,18.0,13813,Germany,36.0,2010-04,True
504831,M,MANUAL,10,2010-04-16 13:35:00,0.42,17913,United Kingdom,4.2,2010-04,True
C504849,M,MANUAL,-1,2010-04-18 09:32:00,660.86,14912,Italy,-660.86,2010-04,True
504860,POST,POSTAGE,1,2010-04-18 12:04:00,15.0,12402,Belgium,15.0,2010-04,True
504873,C2,CARRIAGE,1,2010-04-18 12:36:00,50.0,14817,United Kingdom,50.0,2010-04,True
504891,POST,POSTAGE,1,2010-04-18 14:00:00,15.0,12791,Netherlands,15.0,2010-04,True
504916,DOT,DOTCOM POSTAGE,1,2010-04-19 10:28:00,7.56,,United Kingdom,7.56,2010-04,True
504919,DOT,DOTCOM POSTAGE,1,2010-04-19 10:40:00,170.85,,United Kingdom,170.85,2010-04,True
504921,DOT,DOTCOM POSTAGE,1,2010-04-19 10:43:00,173.49,,United Kingdom,173.49,2010-04,True
504924,DOT,DOTCOM POSTAGE,1,2010-04-19 10:49:00,171.57,,United Kingdom,171.57,2010-04,True
504925,DOT,DOTCOM POSTAGE,1,2010-04-19 10:53:00,103.01,,United Kingdom,103.01,2010-04,True
504928,DOT,DOTCOM POSTAGE,1,2010-04-19 10:59:00,166.59,,United Kingdom,166.59,2010-04,True
504933,gift_0001_30,DOTCOMGIFTSHOP GIFT VOUCHER £30.00,1,2010-04-19 11:13:00,25.53,,United Kingdom,25.53,2010-04,True
504933,DOT,DOTCOM POSTAGE,1,2010-04-19 11:13:00,231.08,,United Kingdom,231.08,2010-04,True
504935,DCGS0004,HAYNES CAMPER SHOULDER BAG,1,2010-04-19 11:19:00,16.98,,United Kingdom,16.98,2010-04,True
504935,DOT,DOTCOM POSTAGE,1,2010-04-19 11:19:00,199.37,,United Kingdom,199.37,2010-04,True
504936,DOT,DOTCOM POSTAGE,1,2010-04-19 11:23:00,127.81,,United Kingdom,127.81,2010-04,True
505002,M,MANUAL,2,2010-04-19 12:39:00,1.25,16905,United Kingdom,2.5,2010-04,True
505015,C2,CARRIAGE,1,2010-04-19 13:30:00,50.0,14156,EIRE,50.0,2010-04,True
505016,DOT,DOTCOM POSTAGE,1,2010-04-19 13:52:00,211.58,,United Kingdom,211.58,2010-04,True
C505021,POST,POSTAGE,-1,2010-04-19 14:10:00,8.22,,United Kingdom,-8.22,2010-04,True
505023,POST,POSTAGE,10,2010-04-19 14:14:00,18.0,12516,Germany,180.0,2010-04,True
505067,M,MANUAL,3,2010-04-19 16:48:00,0.42,14606,United Kingdom,1.26,2010-04,True
505078,POST,POSTAGE,1,2010-04-20 09:40:00,15.0,12780,Netherlands,15.0,2010-04,True
505083,POST,POSTAGE,3,2010-04-20 09:56:00,18.0,12623,Germany,54.0,2010-04,True
C505145,M,MANUAL,-1,2010-04-20 11:25:00,4217.59,16151,United Kingdom,-4217.59,2010-04,True
505150,M,MANUAL,1,2010-04-20 11:40:00,4217.59,,United Kingdom,4217.59,2010-04,True
C505151,M,MANUAL,-1,2010-04-20 11:45:00,94.8,15354,United Kingdom,-94.8,2010-04,True
505167,M,MANUAL,1,2010-04-20 12:46:00,1.45,17841,United Kingdom,1.45,2010-04,True
505168,C2,CARRIAGE,1,2010-04-20 12:48:00,50.0,14156,EIRE,50.0,2010-04,True
505170,POST,POSTAGE,7,2010-04-20 12:49:00,18.0,12647,Germany,126.0,2010-04,True
505202,DOT,DOTCOM POSTAGE,1,2010-04-20 16:21:00,212.26,,United Kingdom,212.26,2010-04,True
505203,DOT,DOTCOM POSTAGE,1,2010-04-20 16:24:00,90.87,,United Kingdom,90.87,2010-04,True
505204,BANK CHARGES,BANK CHARGES,1,2010-04-20 16:24:00,15.0,17448,United Kingdom,15.0,2010-04,True
C505226,M,MANUAL,-1,2010-04-21 10:31:00,847.84,12482,Sweden,-847.84,2010-04,True
505227,M,MANUAL,1,2010-04-21 10:33:00,874.84,12482,Sweden,874.84,2010-04,True
505229,M,MANUAL,1,2010-04-21 10:34:00,874.84,12482,Sweden,874.84,2010-04,True
505228,C2,CARRIAGE,1,2010-04-21 10:34:00,50.0,16256,United Kingdom,50.0,2010-04,True
C505231,M,MANUAL,-1,2010-04-21 10:36:00,874.84,12482,Sweden,-874.84,2010-04,True
505297,POST,POSTAGE,2,2010-04-21 11:51:00,18.0,12530,Germany,36.0,2010-04,True
505314,POST,POSTAGE,6,2010-04-21 12:02:00,18.0,12681,France,108.0,2010-04,True
505317,POST,POSTAGE,2,2010-04-21 12:22:00,40.0,12588,Finland,80.0,2010-04,True
505354,DOT,DOTCOM POSTAGE,1,2010-04-21 15:04:00,137.33,,United Kingdom,137.33,2010-04,True
505393,POST,POSTAGE,3,2010-04-22 09:41:00,15.0,14646,Netherlands,45.0,2010-04,True
505409,POST,POSTAGE,1,2010-04-22 10:24:00,18.0,12504,Germany,18.0,2010-04,True
505453,POST,POSTAGE,5,2010-04-22 11:33:00,18.0,12625,Germany,90.0,2010-04,True
C505458,POST,POSTAGE,-1,2010-04-22 11:36:00,2.75,14893,United Kingdom,-2.75,2010-04,True
C505490,M,MANUAL,-1,2010-04-22 12:55:00,5876.34,15849,United Kingdom,-5876.34,2010-04,True
505505,M,MANUAL,1,2010-04-22 14:09:00,5876.34,,United Kingdom,5876.34,2010-04,True
505510,DCGS0076,SUNJAR LED NIGHT NIGHT LIGHT,2,2010-04-22 14:33:00,16.13,,United Kingdom,32.26,2010-04,True
505510,DOT,DOTCOM POSTAGE,1,2010-04-22 14:33:00,280.88,,United Kingdom,280.88,2010-04,True
505522,C2,CARRIAGE,1,2010-04-22 15:58:00,50.0,14911,EIRE,50.0,2010-04,True
505549,M,MANUAL,7,2010-04-22 19:21:00,0.85,17057,United Kingdom,5.95,2010-04,True
505555,POST,POSTAGE,2,2010-04-23 09:57:00,15.0,12672,France,30.0,2010-04,True
C505604,M,MANUAL,-1,2010-04-23 12:37:00,8.5,16947,United Kingdom,-8.5,2010-04,True
505615,M,MANUAL,3,2010-04-23 12:49:00,2.95,15288,United Kingdom,8.850000000000001,2010-04,True
505669,POST,POSTAGE,2,2010-04-23 14:45:00,40.0,12483,Sweden,80.0,2010-04,True
C505678,M,MANUAL,-1,2010-04-23 15:45:00,1075.63,,United Kingdom,-1075.63,2010-04,True
C505679,BANK CHARGES,BANK CHARGES,-1,2010-04-23 15:47:00,605.53,,United Kingdom,-605.53,2010-04,True
C505680,M,MANUAL,-1,2010-04-23 15:49:00,223.64,,United Kingdom,-223.64,2010-04,True
505683,M,MANUAL,3,2010-04-23 16:14:00,1.5,,United Kingdom,4.5,2010-04,True
505684,DCGS0058,MISO PRETTY  GUM,1,2010-04-23 16:16:00,0.81,,United Kingdom,0.81,2010-04,True
505684,DOT,DOTCOM POSTAGE,1,2010-04-23 16:16:00,226.07,,United Kingdom,226.07,2010-04,True
505709,M,MANUAL,1,2010-04-25 12:34:00,2.95,13050,United Kingdom,2.95,2010-04,True
505709,M,MANUAL,25,2010-04-25 12:34:00,0.42,13050,United Kingdom,10.5,2010-04,True
505710,POST,POSTAGE,4,2010-04-25 12:36:00,18.0,12474,Germany,72.0,2010-04,True
C505800,M,MANUAL,-1,2010-04-26 11:15:00,371.85,14911,EIRE,-371.85,2010-04,True
505806,M,MANUAL,1,2010-04-26 11:16:00,371.85,14911,EIRE,371.85,2010-04,True
505843,DOT,DOTCOM POSTAGE,1,2010-04-26 11:57:00,133.54,,United Kingdom,133.54,2010-04,True
505851,POST,POSTAGE,3,2010-04-26 12:34:00,18.0,12472,Germany,54.0,2010-04,True
505854,M,MANUAL,36,2010-04-26 12:51:00,0.42,14563,United Kingdom,15.12,2010-04,True
505859,DOT,DOTCOM POSTAGE,1,2010-04-26 13:17:00,11.62,,United Kingdom,11.62,2010-04,True
505860,DOT,DOTCOM POSTAGE,1,2010-04-26 13:18:00,28.47,,United Kingdom,28.47,2010-04,True
505862,DOT,DOTCOM POSTAGE,1,2010-04-26 13:23:00,21.57,,United Kingdom,21.57,2010-04,True
505863,DOT,DOTCOM POSTAGE,1,2010-04-26 13:24:00,26.68,,United Kingdom,26.68,2010-04,True
505864,DOT,DOTCOM POSTAGE,1,2010-04-26 13:24:00,10.09,,United Kingdom,10.09,2010-04,True
505866,DOT,DOTCOM POSTAGE,1,2010-04-26 13:27:00,30.0,,United Kingdom,30.0,2010-04,True
505865,DOT,DOTCOM POSTAGE,1,2010-04-26 13:27:00,8.43,,United Kingdom,8.43,2010-04,True
505868,DOT,DOTCOM POSTAGE,1,2010-04-26 13:29:00,18.26,,United Kingdom,18.26,2010-04,True
505869,DOT,DOTCOM POSTAGE,1,2010-04-26 13:29:00,13.28,,United Kingdom,13.28,2010-04,True
505870,DOT,DOTCOM POSTAGE,1,2010-04-26 13:30:00,36.51,,United Kingdom,36.51,2010-04,True
505872,DOT,DOTCOM POSTAGE,1,2010-04-26 13:31:00,23.23,,United Kingdom,23.23,2010-04,True
505871,DOT,DOTCOM POSTAGE,1,2010-04-26 13:31:00,35.11,,United Kingdom,35.11,2010-04,True
505873,DOT,DOTCOM POSTAGE,1,2010-04-26 13:32:00,11.74,,United Kingdom,11.74,2010-04,True
505874,DOT,DOTCOM POSTAGE,1,2010-04-26 13:32:00,26.68,,United Kingdom,26.68,2010-04,True
505876,DOT,DOTCOM POSTAGE,1,2010-04-26 13:32:00,13.4,,United Kingdom,13.4,2010-04,True
505875,DOT,DOTCOM POSTAGE,1,2010-04-26 13:32:00,18.26,,United Kingdom,18.26,2010-04,True
505879,DOT,DOTCOM POSTAGE,1,2010-04-26 13:33:00,36.64,,United Kingdom,36.64,2010-04,True
505878,DOT,DOTCOM POSTAGE,1,2010-04-26 13:33:00,23.49,,United Kingdom,23.49,2010-04,True
505880,DOT,DOTCOM POSTAGE,1,2010-04-26 13:34:00,13.28,,United Kingdom,13.28,2010-04,True
505881,DOT,DOTCOM POSTAGE,1,2010-04-26 13:34:00,31.66,,United Kingdom,31.66,2010-04,True
505883,POST,POSTAGE,6,2010-04-26 13:53:00,18.0,12471,Germany,108.0,2010-04,True
505888,DOT,DOTCOM POSTAGE,1,2010-04-26 14:14:00,157.13,,United Kingdom,157.13,2010-04,True
505888,gift_0001_30,DOTCOMGIFTSHOP GIFT VOUCHER £30.00,1,2010-04-26 14:14:00,25.53,,United Kingdom,25.53,2010-04,True
505970,POST,POSTAGE,2,2010-04-26 16:49:00,18.0,12712,Germany,36.0,2010-04,True
506080,M,MANUAL,25,2010-04-27 11:58:00,0.42,17332,United Kingdom,10.5,2010-04,True
506099,M,MANUAL,1,2010-04-27 12:46:00,1.65,17991,United Kingdom,1.65,2010-04,True
506109,DOT,DOTCOM POSTAGE,1,2010-04-27 13:43:00,26.68,,United Kingdom,26.68,2010-04,True
506110,DOT,DOTCOM POSTAGE,1,2010-04-27 13:43:00,8.43,,United Kingdom,8.43,2010-04,True
506111,M,MANUAL,2,2010-04-27 13:44:00,2.95,12849,United Kingdom,5.9,2010-04,True
506111,M,MANUAL,1,2010-04-27 13:44:00,2.95,12849,United Kingdom,2.95,2010-04,True
C506133,BANK CHARGES,BANK CHARGES,-1,2010-04-27 15:06:00,34.47,,United Kingdom,-34.47,2010-04,True
506146,DOT,DOTCOM POSTAGE,1,2010-04-27 16:45:00,181.36,,United Kingdom,181.36,2010-04,True
C506151,D,DISCOUNT,-1,2010-04-27 17:06:00,19.35,13694,United Kingdom,-19.35,2010-04,True
506224,DOT,DOTCOM POSTAGE,1,2010-04-28 11:55:00,95.1,,United Kingdom,95.1,2010-04,True
506247,M,MANUAL,2,2010-04-28 13:24:00,0.21,18049,United Kingdom,0.42,2010-04,True
506249,POST,POSTAGE,6,2010-04-28 13:26:00,15.0,12876,Belgium,90.0,2010-04,True
506253,M,MANUAL,1,2010-04-28 13:53:00,2.95,17346,United Kingdom,2.95,2010-04,True
506254,POST,POSTAGE,6,2010-04-28 13:59:00,18.0,12714,France,108.0,2010-04,True
506260,POST,POSTAGE,1,2010-04-28 14:34:00,50.0,12717,Greece,50.0,2010-04,True
506267,POST,POSTAGE,2,2010-04-28 14:59:00,18.0,12695,France,36.0,2010-04,True
506278,POST,POSTAGE,3,2010-04-28 15:51:00,18.0,12698,Germany,54.0,2010-04,True
506285,M,MANUAL,3,2010-04-28 16:49:00,1.45,16767,United Kingdom,4.35,2010-04,True
506303,PADS,PADS TO MATCH ALL CUSHIONS,1,2010-04-29 10:43:00,0.001,14249,United Kingdom,0.001,2010-04,True
506308,C2,CARRIAGE,1,2010-04-29 10:54:00,50.0,14911,EIRE,50.0,2010-04,True
506313,DOT,DOTCOM POSTAGE,1,2010-04-29 11:18:00,182.03,,United Kingdom,182.03,2010-04,True
C506382,D,DISCOUNT,-1,2010-04-29 12:21:00,18.31,13694,United Kingdom,-18.31,2010-04,True
C506392,M,MANUAL,-1,2010-04-29 13:03:00,4.95,16383,United Kingdom,-4.95,2010-04,True
C506396,BANK CHARGES,BANK CHARGES,-1,2010-04-29 13:28:00,300.19,,United Kingdom,-300.19,2010-04,True
C506398,M,MANUAL,-1,2010-04-29 13:31:00,14.29,,United Kingdom,-14.29,2010-04,True
506400,M,MANUAL,1,2010-04-29 13:35:00,2.95,15954,United Kingdom,2.95,2010-04,True
A506401,B,ADJUST BAD DEBT,1,2010-04-29 13:36:00,-53594.36,,United Kingdom,-53594.36,2010-04,True
C506402,M,MANUAL,-1,2010-04-29 13:36:00,13.57,,United Kingdom,-13.57,2010-04,True
C506405,BANK CHARGES,BANK CHARGES,-1,2010-04-29 13:41:00,25.0,,United Kingdom,-25.0,2010-04,True
C506405,BANK CHARGES,BANK CHARGES,-1,2010-04-29 13:41:00,332.75,,United Kingdom,-332.75,2010-04,True
C506409,BANK CHARGES,BANK CHARGES,-1,2010-04-29 13:50:00,354.43,,United Kingdom,-354.43,2010-04,True
506434,M,MANUAL,2,2010-04-29 15:34:00,5.0,13173,United Kingdom,10.0,2010-04,True
506445,DOT,DOTCOM POSTAGE,1,2010-04-29 17:01:00,135.97,,United Kingdom,135.97,2010-04,True
506456,M,MANUAL,25,2010-04-29 19:08:00,0.42,15015,United Kingdom,10.5,2010-04,True
506460,M,MANUAL,3,2010-04-29 20:04:00,1.45,15861,United Kingdom,4.35,2010-04,True
C506485,D,DISCOUNT,-1,2010-04-30 10:37:00,216.45,15498,United Kingdom,-216.45,2010-04,True
506487,POST,POSTAGE,1,2010-04-30 10:44:00,285.0,12806,Netherlands,285.0,2010-04,True
506566,M,MANUAL,3,2010-04-30 12:46:00,0.42,14648,United Kingdom,1.26,2010-04,True
506572,M,MANUAL,2,2010-04-30 13:10:00,2.95,16374,United Kingdom,5.9,2010-04,True
506576,DOT,DOTCOM POSTAGE,1,2010-04-30 13:41:00,94.37,,United Kingdom,94.37,2010-04,True
506577,gift_0001_20,DOTCOMGIFTSHOP GIFT VOUCHER £20.00,1,2010-04-30 13:45:00,17.02,,United Kingdom,17.02,2010-04,True
506577,gift_0001_30,DOTCOMGIFTSHOP GIFT VOUCHER £30.00,1,2010-04-30 13:45:00,25.53,,United Kingdom,25.53,2010-04,True
506577,DOT,DOTCOM POSTAGE,1,2010-04-30 13:45:00,148.39,,United Kingdom,148.39,2010-04,True
506578,POST,POSTAGE,4,2010-04-30 13:52:00,18.0,12708,Germany,72.0,2010-04,True
506582,M,MANUAL,1,2010-04-30 14:11:00,759.36,,United Kingdom,759.36,2010-04,True
C506583,BANK CHARGES,BANK CHARGES,-1,2010-04-30 14:30:00,70.69,,United Kingdom,-70.69,2010-04,True
506601,S,SAMPLES,1,2010-04-30 14:49:00,73.8,,United Kingdom,73.8,2010-04,True
C506602,S,SAMPLES,-1,2010-04-30 14:56:00,3.84,,United Kingdom,-3.84,2010-04,True
C506602,S,SAMPLES,-1,2010-04-30 14:56:00,3.55,,United Kingdom,-3.55,2010-04,True
C506602,S,SAMPLES,-1,2010-04-30 14:56:00,77.0,,United Kingdom,-77.0,2010-04,True
C506602,S,SAMPLES,-1,2010-04-30 14:56:00,30.0,,United Kingdom,-30.0,2010-04,True
C506602,S,SAMPLES,-1,2010-04-30 14:56:00,78.0,,United Kingdom,-78.0,2010-04,True
C506605,S,SAMPLES,-1,2010-04-30 15:23:00,10.5,,United Kingdom,-10.5,2010-04,True
C506607,S,SAMPLES,-1,2010-04-30 15:28:00,12.5,,United Kingdom,-12.5,2010-04,True
C506607,S,SAMPLES,-1,2010-04-30 15:28:00,7.39,,United Kingdom,-7.39,2010-04,True
C506607,S,SAMPLES,-1,2010-04-30 15:28:00,9.99,,United Kingdom,-9.99,2010-04,True
C506607,S,SAMPLES,-1,2010-04-30 15:28:00,9.49,,United Kingdom,-9.49,2010-04,True
C506607,S,SAMPLES,-1,2010-04-30 15:28:00,5.88,,United Kingdom,-5.88,2010-04,True
C506607,S,SAMPLES,-1,2010-04-30 15:28:00,3.99,,United Kingdom,-3.99,2010-04,True
C506607,S,SAMPLES,-1,2010-04-30 15:28:00,2.88,,United Kingdom,-2.88,2010-04,True
C506703,S,SAMPLES,-1,2010-05-02 14:12:00,191.21,,United Kingdom,-191.21,2010-05,True
C506704,S,SAMPLES,-1,2010-05-02 14:20:00,88.74,,United Kingdom,-88.74,2010-05,True
506712,POST,POSTAGE,2,2010-05-02 15:32:00,18.0,12662,Germany,36.0,2010-05,True
506713,POST,POSTAGE,1,2010-05-02 15:33:00,15.0,12765,Netherlands,15.0,2010-05,True
506717,POST,POSTAGE,3,2010-05-04 08:51:00,28.0,12540,Spain,84.0,2010-05,True
506721,POST,POSTAGE,3,2010-05-04 09:23:00,28.0,12507,Spain,84.0,2010-05,True
C506722,M,MANUAL,-1,2010-05-04 09:43:00,607.53,13786,United Kingdom,-607.53,2010-05,True
506724,DOT,DOTCOM POSTAGE,1,2010-05-04 10:02:00,154.99,,United Kingdom,154.99,2010-05,True
C506739,M,MANUAL,-1,2010-05-04 10:30:00,269.34,14911,EIRE,-269.34,2010-05,True
506740,M,MANUAL,1,2010-05-04 10:31:00,269.34,14911,EIRE,269.34,2010-05,True
506839,POST,POSTAGE,1,2010-05-04 13:59:00,230.0,12503,Spain,230.0,2010-05,True
506869,DOT,DOTCOM POSTAGE,1,2010-05-04 15:45:00,182.88,,United Kingdom,182.88,2010-05,True
506871,DOT,DOTCOM POSTAGE,1,2010-05-04 15:48:00,141.51,,United Kingdom,141.51,2010-05,True
506904,M,MANUAL,1,2010-05-05 10:27:00,250.0,,United Kingdom,250.0,2010-05,True
506907,POST,POSTAGE,2,2010-05-05 10:39:00,18.0,12649,Germany,36.0,2010-05,True
506947,M,MANUAL,12,2010-05-05 11:16:00,0.42,17377,United Kingdom,5.04,2010-05,True
506959,DOT,DOTCOM POSTAGE,1,2010-05-05 12:05:00,140.35,,United Kingdom,140.35,2010-05,True
507007,DOT,DOTCOM POSTAGE,1,2010-05-05 14:23:00,25.02,,United Kingdom,25.02,2010-05,True
507008,M,MANUAL,1,2010-05-05 14:25:00,4.0,,United Kingdom,4.0,2010-05,True
507008,DOT,DOTCOM POSTAGE,1,2010-05-05 14:25:00,56.89,,United Kingdom,56.89,2010-05,True
507009,DOT,DOTCOM POSTAGE,1,2010-05-05 14:26:00,33.45,,United Kingdom,33.45,2010-05,True
507012,DOT,DOTCOM POSTAGE,1,2010-05-05 14:27:00,6.77,,United Kingdom,6.77,2010-05,True
507011,DOT,DOTCOM POSTAGE,1,2010-05-05 14:27:00,21.57,,United Kingdom,21.57,2010-05,True
507010,DOT,DOTCOM POSTAGE,1,2010-05-05 14:27:00,18.26,,United Kingdom,18.26,2010-05,True
507014,DOT,DOTCOM POSTAGE,1,2010-05-05 14:28:00,30.0,,United Kingdom,30.0,2010-05,True
507013,DOT,DOTCOM POSTAGE,1,2010-05-05 14:28:00,10.09,,United Kingdom,10.09,2010-05,True
507019,DOT,DOTCOM POSTAGE,1,2010-05-05 14:34:00,26.55,,United Kingdom,26.55,2010-05,True
507024,DOT,DOTCOM POSTAGE,1,2010-05-05 14:38:00,8.43,,United Kingdom,8.43,2010-05,True
507023,DOT,DOTCOM POSTAGE,1,2010-05-05 14:38:00,16.6,,United Kingdom,16.6,2010-05,True
507025,DOT,DOTCOM POSTAGE,1,2010-05-05 14:42:00,155.29,,United Kingdom,155.29,2010-05,True
507051,POST,POSTAGE,2,2010-05-06 09:09:00,18.0,12583,France,36.0,2010-05,True
C507055,M,MANUAL,-1,2010-05-06 10:02:00,662.25,12422,Australia,-662.25,2010-05,True
507058,POST,POSTAGE,2,2010-05-06 10:04:00,18.0,12567,France,36.0,2010-05,True
C507057,M,MANUAL,-1,2010-05-06 10:04:00,396.2,12422,Australia,-396.2,2010-05,True
507060,M,MANUAL,1,2010-05-06 10:08:00,662.25,12422,Australia,662.25,2010-05,True
507061,M,MANUAL,1,2010-05-06 10:09:00,396.2,12422,Australia,396.2,2010-05,True
507116,DOT,DOTCOM POSTAGE,1,2010-05-06 11:30:00,135.15,,United Kingdom,135.15,2010-05,True
507130,POST,POSTAGE,5,2010-05-06 12:23:00,18.0,12523,France,90.0,2010-05,True
507156,POST,POSTAGE,3,2010-05-06 13:41:00,18.0,12682,France,54.0,2010-05,True
507158,POST,POSTAGE,4,2010-05-06 13:45:00,18.0,12621,Germany,72.0,2010-05,True
507177,DCGS0058,MISO PRETTY  GUM,1,2010-05-06 15:09:00,0.81,,United Kingdom,0.81,2010-05,True
507177,gift_0001_30,DOTCOMGIFTSHOP GIFT VOUCHER £30.00,1,2010-05-06 15:09:00,25.53,,United Kingdom,25.53,2010-05,True
507177,DOT,DOTCOM POSTAGE,1,2010-05-06 15:09:00,142.57,,United Kingdom,142.57,2010-05,True
507199,M,MANUAL,2,2010-05-06 16:27:00,3.75,16890,United Kingdom,7.5,2010-05,True
507218,M,MANUAL,2,2010-05-06 19:08:00,0.2,14713,United Kingdom,0.4,2010-05,True
C507222,D,DISCOUNT,-1,2010-05-06 19:28:00,48.0,13027,United Kingdom,-48.0,2010-05,True
507252,POST,POSTAGE,3,2010-05-07 11:35:00,18.0,12681,France,54.0,2010-05,True
507256,M,MANUAL,2,2010-05-07 11:42:00,2.95,17798,United Kingdom,5.9,2010-05,True
507290,M,MANUAL,1,2010-05-07 14:10:00,1.25,14814,United Kingdom,1.25,2010-05,True
507292,DOT,DOTCOM POSTAGE,1,2010-05-07 14:28:00,178.44,,United Kingdom,178.44,2010-05,True
507294,DOT,DOTCOM POSTAGE,1,2010-05-07 14:30:00,3.36,,United Kingdom,3.36,2010-05,True
507315,POST,POSTAGE,2,2010-05-07 14:56:00,18.0,12490,France,36.0,2010-05,True
507376,M,MANUAL,28,2010-05-09 11:29:00,0.21,13979,United Kingdom,5.88,2010-05,True
507376,M,MANUAL,1,2010-05-09 11:29:00,0.42,13979,United Kingdom,0.42,2010-05,True
507401,M,MANUAL,7,2010-05-09 13:38:00,0.42,15555,United Kingdom,2.94,2010-05,True
507401,M,MANUAL,20,2010-05-09 13:38:00,0.21,15555,United Kingdom,4.2,2010-05,True
507426,POST,POSTAGE,1,2010-05-09 15:33:00,15.0,12361,Belgium,15.0,2010-05,True
507430,M,MANUAL,4,2010-05-09 16:03:00,1.45,17135,United Kingdom,5.8,2010-05,True
507438,M,MANUAL,1,2010-05-10 09:16:00,4.0,17994,United Kingdom,4.0,2010-05,True
507448,DOT,DOTCOM POSTAGE,1,2010-05-10 09:55:00,161.03,,United Kingdom,161.03,2010-05,True
507455,C2,CARRIAGE,1,2010-05-10 10:19:00,50.0,,EIRE,50.0,2010-05,True
507604,DOT,DOTCOM POSTAGE,1,2010-05-10 13:43:00,78.41,,United Kingdom,78.41,2010-05,True
507620,POST,POSTAGE,3,2010-05-10 14:19:00,15.0,12813,Netherlands,45.0,2010-05,True
C507638,POST,POSTAGE,-1,2010-05-10 14:55:00,4.5,17563,United Kingdom,-4.5,2010-05,True
507649,M,MANUAL,1,2010-05-10 15:52:00,864.59,,United Kingdom,864.59,2010-05,True
C507651,POST,POSTAGE,-1,2010-05-10 15:56:00,4.95,14735,United Kingdom,-4.95,2010-05,True
507660,POST,POSTAGE,3,2010-05-10 16:44:00,28.0,12675,Italy,84.0,2010-05,True
507692,POST,POSTAGE,2,2010-05-11 10:20:00,18.0,12600,Germany,36.0,2010-05,True
507697,POST,POSTAGE,2,2010-05-11 10:42:00,18.0,12599,France,36.0,2010-05,True
507712,DOT,DOTCOM POSTAGE,1,2010-05-11 11:29:00,194.12,,United Kingdom,194.12,2010-05,True
507880,POST,POSTAGE,1,2010-05-11 15:03:00,15.0,12455,Cyprus,15.0,2010-05,True
507881,DOT,DOTCOM POSTAGE,1,2010-05-11 15:08:00,172.21,,United Kingdom,172.21,2010-05,True
507999,POST,POSTAGE,3,2010-05-12 11:45:00,18.0,12580,Germany,54.0,2010-05,True
508062,POST,POSTAGE,3,2010-05-12 13:52:00,18.0,12494,France,54.0,2010-05,True
508074,M,MANUAL,4,2010-05-12 16:03:00,10.0,17897,United Kingdom,40.0,2010-05,True
508074,M,MANUAL,3,2010-05-12 16:03:00,2.0,17897,United Kingdom,6.0,2010-05,True
508074,M,MANUAL,1,2010-05-12 16:03:00,0.85,17897,United Kingdom,0.85,2010-05,True
508075,M,MANUAL,1,2010-05-12 16:04:00,30.0,15149,United Kingdom,30.0,2010-05,True
508077,gift_0001_20,DOTCOMGIFTSHOP GIFT VOUCHER £20.00,1,2010-05-12 16:29:00,17.02,,United Kingdom,17.02,2010-05,True
508077,DOT,DOTCOM POSTAGE,1,2010-05-12 16:29:00,176.87,,United Kingdom,176.87,2010-05,True
508097,POST,POSTAGE,4,2010-05-13 09:33:00,18.0,12683,France,72.0,2010-05,True
508101,POST,POSTAGE,10,2010-05-13 10:02:00,18.0,12647,Germany,180.0,2010-05,True
508108,C2,CARRIAGE,1,2010-05-13 10:42:00,50.0,15064,United Kingdom,50.0,2010-05,True
508197,M,MANUAL,1,2010-05-13 13:31:00,0.85,16906,United Kingdom,0.85,2010-05,True
508222,POST,POSTAGE,3,2010-05-13 15:41:00,28.0,12540,Spain,84.0,2010-05,True
508228,DOT,DOTCOM POSTAGE,1,2010-05-13 16:49:00,254.11,,United Kingdom,254.11,2010-05,True
508235,M,MANUAL,42,2010-05-13 18:49:00,0.85,15478,United Kingdom,35.699999999999996,2010-05,True
508235,M,MANUAL,8,2010-05-13 18:49:00,0.85,15478,United Kingdom,6.8,2010-05,True
C508287,POST,POSTAGE,-1,2010-05-14 11:08:00,2.36,13655,United Kingdom,-2.36,2010-05,True
C508293,POST,POSTAGE,-1,2010-05-14 11:09:00,2.0,14110,United Kingdom,-2.0,2010-05,True
508363,DOT,DOTCOM POSTAGE,1,2010-05-14 13:14:00,3.36,,United Kingdom,3.36,2010-05,True
508396,BANK CHARGES,BANK CHARGES,1,2010-05-14 14:54:00,39.24,,United Kingdom,39.24,2010-05,True
508451,gift_0001_30,DOTCOMGIFTSHOP GIFT VOUCHER £30.00,1,2010-05-14 16:33:00,25.53,,United Kingdom,25.53,2010-05,True
508451,DOT,DOTCOM POSTAGE,1,2010-05-14 16:33:00,103.68,,United Kingdom,103.68,2010-05,True
508474,M,MANUAL,25,2010-05-16 11:52:00,0.42,17123,United Kingdom,10.5,2010-05,True
508503,M,MANUAL,2,2010-05-16 15:52:00,1.45,14982,United Kingdom,2.9,2010-05,True
508523,POST,POSTAGE,4,2010-05-17 10:15:00,18.0,12471,Germany,72.0,2010-05,True
508629,M,MANUAL,1,2010-05-17 14:21:00,0.1,13857,United Kingdom,0.1,2010-05,True
508637,POST,POSTAGE,1,2010-05-17 14:54:00,220.0,12725,Italy,220.0,2010-05,True
508643,DCGS0058,MISO PRETTY  GUM,1,2010-05-17 15:30:00,0.81,,United Kingdom,0.81,2010-05,True
508643,DOT,DOTCOM POSTAGE,1,2010-05-17 15:30:00,136.33,,United Kingdom,136.33,2010-05,True
C508661,M,MANUAL,-10,2010-05-17 16:23:00,3.95,13564,United Kingdom,-39.5,2010-05,True
C508661,M,MANUAL,-4,2010-05-17 16:23:00,7.94,13564,United Kingdom,-31.76,2010-05,True
C508707,M,MANUAL,-6,2010-05-17 17:12:00,5.95,14430,United Kingdom,-35.7,2010-05,True
508728,POST,POSTAGE,1,2010-05-18 09:57:00,200.0,12349,Italy,200.0,2010-05,True
508747,DOT,DOTCOM POSTAGE,1,2010-05-18 11:40:00,128.49,,United Kingdom,128.49,2010-05,True
508852,POST,POSTAGE,1,2010-05-18 15:06:00,18.0,12662,Germany,18.0,2010-05,True
508854,DOT,DOTCOM POSTAGE,1,2010-05-18 15:13:00,125.99,,United Kingdom,125.99,2010-05,True
C508859,POST,POSTAGE,-1,2010-05-18 15:30:00,10.0,,United Kingdom,-10.0,2010-05,True
508864,M,MANUAL,36,2010-05-18 16:09:00,0.42,17589,United Kingdom,15.12,2010-05,True
C508928,POST,POSTAGE,-1,2010-05-19 11:26:00,10.99,13164,United Kingdom,-10.99,2010-05,True
508979,DOT,DOTCOM POSTAGE,1,2010-05-19 11:55:00,150.08,,United Kingdom,150.08,2010-05,True
509039,C2,CARRIAGE,1,2010-05-20 09:55:00,50.0,14156,EIRE,50.0,2010-05,True
C509052,M,MANUAL,-1,2010-05-20 11:11:00,208.28,,United Kingdom,-208.28,2010-05,True
C509053,BANK CHARGES,BANK CHARGES,-1,2010-05-20 11:13:00,465.21,,United Kingdom,-465.21,2010-05,True
C509054,M,MANUAL,-1,2010-05-20 11:15:00,754.3,,United Kingdom,-754.3,2010-05,True
509154,C2,CARRIAGE,1,2010-05-20 13:17:00,50.0,14911,EIRE,50.0,2010-05,True
509156,M,MANUAL,1,2010-05-20 13:28:00,7.95,15025,United Kingdom,7.95,2010-05,True
509195,POST,POSTAGE,2,2010-05-20 18:18:00,18.0,12712,Germany,36.0,2010-05,True
509199,POST,POSTAGE,5,2010-05-21 09:06:00,18.0,12668,Germany,90.0,2010-05,True
509206,DOT,DOTCOM POSTAGE,1,2010-05-21 09:29:00,141.62,,United Kingdom,141.62,2010-05,True
509207,DOT,DOTCOM POSTAGE,1,2010-05-21 09:40:00,116.96,,United Kingdom,116.96,2010-05,True
509210,POST,POSTAGE,12,2010-05-21 09:56:00,18.0,12647,Germany,216.0,2010-05,True
509284,POST,POSTAGE,1,2010-05-21 11:45:00,18.0,12583,France,18.0,2010-05,True
509347,DOT,DOTCOM POSTAGE,1,2010-05-21 13:09:00,125.7,,United Kingdom,125.7,2010-05,True
C509353,M,MANUAL,-1,2010-05-21 13:35:00,52.61,14744,United Kingdom,-52.61,2010-05,True
C509363,BANK CHARGES,BANK CHARGES,-1,2010-05-21 14:07:00,149.31,,United Kingdom,-149.31,2010-05,True
C509368,S,SAMPLES,-1,2010-05-21 14:13:00,3.49,,United Kingdom,-3.49,2010-05,True
509375,BANK CHARGES,BANK CHARGES,1,2010-05-21 14:40:00,15.0,17448,United Kingdom,15.0,2010-05,True
509398,POST,POSTAGE,6,2010-05-23 11:08:00,28.0,12809,Portugal,168.0,2010-05,True
509416,M,MANUAL,1,2010-05-23 12:50:00,5.0,14505,United Kingdom,5.0,2010-05,True
509416,M,MANUAL,1,2010-05-23 12:50:00,1.0,14505,United Kingdom,1.0,2010-05,True
509433,POST,POSTAGE,2,2010-05-23 14:30:00,18.0,12621,Germany,36.0,2010-05,True
509447,POST,POSTAGE,3,2010-05-24 09:07:00,18.0,12632,Germany,54.0,2010-05,True
509460,POST,POSTAGE,5,2010-05-24 10:44:00,15.0,12759,Netherlands,75.0,2010-05,True
C509473,ADJUST,ADJUSTMENT BY PETER ON 24/05/2010 1,-1,2010-05-24 11:12:00,300.13,17050,United Kingdom,-300.13,2010-05,True
C509474,ADJUST,ADJUSTMENT BY PETER ON 24/05/2010 1,-1,2010-05-24 11:13:00,72.45,16422,United Kingdom,-72.45,2010-05,True
C509475,ADJUST,ADJUSTMENT BY PETER ON 24/05/2010 1,-1,2010-05-24 11:13:00,358.47,17364,United Kingdom,-358.47,2010-05,True
509533,DOT,DOTCOM POSTAGE,1,2010-05-24 12:01:00,165.24,,United Kingdom,165.24,2010-05,True
509536,C2,CARRIAGE,1,2010-05-24 12:21:00,50.0,14911,EIRE,50.0,2010-05,True
509611,DOT,DOTCOM POSTAGE,1,2010-05-25 09:03:00,84.15,,United Kingdom,84.15,2010-05,True
509615,POST,POSTAGE,4,2010-05-25 09:34:00,15.0,12802,Netherlands,60.0,2010-05,True
509627,POST,POSTAGE,3,2010-05-25 09:55:00,40.0,12360,Austria,120.0,2010-05,True
C509628,POST,POSTAGE,-1,2010-05-25 10:01:00,40.0,12360,Austria,-40.0,2010-05,True
509644,POST,POSTAGE,2,2010-05-25 11:28:00,40.0,12422,Switzerland,80.0,2010-05,True
509669,BANK CHARGES,BANK CHARGES,1,2010-05-25 12:03:00,15.0,17448,United Kingdom,15.0,2010-05,True
509750,DOT,DOTCOM POSTAGE,1,2010-05-25 14:05:00,152.53,,United Kingdom,152.53,2010-05,True
509779,M,MANUAL,1,2010-05-25 16:54:00,7.97,16658,United Kingdom,7.97,2010-05,True
509850,POST,POSTAGE,7,2010-05-26 09:00:00,18.0,12656,France,126.0,2010-05,True
509932,DOT,DOTCOM POSTAGE,1,2010-05-26 12:36:00,38.3,,United Kingdom,38.3,2010-05,True
509933,DOT,DOTCOM POSTAGE,1,2010-05-26 12:37:00,38.43,,United Kingdom,38.43,2010-05,True
509935,DOT,DOTCOM POSTAGE,1,2010-05-26 12:38:00,31.66,,United Kingdom,31.66,2010-05,True
509934,DOT,DOTCOM POSTAGE,1,2010-05-26 12:38:00,19.91,,United Kingdom,19.91,2010-05,True
509936,DOT,DOTCOM POSTAGE,1,2010-05-26 12:38:00,21.57,,United Kingdom,21.57,2010-05,True
509939,DOT,DOTCOM POSTAGE,1,2010-05-26 12:39:00,38.3,,United Kingdom,38.3,2010-05,True
509938,DOT,DOTCOM POSTAGE,1,2010-05-26 12:39:00,24.89,,United Kingdom,24.89,2010-05,True
509940,M,MANUAL,1,2010-05-26 12:40:00,4.0,,United Kingdom,4.0,2010-05,True
509940,DOT,DOTCOM POSTAGE,1,2010-05-26 12:40:00,33.19,,United Kingdom,33.19,2010-05,True
509941,DOT,DOTCOM POSTAGE,1,2010-05-26 12:41:00,31.66,,United Kingdom,31.66,2010-05,True
509944,DOT,DOTCOM POSTAGE,1,2010-05-26 12:42:00,36.64,,United Kingdom,36.64,2010-05,True
509945,DOT,DOTCOM POSTAGE,1,2010-05-26 12:43:00,43.4,,United Kingdom,43.4,2010-05,True
509947,DOT,DOTCOM POSTAGE,1,2010-05-26 12:44:00,41.7,,United Kingdom,41.7,2010-05,True
509948,DOT,DOTCOM POSTAGE,1,2010-05-26 12:45:00,45.06,,United Kingdom,45.06,2010-05,True
509949,DOT,DOTCOM POSTAGE,1,2010-05-26 12:45:00,18.26,,United Kingdom,18.26,2010-05,True
509951,DOT,DOTCOM POSTAGE,1,2010-05-26 12:46:00,33.32,,United Kingdom,33.32,2010-05,True
509952,DOT,DOTCOM POSTAGE,1,2010-05-26 12:47:00,36.51,,United Kingdom,36.51,2010-05,True
509954,DOT,DOTCOM POSTAGE,1,2010-05-26 12:48:00,11.74,,United Kingdom,11.74,2010-05,True
509953,DOT,DOTCOM POSTAGE,1,2010-05-26 12:48:00,46.47,,United Kingdom,46.47,2010-05,True
509955,DOT,DOTCOM POSTAGE,1,2010-05-26 12:49:00,6.77,,United Kingdom,6.77,2010-05,True
509957,DOT,DOTCOM POSTAGE,1,2010-05-26 12:49:00,45.19,,United Kingdom,45.19,2010-05,True
509956,M,MANUAL,2,2010-05-26 12:49:00,7.95,14715,United Kingdom,15.9,2010-05,True
509959,DOT,DOTCOM POSTAGE,1,2010-05-26 12:50:00,33.19,,United Kingdom,33.19,2010-05,True
509960,DOT,DOTCOM POSTAGE,1,2010-05-26 12:52:00,68.38,,United Kingdom,68.38,2010-05,True
509962,DOT,DOTCOM POSTAGE,1,2010-05-26 12:54:00,51.57,,United Kingdom,51.57,2010-05,True
C509969,POST,POSTAGE,-2,2010-05-26 13:21:00,18.0,12632,Germany,-36.0,2010-05,True
509972,DCGS0076,SUNJAR LED NIGHT NIGHT LIGHT,1,2010-05-26 13:34:00,16.13,,United Kingdom,16.13,2010-05,True
509972,DOT,DOTCOM POSTAGE,1,2010-05-26 13:34:00,197.17,,United Kingdom,197.17,2010-05,True
509979,D,DISCOUNT,1,2010-05-26 14:07:00,101.99,12843,United Kingdom,101.99,2010-05,True
509985,POST,POSTAGE,2,2010-05-26 14:43:00,1.0,12681,France,2.0,2010-05,True
C510039,M,MANUAL,-1,2010-05-26 15:48:00,2396.61,,Hong Kong,-2396.61,2010-05,True
510041,M,MANUAL,1,2010-05-26 15:56:00,2396.61,,Hong Kong,2396.61,2010-05,True
510064,DOT,DOTCOM POSTAGE,1,2010-05-27 10:56:00,176.61,,United Kingdom,176.61,2010-05,True
510153,M,MANUAL,1,2010-05-27 13:25:00,8.5,16947,United Kingdom,8.5,2010-05,True
510176,POST,POSTAGE,2,2010-05-27 14:53:00,18.0,12609,Germany,36.0,2010-05,True
510228,DOT,DOTCOM POSTAGE,1,2010-05-28 09:16:00,159.2,,United Kingdom,159.2,2010-05,True
510354,POST,POSTAGE,2,2010-05-28 15:12:00,18.0,12499,Germany,36.0,2010-05,True
510410,gift_0001_30,DOTCOMGIFTSHOP GIFT VOUCHER £30.00,1,2010-05-28 17:25:00,25.53,,United Kingdom,25.53,2010-05,True
510410,DOT,DOTCOM POSTAGE,1,2010-05-28 17:25:00,124.03,,United Kingdom,124.03,2010-05,True
510453,POST,POSTAGE,2,2010-06-01 10:42:00,18.0,12701,Germany,36.0,2010-06,True
510519,DOT,DOTCOM POSTAGE,1,2010-06-01 13:49:00,47.97,,United Kingdom,47.97,2010-06,True
510542,M,MANUAL,1,2010-06-01 14:46:00,3.95,,United Kingdom,3.95,2010-06,True
510637,gift_0001_10,DOTCOMGIFTSHOP GIFT VOUCHER £10.00,1,2010-06-02 11:54:00,8.51,,United Kingdom,8.51,2010-06,True
510637,DOT,DOTCOM POSTAGE,1,2010-06-02 11:54:00,100.85,,United Kingdom,100.85,2010-06,True
510651,POST,POSTAGE,1,2010-06-02 13:34:00,18.0,12437,France,18.0,2010-06,True
510660,POST,POSTAGE,1,2010-06-02 14:30:00,18.0,12677,France,18.0,2010-06,True
510668,POST,POSTAGE,2,2010-06-02 15:03:00,17.0,12681,France,34.0,2010-06,True
510757,POST,POSTAGE,2,2010-06-03 12:51:00,15.0,12874,Belgium,30.0,2010-06,True
C510758,BANK CHARGES,BANK CHARGES,-1,2010-06-03 12:52:00,25.0,,United Kingdom,-25.0,2010-06,True
C510758,BANK CHARGES,BANK CHARGES,-1,2010-06-03 12:52:00,414.08,,United Kingdom,-414.08,2010-06,True
C510764,BANK CHARGES,BANK CHARGES,-1,2010-06-03 13:12:00,589.59,,United Kingdom,-589.59,2010-06,True
C510765,M,MANUAL,-1,2010-06-03 13:16:00,8.29,,United Kingdom,-8.29,2010-06,True
C510766,M,MANUAL,-1,2010-06-03 13:22:00,12.68,,United Kingdom,-12.68,2010-06,True
C510768,BANK CHARGES,BANK CHARGES,-1,2010-06-03 13:26:00,25.0,,United Kingdom,-25.0,2010-06,True
C510768,BANK CHARGES,BANK CHARGES,-1,2010-06-03 13:26:00,555.22,,United Kingdom,-555.22,2010-06,True
510772,DOT,DOTCOM POSTAGE,1,2010-06-03 14:02:00,62.29,,United Kingdom,62.29,2010-06,True
510782,POST,POSTAGE,2,2010-06-03 15:29:00,18.0,12583,France,36.0,2010-06,True
510792,M,MANUAL,1,2010-06-03 16:33:00,1.45,15867,United Kingdom,1.45,2010-06,True
510824,POST,POSTAGE,1,2010-06-03 19:57:00,15.0,12643,France,15.0,2010-06,True
C510827,POST,POSTAGE,-1,2010-06-03 20:05:00,6.95,16233,United Kingdom,-6.95,2010-06,True
C510832,D,DISCOUNT,-1,2010-06-03 20:14:00,4.77,17581,United Kingdom,-4.77,2010-06,True
C510832,D,DISCOUNT,-1,2010-06-03 20:14:00,59.29,17581,United Kingdom,-59.29,2010-06,True
510936,POST,POSTAGE,2,2010-06-04 10:35:00,18.0,12701,Germany,36.0,2010-06,True
510983,DOT,DOTCOM POSTAGE,1,2010-06-04 12:23:00,43.59,,United Kingdom,43.59,2010-06,True
510987,M,MANUAL,1,2010-06-04 12:50:00,2.95,13443,United Kingdom,2.95,2010-06,True
510999,DOT,DOTCOM POSTAGE,1,2010-06-04 14:40:00,23.23,,United Kingdom,23.23,2010-06,True
511000,DOT,DOTCOM POSTAGE,1,2010-06-04 14:44:00,9.96,,United Kingdom,9.96,2010-06,True
511001,DOT,DOTCOM POSTAGE,1,2010-06-04 14:48:00,10.09,,United Kingdom,10.09,2010-06,True
511002,DOT,DOTCOM POSTAGE,1,2010-06-04 14:49:00,21.57,,United Kingdom,21.57,2010-06,True
511004,DOT,DOTCOM POSTAGE,1,2010-06-04 14:53:00,26.55,,United Kingdom,26.55,2010-06,True
511005,DOT,DOTCOM POSTAGE,1,2010-06-04 14:54:00,76.6,,United Kingdom,76.6,2010-06,True
511006,DOT,DOTCOM POSTAGE,1,2010-06-04 14:55:00,93.19,,United Kingdom,93.19,2010-06,True
511007,DOT,DOTCOM POSTAGE,1,2010-06-04 14:57:00,51.7,,United Kingdom,51.7,2010-06,True
511008,DOT,DOTCOM POSTAGE,1,2010-06-04 14:57:00,10.09,,United Kingdom,10.09,2010-06,True
511009,DOT,DOTCOM POSTAGE,1,2010-06-04 14:58:00,50.04,,United Kingdom,50.04,2010-06,True
511010,DOT,DOTCOM POSTAGE,1,2010-06-04 14:59:00,18.38,,United Kingdom,18.38,2010-06,True
511011,DOT,DOTCOM POSTAGE,1,2010-06-04 14:59:00,46.6,,United Kingdom,46.6,2010-06,True
511012,DOT,DOTCOM POSTAGE,1,2010-06-04 15:00:00,38.43,,United Kingdom,38.43,2010-06,True
511018,DOT,DOTCOM POSTAGE,1,2010-06-04 15:50:00,211.5,,United Kingdom,211.5,2010-06,True
511021,DCGS0041,HAYNES MINI-COOPER PLAYING CARDS,1,2010-06-04 16:13:00,5.06,,United Kingdom,5.06,2010-06,True
511021,DOT,DOTCOM POSTAGE,1,2010-06-04 16:13:00,183.4,,United Kingdom,183.4,2010-06,True
C511028,D,DISCOUNT,-1,2010-06-06 10:33:00,56.9,14441,United Kingdom,-56.9,2010-06,True
C511043,D,DISCOUNT,-1,2010-06-06 11:23:00,23.62,14878,United Kingdom,-23.62,2010-06,True
C511054,D,DISCOUNT,-1,2010-06-06 12:16:00,80.7,17841,United Kingdom,-80.7,2010-06,True
511063,M,MANUAL,2,2010-06-06 12:45:00,1.25,15988,United Kingdom,2.5,2010-06,True
511096,POST,POSTAGE,3,2010-06-06 15:49:00,18.0,12682,France,54.0,2010-06,True
511105,POST,POSTAGE,7,2010-06-07 09:37:00,18.0,13815,Germany,126.0,2010-06,True
511117,POST,POSTAGE,16,2010-06-07 10:41:00,10.95,12471,Germany,175.2,2010-06,True
C511120,POST,POSTAGE,-16,2010-06-07 10:50:00,10.95,12471,Germany,-175.2,2010-06,True
511121,POST,POSTAGE,6,2010-06-07 10:52:00,18.0,12471,Germany,108.0,2010-06,True
511122,DOT,DOTCOM POSTAGE,1,2010-06-07 10:54:00,103.31,,United Kingdom,103.31,2010-06,True
511124,DOT,DOTCOM POSTAGE,1,2010-06-07 10:58:00,42.16,,United Kingdom,42.16,2010-06,True
511236,M,MANUAL,2,2010-06-07 12:29:00,5.0,18203,United Kingdom,10.0,2010-06,True
C511264,D,DISCOUNT,-1,2010-06-07 12:45:00,35.1,16655,United Kingdom,-35.1,2010-06,True
C511272,D,DISCOUNT,-1,2010-06-07 13:06:00,43.17,14159,United Kingdom,-43.17,2010-06,True
511282,DOT,DOTCOM POSTAGE,1,2010-06-07 14:22:00,35.47,,United Kingdom,35.47,2010-06,True
511434,M,MANUAL,25,2010-06-08 11:50:00,0.42,17201,United Kingdom,10.5,2010-06,True
511452,DOT,DOTCOM POSTAGE,1,2010-06-08 12:44:00,98.91,,United Kingdom,98.91,2010-06,True
511462,POST,POSTAGE,1,2010-06-08 12:55:00,290.0,12647,Germany,290.0,2010-06,True
511501,M,MANUAL,6,2010-06-08 14:52:00,1.25,15532,United Kingdom,7.5,2010-06,True
511507,DOT,DOTCOM POSTAGE,1,2010-06-08 15:24:00,53.49,,United Kingdom,53.49,2010-06,True
511506,DOT,DOTCOM POSTAGE,1,2010-06-08 15:24:00,36.64,,United Kingdom,36.64,2010-06,True
511508,DOT,DOTCOM POSTAGE,1,2010-06-08 15:25:00,89.87,,United Kingdom,89.87,2010-06,True
511509,m,MANUAL,1,2010-06-08 15:26:00,2.55,,United Kingdom,2.55,2010-06,True
511509,DOT,DOTCOM POSTAGE,1,2010-06-08 15:26:00,137.53,,United Kingdom,137.53,2010-06,True
C511516,M,MANUAL,-1,2010-06-08 16:22:00,297.57,14308,United Kingdom,-297.57,2010-06,True
511517,M,MANUAL,1,2010-06-08 16:24:00,1.05,17962,United Kingdom,1.05,2010-06,True
511520,M,MANUAL,1,2010-06-08 16:39:00,849.45,14308,United Kingdom,849.45,2010-06,True
C511521,M,MANUAL,-1,2010-06-08 16:45:00,849.45,14308,United Kingdom,-849.45,2010-06,True
511523,M,MANUAL,1,2010-06-08 16:48:00,297.57,14308,United Kingdom,297.57,2010-06,True
C511524,M,MANUAL,-1,2010-06-08 16:52:00,849.45,14308,United Kingdom,-849.45,2010-06,True
511525,M,MANUAL,1,2010-06-08 16:53:00,849.45,,United Kingdom,849.45,2010-06,True
511544,DOT,DOTCOM POSTAGE,1,2010-06-08 17:48:00,214.49,,United Kingdom,214.49,2010-06,True
511547,POST,POSTAGE,1,2010-06-09 08:46:00,18.0,12599,France,18.0,2010-06,True
511549,POST,POSTAGE,1,2010-06-09 09:15:00,40.0,12483,Sweden,40.0,2010-06,True
511616,M,MANUAL,1,2010-06-09 12:11:00,0.85,15527,United Kingdom,0.85,2010-06,True
C511617,M,MANUAL,-15,2010-06-09 12:12:00,5.45,15527,United Kingdom,-81.75,2010-06,True
511655,M,MANUAL,1,2010-06-09 14:09:00,3.0,14104,United Kingdom,3.0,2010-06,True
511656,DOT,DOTCOM POSTAGE,1,2010-06-09 14:13:00,141.3,,United Kingdom,141.3,2010-06,True
511703,POST,POSTAGE,4,2010-06-10 09:40:00,18.0,12727,France,72.0,2010-06,True
511771,M,MANUAL,1,2010-06-10 12:12:00,15.0,17032,United Kingdom,15.0,2010-06,True
C511773,M,MANUAL,-1,2010-06-10 12:15:00,15.0,17032,United Kingdom,-15.0,2010-06,True
511774,BANK CHARGES,BANK CHARGES,1,2010-06-10 12:16:00,15.0,17032,United Kingdom,15.0,2010-06,True
511780,POST,POSTAGE,2,2010-06-10 12:43:00,1.0,12662,Germany,2.0,2010-06,True
C511793,M,MANUAL,-1,2010-06-10 14:12:00,241.38,16943,United Kingdom,-241.38,2010-06,True
511794,M,MANUAL,1,2010-06-10 14:16:00,241.38,,United Kingdom,241.38,2010-06,True
511825,POST,POSTAGE,1,2010-06-10 16:35:00,18.0,12726,France,18.0,2010-06,True
511855,POST,POSTAGE,5,2010-06-11 08:25:00,18.0,12681,France,90.0,2010-06,True
511858,DCGS0003,BOXED GLASS ASHTRAY,1,2010-06-11 10:05:00,2.51,,United Kingdom,2.51,2010-06,True
511858,DOT,DOTCOM POSTAGE,1,2010-06-11 10:05:00,148.6,,United Kingdom,148.6,2010-06,True
511960,M,MANUAL,6,2010-06-11 13:23:00,0.45,14727,United Kingdom,2.7,2010-06,True
C511965,M,MANUAL,-6,2010-06-11 13:34:00,0.45,14727,United Kingdom,-2.7,2010-06,True
511967,M,MANUAL,1,2010-06-11 13:43:00,5.0,17867,United Kingdom,5.0,2010-06,True
511971,M,MANUAL,12,2010-06-11 14:05:00,0.4,,United Kingdom,4.800000000000001,2010-06,True
511972,DOT,DOTCOM POSTAGE,1,2010-06-11 14:35:00,106.31,,United Kingdom,106.31,2010-06,True
511988,M,MANUAL,1,2010-06-11 14:49:00,302.09,,United Kingdom,302.09,2010-06,True
C511996,M,MANUAL,-1,2010-06-11 15:31:00,648.05,17546,United Kingdom,-648.05,2010-06,True
511997,M,MANUAL,1,2010-06-11 15:34:00,648.05,,United Kingdom,648.05,2010-06,True
C511999,M,MANUAL,-1,2010-06-11 15:44:00,1000.63,14255,United Kingdom,-1000.63,2010-06,True
C512000,M,MANUAL,-1,2010-06-11 15:47:00,590.0,14255,United Kingdom,-590.0,2010-06,True
512002,M,MANUAL,1,2010-06-11 15:54:00,1000.63,14255,United Kingdom,1000.63,2010-06,True
C512003,M,MANUAL,-1,2010-06-11 15:57:00,851.6,14255,United Kingdom,-851.6,2010-06,True
C512006,M,MANUAL,-1,2010-06-11 15:59:00,851.6,,United Kingdom,-851.6,2010-06,True
512011,M,MANUAL,1,2010-06-11 16:01:00,590.0,,United Kingdom,590.0,2010-06,True
512024,M,MANUAL,1,2010-06-11 16:06:00,851.6,,United Kingdom,851.6,2010-06,True
512029,M,MANUAL,1,2010-06-11 16:08:00,851.6,,United Kingdom,851.6,2010-06,True
C512043,M,MANUAL,-1,2010-06-11 16:53:00,355.2,13231,United Kingdom,-355.2,2010-06,True
512044,M,MANUAL,1,2010-06-11 16:55:00,355.2,,United Kingdom,355.2,2010-06,True
512083,POST,POSTAGE,2,2010-06-13 12:32:00,18.0,12623,Germany,36.0,2010-06,True
512128,POST,POSTAGE,1,2010-06-14 09:40:00,35.0,12594,Italy,35.0,2010-06,True
512168,gift_0001_70,DOTCOMGIFTSHOP GIFT VOUCHER £70.00,1,2010-06-14 11:24:00,59.57,,United Kingdom,59.57,2010-06,True
512168,DOT,DOTCOM POSTAGE,1,2010-06-14 11:24:00,117.82,,United Kingdom,117.82,2010-06,True
C512272,M,MANUAL,-2,2010-06-14 13:32:00,1.0,15031,United Kingdom,-2.0,2010-06,True
C512272,M,MANUAL,-8,2010-06-14 13:32:00,1.0,15031,United Kingdom,-8.0,2010-06,True
512280,C2,CARRIAGE,1,2010-06-14 14:03:00,50.0,14911,EIRE,50.0,2010-06,True
512289,DCGS0037,KEY-RING CORKSCREW,1,2010-06-14 14:49:00,12.72,,United Kingdom,12.72,2010-06,True
512289,DOT,DOTCOM POSTAGE,1,2010-06-14 14:49:00,41.7,,United Kingdom,41.7,2010-06,True
C512293,M,MANUAL,-1,2010-06-14 15:02:00,10.0,13069,United Kingdom,-10.0,2010-06,True
512295,M,MANUAL,144,2010-06-14 15:11:00,1.25,15311,United Kingdom,180.0,2010-06,True
512309,C2,CARRIAGE,1,2010-06-14 16:43:00,50.0,14911,EIRE,50.0,2010-06,True
C512323,D,DISCOUNT,-1,2010-06-15 09:39:00,20.0,14911,EIRE,-20.0,2010-06,True
512386,POST,POSTAGE,7,2010-06-15 12:14:00,18.0,12472,Germany,126.0,2010-06,True
C512427,M,MANUAL,-1,2010-06-15 15:02:00,207.89,,United Kingdom,-207.89,2010-06,True
C512428,BANK CHARGES,BANK CHARGES,-1,2010-06-15 15:03:00,388.41,,United Kingdom,-388.41,2010-06,True
C512429,M,MANUAL,-1,2010-06-15 15:05:00,1018.58,,United Kingdom,-1018.58,2010-06,True
512430,M,MANUAL,1,2010-06-15 15:20:00,207.89,,United Kingdom,207.89,2010-06,True
C512431,M,MANUAL,-1,2010-06-15 15:22:00,307.89,,United Kingdom,-307.89,2010-06,True
512435,DOT,DOTCOM POSTAGE,1,2010-06-15 15:54:00,27.87,,United Kingdom,27.87,2010-06,True
512437,DCGS0003,BOXED GLASS ASHTRAY,1,2010-06-15 16:17:00,2.51,,United Kingdom,2.51,2010-06,True
512437,DOT,DOTCOM POSTAGE,1,2010-06-15 16:17:00,95.17,,United Kingdom,95.17,2010-06,True
512461,C2,CARRIAGE,1,2010-06-16 10:23:00,50.0,13338,United Kingdom,50.0,2010-06,True
512538,POST,POSTAGE,3,2010-06-16 12:45:00,18.0,12613,Germany,54.0,2010-06,True
512540,POST,POSTAGE,2,2010-06-16 12:54:00,18.0,12540,Spain,36.0,2010-06,True
512558,C2,CARRIAGE,1,2010-06-16 14:26:00,50.0,14911,EIRE,50.0,2010-06,True
512570,M,MANUAL,1,2010-06-16 14:47:00,10.0,14075,United Kingdom,10.0,2010-06,True
512589,DOT,DOTCOM POSTAGE,1,2010-06-16 16:04:00,124.97,,United Kingdom,124.97,2010-06,True
512606,POST,POSTAGE,2,2010-06-17 09:30:00,18.0,13919,Denmark,36.0,2010-06,True
512658,BANK CHARGES,BANK CHARGES,1,2010-06-17 11:24:00,15.0,14085,United Kingdom,15.0,2010-06,True
512659,M,MANUAL,1,2010-06-17 11:26:00,5.0,17884,United Kingdom,5.0,2010-06,True
512723,POST,POSTAGE,4,2010-06-17 13:06:00,15.0,12417,Belgium,60.0,2010-06,True
512733,DOT,DOTCOM POSTAGE,1,2010-06-17 13:48:00,71.69,,United Kingdom,71.69,2010-06,True
512737,DCGSSBOY,UPDATE,100,2010-06-17 14:10:00,0.0,,United Kingdom,0.0,2010-06,True
512738,DCGSSGIRL,UPDATE,100,2010-06-17 14:11:00,0.0,,United Kingdom,0.0,2010-06,True
512744,POST,POSTAGE,6,2010-06-17 14:46:00,18.0,12681,France,108.0,2010-06,True
C512747,M,MANUAL,-1,2010-06-17 14:54:00,955.06,13335,United Kingdom,-955.06,2010-06,True
512748,M,MANUAL,1,2010-06-17 14:56:00,955.06,,United Kingdom,955.06,2010-06,True
512751,M,MANUAL,25,2010-06-17 15:08:00,0.42,17953,United Kingdom,10.5,2010-06,True
C512752,M,MANUAL,-1,2010-06-17 15:23:00,3248.86,18023,United Kingdom,-3248.86,2010-06,True
512754,M,MANUAL,1,2010-06-17 15:26:00,3248.86,,United Kingdom,3248.86,2010-06,True
C512758,M,MANUAL,-1,2010-06-17 15:49:00,4620.86,16981,United Kingdom,-4620.86,2010-06,True
512759,M,MANUAL,1,2010-06-17 15:51:00,4620.86,,United Kingdom,4620.86,2010-06,True
C512763,POST,POSTAGE,-1,2010-06-17 16:10:00,3.58,,United Kingdom,-3.58,2010-06,True
C512770,M,MANUAL,-1,2010-06-17 16:52:00,25111.09,17399,United Kingdom,-25111.09,2010-06,True
512771,M,MANUAL,1,2010-06-17 16:53:00,25111.09,,United Kingdom,25111.09,2010-06,True
512804,M,MANUAL,1,2010-06-18 11:16:00,241.38,16943,United Kingdom,241.38,2010-06,True
C512805,M,MANUAL,-1,2010-06-18 11:18:00,241.38,,United Kingdom,-241.38,2010-06,True
512806,M,MANUAL,34,2010-06-18 11:21:00,0.21,15483,United Kingdom,7.14,2010-06,True
C512845,C2,CARRIAGE,-1,2010-06-18 11:40:00,50.0,13338,United Kingdom,-50.0,2010-06,True
512892,POST,POSTAGE,4,2010-06-18 12:28:00,15.0,12802,Netherlands,60.0,2010-06,True
C512898,M,MANUAL,-1,2010-06-18 12:53:00,302.09,14967,United Kingdom,-302.09,2010-06,True
512902,POST,POSTAGE,2,2010-06-18 13:22:00,18.0,12412,Denmark,36.0,2010-06,True
512911,DCGS0058,MISO PRETTY  GUM,1,2010-06-18 14:56:00,0.81,,United Kingdom,0.81,2010-06,True
512911,DOT,DOTCOM POSTAGE,1,2010-06-18 14:56:00,50.68,,United Kingdom,50.68,2010-06,True
512930,POST,POSTAGE,4,2010-06-20 12:09:00,18.0,12621,Germany,72.0,2010-06,True
513048,M,MANUAL,1,2010-06-21 13:04:00,0.85,16391,United Kingdom,0.85,2010-06,True
513099,DCGS0003,BOXED GLASS ASHTRAY,1,2010-06-21 15:13:00,2.51,,United Kingdom,2.51,2010-06,True
513099,DCGSSBOY,BOYS PARTY BAG,5,2010-06-21 15:13:00,3.36,,United Kingdom,16.8,2010-06,True
513099,DCGSSGIRL,GIRLS PARTY BAG,3,2010-06-21 15:13:00,3.36,,United Kingdom,10.08,2010-06,True
513099,DOT,DOTCOM POSTAGE,1,2010-06-21 15:13:00,67.03,,United Kingdom,67.03,2010-06,True
513122,POST,POSTAGE,1,2010-06-22 10:05:00,130.0,12634,USA,130.0,2010-06,True
513147,POST,POSTAGE,1,2010-06-22 10:38:00,15.0,12774,Netherlands,15.0,2010-06,True
513167,C2,CARRIAGE,1,2010-06-22 11:49:00,50.0,14911,EIRE,50.0,2010-06,True
513172,POST,POSTAGE,3,2010-06-22 12:16:00,28.0,12785,Portugal,84.0,2010-06,True
513188,POST,POSTAGE,3,2010-06-22 14:00:00,18.0,12724,France,54.0,2010-06,True
513199,DOT,DOTCOM POSTAGE,1,2010-06-22 16:21:00,53.77,,United Kingdom,53.77,2010-06,True
513200,DCGSSBOY,BOYS PARTY BAG,7,2010-06-22 16:28:00,3.36,,United Kingdom,23.52,2010-06,True
513200,DCGSSGIRL,GIRLS PARTY BAG,6,2010-06-22 16:28:00,3.36,,United Kingdom,20.16,2010-06,True
513200,DOT,DOTCOM POSTAGE,1,2010-06-22 16:28:00,41.96,,United Kingdom,41.96,2010-06,True
513248,POST,POSTAGE,2,2010-06-23 10:49:00,28.0,12792,Portugal,56.0,2010-06,True
513263,M,MANUAL,28,2010-06-23 11:34:00,0.21,14725,United Kingdom,5.88,2010-06,True
513275,POST,POSTAGE,3,2010-06-23 12:49:00,15.0,12379,Belgium,45.0,2010-06,True
513308,DOT,DOTCOM POSTAGE,1,2010-06-23 14:49:00,41.17,,United Kingdom,41.17,2010-06,True
513316,C2,CARRIAGE,1,2010-06-23 16:03:00,50.0,14911,EIRE,50.0,2010-06,True
513328,DOT,DOTCOM POSTAGE,1,2010-06-23 17:16:00,71.32,,United Kingdom,71.32,2010-06,True
513334,POST,POSTAGE,3,2010-06-24 09:29:00,18.0,12437,France,54.0,2010-06,True
513356,DOT,DOTCOM POSTAGE,1,2010-06-24 11:31:00,73.23,,United Kingdom,73.23,2010-06,True
513359,DOT,DOTCOM POSTAGE,1,2010-06-24 11:32:00,14.26,,United Kingdom,14.26,2010-06,True
513364,DOT,DOTCOM POSTAGE,1,2010-06-24 11:33:00,100.98,,United Kingdom,100.98,2010-06,True
513362,DOT,DOTCOM POSTAGE,1,2010-06-24 11:33:00,54.26,,United Kingdom,54.26,2010-06,True
513368,DOT,DOTCOM POSTAGE,1,2010-06-24 11:34:00,119.96,,United Kingdom,119.96,2010-06,True
513374,DOT,DOTCOM POSTAGE,1,2010-06-24 11:35:00,122.0,,United Kingdom,122.0,2010-06,True
513369,DOT,DOTCOM POSTAGE,1,2010-06-24 11:35:00,87.7,,United Kingdom,87.7,2010-06,True
513372,C2,CARRIAGE,1,2010-06-24 11:35:00,50.0,14911,EIRE,50.0,2010-06,True
513371,DOT,DOTCOM POSTAGE,1,2010-06-24 11:35:00,50.13,,United Kingdom,50.13,2010-06,True
513381,DOT,DOTCOM POSTAGE,1,2010-06-24 11:38:00,84.51,,United Kingdom,84.51,2010-06,True
513383,DOT,DOTCOM POSTAGE,1,2010-06-24 11:39:00,66.17,,United Kingdom,66.17,2010-06,True
513387,DOT,DOTCOM POSTAGE,1,2010-06-24 11:40:00,64.09,,United Kingdom,64.09,2010-06,True
513395,DOT,DOTCOM POSTAGE,1,2010-06-24 11:46:00,45.11,,United Kingdom,45.11,2010-06,True
513396,DOT,DOTCOM POSTAGE,1,2010-06-24 11:47:00,7.49,,United Kingdom,7.49,2010-06,True
513397,DOT,DOTCOM POSTAGE,1,2010-06-24 11:47:00,27.45,,United Kingdom,27.45,2010-06,True
513398,DOT,DOTCOM POSTAGE,1,2010-06-24 11:48:00,51.06,,United Kingdom,51.06,2010-06,True
513399,DOT,DOTCOM POSTAGE,1,2010-06-24 11:48:00,82.68,,United Kingdom,82.68,2010-06,True
513401,DOT,DOTCOM POSTAGE,1,2010-06-24 11:50:00,72.17,,United Kingdom,72.17,2010-06,True
513400,DOT,DOTCOM POSTAGE,1,2010-06-24 11:50:00,52.64,,United Kingdom,52.64,2010-06,True
513403,DOT,DOTCOM POSTAGE,1,2010-06-24 11:51:00,71.23,,United Kingdom,71.23,2010-06,True
C513423,D,DISCOUNT,-1,2010-06-24 12:51:00,16.55,14527,United Kingdom,-16.55,2010-06,True
C513424,S,SAMPLES,-1,2010-06-24 12:53:00,6.75,,United Kingdom,-6.75,2010-06,True
C513424,S,SAMPLES,-1,2010-06-24 12:53:00,19.9,,United Kingdom,-19.9,2010-06,True
C513427,BANK CHARGES,BANK CHARGES,-1,2010-06-24 13:01:00,128.71,,United Kingdom,-128.71,2010-06,True
513450,M,MANUAL,1,2010-06-24 15:03:00,1549.66,,United Kingdom,1549.66,2010-06,True
513461,M,MANUAL,12,2010-06-24 15:50:00,1.25,15043,United Kingdom,15.0,2010-06,True
C513477,PADS,PADS TO MATCH ALL CUSHIONS,-1,2010-06-24 16:56:00,36.6,14459,United Kingdom,-36.6,2010-06,True
C513478,POST,POSTAGE,-1,2010-06-24 17:03:00,8.21,15513,United Kingdom,-8.21,2010-06,True
513564,ADJUST2,ADJUSTMENT BY PETER ON JUN 25 2010,1,2010-06-25 14:15:00,300.13,17050,United Kingdom,300.13,2010-06,True
513566,ADJUST2,ADJUSTMENT BY PETER ON JUN 25 2010,1,2010-06-25 14:15:00,358.47,17364,United Kingdom,358.47,2010-06,True
513565,ADJUST2,ADJUSTMENT BY PETER ON JUN 25 2010,1,2010-06-25 14:15:00,72.45,16422,United Kingdom,72.45,2010-06,True
513574,DCGSSBOY,BOYS PARTY BAG,3,2010-06-25 15:13:00,3.36,,United Kingdom,10.08,2010-06,True
513574,DCGSSGIRL,GIRLS PARTY BAG,1,2010-06-25 15:13:00,3.36,,United Kingdom,3.36,2010-06,True
513655,DCGSSBOY,BOYS PARTY BAG,4,2010-06-28 10:02:00,3.36,,United Kingdom,13.44,2010-06,True
513655,DCGSSGIRL,GIRLS PARTY BAG,5,2010-06-28 10:02:00,3.36,,United Kingdom,16.8,2010-06,True
513655,DOT,DOTCOM POSTAGE,1,2010-06-28 10:02:00,61.3,,United Kingdom,61.3,2010-06,True
513750,M,MANUAL,4,2010-06-28 12:38:00,2.55,17019,United Kingdom,10.2,2010-06,True
513763,POST,POSTAGE,7,2010-06-28 13:06:00,28.0,12784,Portugal,196.0,2010-06,True
513764,DOT,DOTCOM POSTAGE,1,2010-06-28 13:12:00,98.11,,United Kingdom,98.11,2010-06,True
513769,POST,POSTAGE,1,2010-06-28 13:44:00,18.0,12701,Germany,18.0,2010-06,True
513784,POST,POSTAGE,1,2010-06-28 14:36:00,170.0,12741,USA,170.0,2010-06,True
513809,POST,POSTAGE,2,2010-06-29 09:28:00,18.0,12682,France,36.0,2010-06,True
513813,POST,POSTAGE,6,2010-06-29 09:52:00,18.0,13023,United Kingdom,108.0,2010-06,True
513815,POST,POSTAGE,1,2010-06-29 09:59:00,18.0,12647,Germany,18.0,2010-06,True
513820,POST,POSTAGE,2,2010-06-29 10:35:00,18.0,12567,France,36.0,2010-06,True
513876,POST,POSTAGE,6,2010-06-29 11:55:00,18.0,12471,Germany,108.0,2010-06,True
513907,DCGSSGIRL,GIRLS PARTY BAG,1,2010-06-29 12:08:00,3.36,,United Kingdom,3.36,2010-06,True
513907,DOT,DOTCOM POSTAGE,1,2010-06-29 12:08:00,73.26,,United Kingdom,73.26,2010-06,True
513940,POST,POSTAGE,1,2010-06-29 13:05:00,15.0,12788,Netherlands,15.0,2010-06,True
513942,DOT,DOTCOM POSTAGE,1,2010-06-29 13:12:00,85.14,,United Kingdom,85.14,2010-06,True
513964,POST,POSTAGE,12,2010-06-29 15:17:00,15.0,12380,Belgium,180.0,2010-06,True
513965,POST,POSTAGE,4,2010-06-29 15:28:00,15.0,12380,Belgium,60.0,2010-06,True
C513966,POST,POSTAGE,-16,2010-06-29 15:32:00,15.0,12380,Belgium,-240.0,2010-06,True
513967,POST,POSTAGE,1,2010-06-29 15:34:00,145.0,12380,Belgium,145.0,2010-06,True
513972,M,MANUAL,1,2010-06-29 16:13:00,4.25,15532,United Kingdom,4.25,2010-06,True
513995,POST,POSTAGE,3,2010-06-30 08:50:00,18.0,13813,Germany,54.0,2010-06,True
514004,C2,CARRIAGE,1,2010-06-30 09:37:00,50.0,14156,EIRE,50.0,2010-06,True
C514024,M,MANUAL,-1,2010-06-30 11:22:00,5.18,12346,United Kingdom,-5.18,2010-06,True
C514024,M,MANUAL,-1,2010-06-30 11:22:00,12.94,12346,United Kingdom,-12.94,2010-06,True
C514024,M,MANUAL,-1,2010-06-30 11:22:00,4.66,12346,United Kingdom,-4.66,2010-06,True
C514024,M,MANUAL,-1,2010-06-30 11:22:00,25.88,12346,United Kingdom,-25.88,2010-06,True
C514024,M,MANUAL,-3,2010-06-30 11:22:00,12.94,12346,United Kingdom,-38.82,2010-06,True
C514024,M,MANUAL,-1,2010-06-30 11:22:00,1.15,12346,United Kingdom,-1.15,2010-06,True
C514024,M,MANUAL,-4,2010-06-30 11:22:00,13.22,12346,United Kingdom,-52.88,2010-06,True
C514024,M,MANUAL,-1,2010-06-30 11:22:00,31.78,12346,United Kingdom,-31.78,2010-06,True
C514024,M,MANUAL,-1,2010-06-30 11:22:00,142.31,12346,United Kingdom,-142.31,2010-06,True
514063,POST,POSTAGE,2,2010-06-30 11:57:00,18.0,12708,Germany,36.0,2010-06,True
C514072,POST,POSTAGE,-1,2010-06-30 11:59:00,18.0,12708,Germany,-18.0,2010-06,True
C514095,M,MANUAL,-2,2010-06-30 12:17:00,2.75,12770,Japan,-5.5,2010-06,True
514097,DOT,DOTCOM POSTAGE,1,2010-06-30 12:27:00,103.83,,United Kingdom,103.83,2010-06,True
514138,C2,CARRIAGE,1,2010-06-30 13:43:00,50.0,14911,EIRE,50.0,2010-06,True
C514156,M,MANUAL,-1,2010-06-30 14:18:00,85.13,14911,EIRE,-85.13,2010-06,True
514157,M,MANUAL,1,2010-06-30 14:20:00,85.13,14911,EIRE,85.13,2010-06,True
514165,POST,POSTAGE,4,2010-06-30 15:35:00,18.0,12714,France,72.0,2010-06,True
514198,DOT,DOTCOM POSTAGE,1,2010-06-30 15:55:00,122.2,,United Kingdom,122.2,2010-06,True
514219,POST,POSTAGE,2,2010-07-01 09:15:00,18.0,12575,France,36.0,2010-07,True
514226,POST,POSTAGE,3,2010-07-01 10:28:00,18.0,12468,Germany,54.0,2010-07,True
C514303,D,DISCOUNT,-1,2010-07-01 12:45:00,18.42,14527,United Kingdom,-18.42,2010-07,True
514310,POST,POSTAGE,1,2010-07-01 13:14:00,15.0,12765,Netherlands,15.0,2010-07,True
514312,POST,POSTAGE,2,2010-07-01 13:25:00,18.0,12662,Germany,36.0,2010-07,True
514319,POST,POSTAGE,2,2010-07-01 13:46:00,40.0,12576,Poland,80.0,2010-07,True
514324,M,MANUAL,2,2010-07-01 14:13:00,0.85,16011,United Kingdom,1.7,2010-07,True
C514326,M,MANUAL,-1,2010-07-01 14:21:00,20.3,13503,United Kingdom,-20.3,2010-07,True
C514327,M,MANUAL,-1,2010-07-01 14:22:00,20.3,13503,United Kingdom,-20.3,2010-07,True
514329,M,MANUAL,4,2010-07-01 14:27:00,20.3,13503,United Kingdom,81.2,2010-07,True
514338,DOT,DOTCOM POSTAGE,1,2010-07-01 14:43:00,92.63,,United Kingdom,92.63,2010-07,True
C514340,M,MANUAL,-9,2010-07-01 15:01:00,3.75,14527,United Kingdom,-33.75,2010-07,True
C514340,M,MANUAL,-3,2010-07-01 15:01:00,1.25,14527,United Kingdom,-3.75,2010-07,True
C514340,M,MANUAL,-1,2010-07-01 15:01:00,2.1,14527,United Kingdom,-2.1,2010-07,True
514355,M,MANUAL,6,2010-07-01 16:48:00,2.55,17589,United Kingdom,15.299999999999999,2010-07,True
514371,POST,POSTAGE,1,2010-07-02 09:27:00,18.0,12422,Switzerland,18.0,2010-07,True
514387,POST,POSTAGE,10,2010-07-02 11:44:00,18.0,12633,Germany,180.0,2010-07,True
C514482,POST,POSTAGE,-2,2010-07-02 14:38:00,18.0,12422,Switzerland,-36.0,2010-07,True
514484,POST,POSTAGE,2,2010-07-02 14:39:00,18.0,12422,Switzerland,36.0,2010-07,True
C514485,POST,POSTAGE,-1,2010-07-02 14:41:00,18.0,12422,Switzerland,-18.0,2010-07,True
514486,POST,POSTAGE,1,2010-07-02 14:41:00,40.0,12422,Switzerland,40.0,2010-07,True
514487,M,MANUAL,1,2010-07-02 14:46:00,6.75,18002,United Kingdom,6.75,2010-07,True
514488,M,MANUAL,2,2010-07-02 15:09:00,0.55,17988,United Kingdom,1.1,2010-07,True
514491,M,MANUAL,5,2010-07-02 15:17:00,0.55,17988,United Kingdom,2.75,2010-07,True
514529,POST,POSTAGE,2,2010-07-05 09:58:00,18.0,12681,France,36.0,2010-07,True
514532,47503J ,SET/3 FLORAL GARDEN TOOLS IN BAG,1,2010-07-05 10:07:00,16.13,,United Kingdom,16.13,2010-07,True
514532,DCGS0058,MISO PRETTY  GUM,1,2010-07-05 10:07:00,0.81,,United Kingdom,0.81,2010-07,True
514532,DOT,DOTCOM POSTAGE,1,2010-07-05 10:07:00,116.42,,United Kingdom,116.42,2010-07,True
514682,POST,POSTAGE,5,2010-07-05 13:56:00,18.0,12693,Germany,90.0,2010-07,True
514692,POST,POSTAGE,1,2010-07-05 14:47:00,18.0,12500,Germany,18.0,2010-07,True
514720,C2,CARRIAGE,1,2010-07-05 16:35:00,50.0,14911,EIRE,50.0,2010-07,True
514728,gift_0001_30,DOTCOMGIFTSHOP GIFT VOUCHER £30.00,1,2010-07-06 09:51:00,25.53,,United Kingdom,25.53,2010-07,True
514728,DOT,DOTCOM POSTAGE,1,2010-07-06 09:51:00,100.72,,United Kingdom,100.72,2010-07,True
514808,POST,POSTAGE,2,2010-07-06 11:39:00,18.0,12403,Denmark,36.0,2010-07,True
514814,POST,POSTAGE,2,2010-07-06 12:15:00,15.0,12402,Belgium,30.0,2010-07,True
514823,POST,POSTAGE,7,2010-07-06 12:19:00,18.0,12730,Germany,126.0,2010-07,True
514835,DCGS0058,MISO PRETTY  GUM,1,2010-07-06 14:25:00,0.81,,United Kingdom,0.81,2010-07,True
514835,DOT,DOTCOM POSTAGE,1,2010-07-06 14:25:00,79.05,,United Kingdom,79.05,2010-07,True
514864,POST,POSTAGE,2,2010-07-07 09:39:00,18.0,12632,Germany,36.0,2010-07,True
514867,POST,POSTAGE,3,2010-07-07 09:49:00,18.0,12583,France,54.0,2010-07,True
514911,DOT,DOTCOM POSTAGE,1,2010-07-07 11:15:00,68.77,,United Kingdom,68.77,2010-07,True
514913,DOT,DOTCOM POSTAGE,1,2010-07-07 11:17:00,55.06,,United Kingdom,55.06,2010-07,True
514912,DOT,DOTCOM POSTAGE,1,2010-07-07 11:17:00,71.87,,United Kingdom,71.87,2010-07,True
514914,DOT,DOTCOM POSTAGE,1,2010-07-07 11:18:00,45.96,,United Kingdom,45.96,2010-07,True
514918,DOT,DOTCOM POSTAGE,1,2010-07-07 11:18:00,38.51,,United Kingdom,38.51,2010-07,True
514916,DOT,DOTCOM POSTAGE,1,2010-07-07 11:18:00,40.0,,United Kingdom,40.0,2010-07,True
514921,DOT,DOTCOM POSTAGE,1,2010-07-07 11:19:00,77.49,,United Kingdom,77.49,2010-07,True
514923,DOT,DOTCOM POSTAGE,1,2010-07-07 11:19:00,67.66,,United Kingdom,67.66,2010-07,True
514926,DOT,DOTCOM POSTAGE,1,2010-07-07 11:20:00,71.96,,United Kingdom,71.96,2010-07,True
514928,DOT,DOTCOM POSTAGE,1,2010-07-07 11:21:00,63.53,,United Kingdom,63.53,2010-07,True
514931,DOT,DOTCOM POSTAGE,1,2010-07-07 11:21:00,60.21,,United Kingdom,60.21,2010-07,True
514935,DOT,DOTCOM POSTAGE,1,2010-07-07 11:22:00,50.13,,United Kingdom,50.13,2010-07,True
514936,DOT,DOTCOM POSTAGE,1,2010-07-07 11:23:00,66.17,,United Kingdom,66.17,2010-07,True
514949,POST,POSTAGE,3,2010-07-07 11:53:00,15.0,12759,Netherlands,45.0,2010-07,True
514950,DOT,DOTCOM POSTAGE,1,2010-07-07 11:57:00,120.06,,United Kingdom,120.06,2010-07,True
515013,gift_0001_20,DOTCOMGIFTSHOP GIFT VOUCHER £20.00,1,2010-07-07 16:29:00,17.02,,United Kingdom,17.02,2010-07,True
515013,DOT,DOTCOM POSTAGE,1,2010-07-07 16:29:00,195.22,,United Kingdom,195.22,2010-07,True
C515014,M,MANUAL,-1,2010-07-07 16:32:00,1588.51,15581,United Kingdom,-1588.51,2010-07,True
515019,POST,POSTAGE,2,2010-07-08 09:00:00,18.0,12712,Germany,36.0,2010-07,True
515020,POST,POSTAGE,1,2010-07-08 09:13:00,15.0,12399,Belgium,15.0,2010-07,True
C515101,D,DISCOUNT,-1,2010-07-08 12:01:00,8.95,14527,United Kingdom,-8.95,2010-07,True
515118,POST,POSTAGE,2,2010-07-08 13:31:00,28.0,12782,Portugal,56.0,2010-07,True
C515120,POST,POSTAGE,-1,2010-07-08 13:45:00,7.5,14655,United Kingdom,-7.5,2010-07,True
515123,POST,POSTAGE,3,2010-07-08 14:06:00,18.0,12592,Germany,54.0,2010-07,True
C515125,M,MANUAL,-1,2010-07-08 14:14:00,715.02,12592,Germany,-715.02,2010-07,True
515128,M,MANUAL,1,2010-07-08 14:18:00,715.02,12592,Germany,715.02,2010-07,True
C515133,M,MANUAL,-1,2010-07-08 14:20:00,661.02,12592,Germany,-661.02,2010-07,True
C515139,M,MANUAL,-1,2010-07-08 14:21:00,54.0,12592,Germany,-54.0,2010-07,True
515146,POST,POSTAGE,3,2010-07-08 14:26:00,18.0,12592,Germany,54.0,2010-07,True
515254,DOT,DOTCOM POSTAGE,1,2010-07-09 11:44:00,172.49,,United Kingdom,172.49,2010-07,True
C515258,POST,POSTAGE,-1,2010-07-09 11:53:00,1.51,13337,United Kingdom,-1.51,2010-07,True
515280,POST,POSTAGE,2,2010-07-09 13:45:00,18.0,12621,Germany,36.0,2010-07,True
515287,DCGS0003,BOXED GLASS ASHTRAY,1,2010-07-09 14:58:00,2.51,,United Kingdom,2.51,2010-07,True
515287,DOT,DOTCOM POSTAGE,1,2010-07-09 14:58:00,129.49,,United Kingdom,129.49,2010-07,True
515344,C2,CARRIAGE,1,2010-07-12 10:07:00,50.0,14911,EIRE,50.0,2010-07,True
515346,M,MANUAL,1,2010-07-12 10:24:00,10.0,14608,United Kingdom,10.0,2010-07,True
515347,POST,POSTAGE,3,2010-07-12 10:26:00,18.0,12472,Germany,54.0,2010-07,True
515353,DOT,DOTCOM POSTAGE,1,2010-07-12 10:54:00,154.35,,United Kingdom,154.35,2010-07,True
515417,C2,CARRIAGE,1,2010-07-12 13:02:00,50.0,14911,EIRE,50.0,2010-07,True
515439,gift_0001_20,DOTCOMGIFTSHOP GIFT VOUCHER £20.00,1,2010-07-12 14:52:00,17.02,,United Kingdom,17.02,2010-07,True
515439,DOT,DOTCOM POSTAGE,1,2010-07-12 14:52:00,114.04,,United Kingdom,114.04,2010-07,True
515476,C2,CARRIAGE,1,2010-07-13 09:35:00,50.0,,EIRE,50.0,2010-07,True
515479,DOT,DOTCOM POSTAGE,1,2010-07-13 09:58:00,157.12,,United Kingdom,157.12,2010-07,True
515592,POST,POSTAGE,2,2010-07-13 13:28:00,40.0,12664,Finland,80.0,2010-07,True
515609,DCGS0058,MISO PRETTY  GUM,2,2010-07-13 15:44:00,0.81,,United Kingdom,1.62,2010-07,True
515609,DOT,DOTCOM POSTAGE,1,2010-07-13 15:44:00,211.28,,United Kingdom,211.28,2010-07,True
515611,DOT,DOTCOM POSTAGE,1,2010-07-13 15:52:00,0.0,,United Kingdom,0.0,2010-07,True
515619,C2,CARRIAGE,1,2010-07-14 09:22:00,50.0,14911,EIRE,50.0,2010-07,True
C515620,M,MANUAL,-1,2010-07-14 09:35:00,1189.94,16320,Unspecified,-1189.94,2010-07,True
515759,DOT,DOTCOM POSTAGE,1,2010-07-14 13:37:00,209.8,,United Kingdom,209.8,2010-07,True
515762,M,MANUAL,1,2010-07-14 13:48:00,15.0,14606,United Kingdom,15.0,2010-07,True
515768,M,MANUAL,1,2010-07-14 14:30:00,7.95,18096,United Kingdom,7.95,2010-07,True
515809,DOT,DOTCOM POSTAGE,1,2010-07-14 17:13:00,206.94,,United Kingdom,206.94,2010-07,True
C515839,M,MANUAL,-1,2010-07-15 11:19:00,15.0,14606,United Kingdom,-15.0,2010-07,True
515845,BANK CHARGES,BANK CHARGES,1,2010-07-15 11:21:00,15.0,14606,United Kingdom,15.0,2010-07,True
515855,BANK CHARGES,BANK CHARGES,1,2010-07-15 11:24:00,15.0,17448,United Kingdom,15.0,2010-07,True
C515886,M,MANUAL,-1,2010-07-15 12:04:00,3580.8,18102,United Kingdom,-3580.8,2010-07,True
515887,C2,CARRIAGE,1,2010-07-15 12:06:00,50.0,14817,United Kingdom,50.0,2010-07,True
515904,POST,POSTAGE,1,2010-07-15 12:43:00,18.0,12789,Netherlands,18.0,2010-07,True
515915,POST,POSTAGE,1,2010-07-15 13:24:00,15.0,12788,Netherlands,15.0,2010-07,True
C515918,BANK CHARGES,BANK CHARGES,-1,2010-07-15 13:33:00,453.82,,United Kingdom,-453.82,2010-07,True
C515919,M,MANUAL,-1,2010-07-15 13:35:00,158.53,,United Kingdom,-158.53,2010-07,True
C515920,M,MANUAL,-1,2010-07-15 13:41:00,858.59,,United Kingdom,-858.59,2010-07,True
515928,POST,POSTAGE,1,2010-07-15 14:32:00,18.0,12523,France,18.0,2010-07,True
515939,DOT,DOTCOM POSTAGE,1,2010-07-15 15:02:00,85.77,,United Kingdom,85.77,2010-07,True
515945,POST,POSTAGE,2,2010-07-15 15:32:00,18.0,12682,France,36.0,2010-07,True
515948,POST,POSTAGE,3,2010-07-15 15:51:00,18.0,12490,France,54.0,2010-07,True
515988,M,MANUAL,2,2010-07-16 08:21:00,2.5,,United Kingdom,5.0,2010-07,True
516011,C2,CARRIAGE,1,2010-07-16 09:45:00,50.0,14911,EIRE,50.0,2010-07,True
516119,C2,CARRIAGE,1,2010-07-16 14:41:00,50.0,14156,EIRE,50.0,2010-07,True
C516128,POST,POSTAGE,-1,2010-07-16 15:04:00,9.58,,United Kingdom,-9.58,2010-07,True
C516128,DOT,DOTCOM POSTAGE,-1,2010-07-16 15:04:00,3.36,,United Kingdom,-3.36,2010-07,True
516146,DCGS0058,MISO PRETTY  GUM,1,2010-07-16 17:58:00,0.85,,United Kingdom,0.85,2010-07,True
516146,DOT,DOTCOM POSTAGE,1,2010-07-16 17:58:00,136.89,,United Kingdom,136.89,2010-07,True
516158,M,MANUAL,8,2010-07-18 11:49:00,1.0,16950,United Kingdom,8.0,2010-07,True
C516159,M,MANUAL,-8,2010-07-18 11:53:00,1.0,16950,United Kingdom,-8.0,2010-07,True
516160,C2,CARRIAGE,1,2010-07-18 11:59:00,50.0,,EIRE,50.0,2010-07,True
516168,M,MANUAL,1,2010-07-18 13:22:00,21.95,15547,United Kingdom,21.95,2010-07,True
516189,POST,POSTAGE,7,2010-07-18 15:56:00,18.0,12625,Germany,126.0,2010-07,True
516193,POST,POSTAGE,1,2010-07-19 10:02:00,40.0,12696,Finland,40.0,2010-07,True
516197,gift_0001_30,DOTCOMGIFTSHOP GIFT VOUCHER £30.00,1,2010-07-19 10:31:00,25.53,,United Kingdom,25.53,2010-07,True
516197,DOT,DOTCOM POSTAGE,1,2010-07-19 10:31:00,134.31,,United Kingdom,134.31,2010-07,True
A516228,B,ADJUST BAD DEBT,1,2010-07-19 11:24:00,-44031.79,,United Kingdom,-44031.79,2010-07,True
516267,DOT,DOTCOM POSTAGE,1,2010-07-19 12:17:00,89.08,,United Kingdom,89.08,2010-07,True
516308,POST,POSTAGE,6,2010-07-19 14:06:00,15.0,12431,Belgium,90.0,2010-07,True
516342,M,MANUAL,2,2010-07-20 09:42:00,1.0,17994,United Kingdom,2.0,2010-07,True
516347,POST,POSTAGE,1,2010-07-20 10:08:00,4.5,12843,United Kingdom,4.5,2010-07,True
516453,POST,POSTAGE,3,2010-07-20 13:21:00,18.0,12480,Germany,54.0,2010-07,True
516464,C2,CARRIAGE,1,2010-07-20 14:27:00,50.0,14911,EIRE,50.0,2010-07,True
516470,DCGS0058,MISO PRETTY  GUM,1,2010-07-20 15:28:00,0.85,,United Kingdom,0.85,2010-07,True
516470,DCGSSBOY,BOYS PARTY BAG,1,2010-07-20 15:28:00,3.36,,United Kingdom,3.36,2010-07,True
516470,DOT,DOTCOM POSTAGE,1,2010-07-20 15:28:00,133.82,,United Kingdom,133.82,2010-07,True
516478,M,MANUAL,10,2010-07-20 17:20:00,0.55,17576,United Kingdom,5.5,2010-07,True
516486,POST,POSTAGE,6,2010-07-21 09:55:00,18.0,12720,Germany,108.0,2010-07,True
516548,DOT,DOTCOM POSTAGE,1,2010-07-21 12:11:00,278.71,,United Kingdom,278.71,2010-07,True
516566,POST,POSTAGE,1,2010-07-21 12:31:00,18.0,12417,Belgium,18.0,2010-07,True
516568,POST,POSTAGE,1,2010-07-21 12:39:00,18.0,12474,Germany,18.0,2010-07,True
C516587,M,MANUAL,-1,2010-07-21 13:34:00,12.8,,EIRE,-12.8,2010-07,True
C516612,BANK CHARGES,BANK CHARGES,-1,2010-07-21 14:45:00,165.84,,United Kingdom,-165.84,2010-07,True
C516614,S,SAMPLES,-1,2010-07-21 14:49:00,49.98,,United Kingdom,-49.98,2010-07,True
C516614,S,SAMPLES,-1,2010-07-21 14:49:00,54.99,,United Kingdom,-54.99,2010-07,True
C516614,S,SAMPLES,-1,2010-07-21 14:49:00,50.0,,United Kingdom,-50.0,2010-07,True
C516614,S,SAMPLES,-1,2010-07-21 14:49:00,13.98,,United Kingdom,-13.98,2010-07,True
C516614,S,SAMPLES,-1,2010-07-21 14:49:00,8.77,,United Kingdom,-8.77,2010-07,True
516625,DOT,DOTCOM POSTAGE,1,2010-07-21 17:56:00,170.21,,United Kingdom,170.21,2010-07,True
516697,DOT,DOTCOM POSTAGE,1,2010-07-22 12:07:00,38.47,,United Kingdom,38.47,2010-07,True
516698,DOT,DOTCOM POSTAGE,1,2010-07-22 12:08:00,58.6,,United Kingdom,58.6,2010-07,True
516700,DOT,DOTCOM POSTAGE,1,2010-07-22 12:09:00,71.11,,United Kingdom,71.11,2010-07,True
516706,DOT,DOTCOM POSTAGE,1,2010-07-22 12:13:00,61.02,,United Kingdom,61.02,2010-07,True
516705,DOT,DOTCOM POSTAGE,1,2010-07-22 12:13:00,48.47,,United Kingdom,48.47,2010-07,True
516707,DOT,DOTCOM POSTAGE,1,2010-07-22 12:14:00,82.17,,United Kingdom,82.17,2010-07,True
516708,DOT,DOTCOM POSTAGE,1,2010-07-22 12:15:00,50.98,,United Kingdom,50.98,2010-07,True
516709,DOT,DOTCOM POSTAGE,1,2010-07-22 12:16:00,44.26,,United Kingdom,44.26,2010-07,True
516713,DOT,DOTCOM POSTAGE,1,2010-07-22 12:17:00,46.6,,United Kingdom,46.6,2010-07,True
516714,DOT,DOTCOM POSTAGE,1,2010-07-22 12:18:00,93.15,,United Kingdom,93.15,2010-07,True
516720,DOT,DOTCOM POSTAGE,1,2010-07-22 12:28:00,53.53,,United Kingdom,53.53,2010-07,True
516719,DOT,DOTCOM POSTAGE,1,2010-07-22 12:28:00,56.72,,United Kingdom,56.72,2010-07,True
516721,DOT,DOTCOM POSTAGE,1,2010-07-22 12:29:00,45.83,,United Kingdom,45.83,2010-07,True
C516722,D,DISCOUNT,-1,2010-07-22 12:30:00,15.0,14527,United Kingdom,-15.0,2010-07,True
516728,POST,POSTAGE,2,2010-07-22 13:22:00,18.0,12724,France,36.0,2010-07,True
516735,POST,POSTAGE,1,2010-07-22 13:57:00,28.0,12421,Spain,28.0,2010-07,True
516741,M,MANUAL,1,2010-07-22 14:20:00,7.95,17918,United Kingdom,7.95,2010-07,True
516748,DOT,DOTCOM POSTAGE,1,2010-07-22 15:06:00,232.46,,United Kingdom,232.46,2010-07,True
516757,POST,POSTAGE,1,2010-07-22 16:37:00,18.0,14646,Netherlands,18.0,2010-07,True
516783,POST,POSTAGE,1,2010-07-23 09:10:00,18.0,12595,Germany,18.0,2010-07,True
516839,POST,POSTAGE,3,2010-07-23 11:17:00,18.0,12647,Germany,54.0,2010-07,True
516885,POST,POSTAGE,6,2010-07-23 14:16:00,18.0,12615,France,108.0,2010-07,True
516888,M,MANUAL,48,2010-07-23 14:28:00,2.0,,United Kingdom,96.0,2010-07,True
516892,DOT,DOTCOM POSTAGE,1,2010-07-23 15:09:00,215.26,,United Kingdom,215.26,2010-07,True
516893,DOT,DOTCOM POSTAGE,1,2010-07-23 15:10:00,41.66,,United Kingdom,41.66,2010-07,True
516905,POST,POSTAGE,1,2010-07-25 10:50:00,18.0,12523,France,18.0,2010-07,True
516909,M,MANUAL,1,2010-07-25 11:02:00,95.0,12748,United Kingdom,95.0,2010-07,True
516921,POST,POSTAGE,2,2010-07-25 11:37:00,15.0,12866,Belgium,30.0,2010-07,True
516935,POST,POSTAGE,2,2010-07-25 13:26:00,40.0,12410,Switzerland,80.0,2010-07,True
516953,POST,POSTAGE,1,2010-07-25 15:39:00,15.0,12788,Netherlands,15.0,2010-07,True
516957,M,MANUAL,1,2010-07-25 15:52:00,1.25,13148,United Kingdom,1.25,2010-07,True
516959,M,MANUAL,3,2010-07-25 16:06:00,0.38,13451,United Kingdom,1.1400000000000001,2010-07,True
516962,POST,POSTAGE,7,2010-07-26 09:04:00,18.0,12476,Germany,126.0,2010-07,True
516967,POST,POSTAGE,3,2010-07-26 09:50:00,1.0,12813,Netherlands,3.0,2010-07,True
516977,DOT,DOTCOM POSTAGE,1,2010-07-26 10:55:00,58.51,,United Kingdom,58.51,2010-07,True
516978,DOT,DOTCOM POSTAGE,1,2010-07-26 10:56:00,41.7,,United Kingdom,41.7,2010-07,True
516985,DOT,DOTCOM POSTAGE,1,2010-07-26 10:59:00,19.11,,United Kingdom,19.11,2010-07,True
516990,DOT,DOTCOM POSTAGE,1,2010-07-26 11:00:00,68.55,,United Kingdom,68.55,2010-07,True
516991,DOT,DOTCOM POSTAGE,1,2010-07-26 11:01:00,58.55,,United Kingdom,58.55,2010-07,True
517009,M,MANUAL,1,2010-07-26 11:31:00,626.35,,EIRE,626.35,2010-07,True
C517013,M,MANUAL,-1,2010-07-26 11:32:00,626.35,,EIRE,-626.35,2010-07,True
517048,POST,POSTAGE,1,2010-07-26 12:09:00,18.0,12709,Germany,18.0,2010-07,True
517076,DOT,DOTCOM POSTAGE,1,2010-07-26 14:05:00,208.3,,United Kingdom,208.3,2010-07,True
517094,DOT,DOTCOM POSTAGE,1,2010-07-26 14:36:00,153.49,,United Kingdom,153.49,2010-07,True
517124,POST,POSTAGE,5,2010-07-27 09:38:00,40.0,12801,Sweden,200.0,2010-07,True
C517231,D,DISCOUNT,-120,2010-07-27 13:34:00,0.27,16422,United Kingdom,-32.400000000000006,2010-07,True
517232,C2,CARRIAGE,1,2010-07-27 13:41:00,50.0,14911,EIRE,50.0,2010-07,True
517236,POST,POSTAGE,1,2010-07-27 13:55:00,28.0,12547,Spain,28.0,2010-07,True
C517262,D,DISCOUNT,-1,2010-07-27 17:22:00,6.0,16422,United Kingdom,-6.0,2010-07,True
C517263,D,DISCOUNT,-1,2010-07-27 17:35:00,142.0,16029,United Kingdom,-142.0,2010-07,True
517333,POST,POSTAGE,3,2010-07-28 13:05:00,18.0,12656,France,54.0,2010-07,True
C517335,D,DISCOUNT,-1,2010-07-28 13:17:00,9.38,14527,United Kingdom,-9.38,2010-07,True
C517350,M,MANUAL,-22,2010-07-28 14:29:00,1.06,15251,United Kingdom,-23.32,2010-07,True
517353,M,MANUAL,1,2010-07-28 14:47:00,20.0,12806,Netherlands,20.0,2010-07,True
517401,DOT,DOTCOM POSTAGE,1,2010-07-29 10:26:00,203.32,,United Kingdom,203.32,2010-07,True
517402,DOT,DOTCOM POSTAGE,1,2010-07-29 10:43:00,331.2,,United Kingdom,331.2,2010-07,True
517454,DOT,DOTCOM POSTAGE,1,2010-07-29 11:22:00,178.6,,United Kingdom,178.6,2010-07,True
517474,POST,POSTAGE,2,2010-07-29 12:03:00,18.0,12609,Germany,36.0,2010-07,True
C517480,M,MANUAL,-1,2010-07-29 12:24:00,3610.5,14028,United Kingdom,-3610.5,2010-07,True
517481,C2,CARRIAGE,1,2010-07-29 12:27:00,100.0,12737,France,100.0,2010-07,True
517483,M,MANUAL,1,2010-07-29 12:29:00,3610.5,12737,France,3610.5,2010-07,True
517485,C2,CARRIAGE,1,2010-07-29 12:32:00,110.0,12678,France,110.0,2010-07,True
517512,POST,POSTAGE,1,2010-07-29 13:27:00,15.0,12408,Belgium,15.0,2010-07,True
517513,M,MANUAL,1,2010-07-29 13:28:00,4.25,15023,United Kingdom,4.25,2010-07,True
C517544,POST,POSTAGE,-1,2010-07-29 17:00:00,24.0,14543,United Kingdom,-24.0,2010-07,True
517625,M,MANUAL,1,2010-07-30 11:59:00,2.55,16391,United Kingdom,2.55,2010-07,True
517631,M,MANUAL,1,2010-07-30 12:38:00,55.0,12415,Australia,55.0,2010-07,True
517633,DOT,DOTCOM POSTAGE,1,2010-07-30 12:44:00,53.4,,United Kingdom,53.4,2010-07,True
517634,DOT,DOTCOM POSTAGE,1,2010-07-30 12:46:00,50.21,,United Kingdom,50.21,2010-07,True
517635,DOT,DOTCOM POSTAGE,1,2010-07-30 12:46:00,40.0,,United Kingdom,40.0,2010-07,True
517636,DOT,DOTCOM POSTAGE,1,2010-07-30 12:47:00,84.34,,United Kingdom,84.34,2010-07,True
517648,BANK CHARGES,BANK CHARGES,1,2010-07-30 13:52:00,15.0,14606,United Kingdom,15.0,2010-07,True
517652,BANK CHARGES,BANK CHARGES,1,2010-07-30 14:07:00,15.0,17448,United Kingdom,15.0,2010-07,True
517673,M,MANUAL,1,2010-07-30 16:50:00,0.85,12733,USA,0.85,2010-07,True
517709,M,MANUAL,1,2010-08-01 11:02:00,50.0,12748,United Kingdom,50.0,2010-08,True
517713,M,MANUAL,1,2010-08-01 11:18:00,95.0,12748,United Kingdom,95.0,2010-08,True
C517715,M,MANUAL,-1,2010-08-01 11:22:00,95.0,12748,United Kingdom,-95.0,2010-08,True
517724,M,MANUAL,1,2010-08-01 13:07:00,21.95,15547,United Kingdom,21.95,2010-08,True
517743,M,MANUAL,1,2010-08-01 15:51:00,3.5,17984,United Kingdom,3.5,2010-08,True
517744,M,MANUAL,24,2010-08-01 15:55:00,1.45,15640,United Kingdom,34.8,2010-08,True
517814,M,MANUAL,1,2010-08-02 11:44:00,1870.17,,United Kingdom,1870.17,2010-08,True
517823,POST,POSTAGE,1,2010-08-02 12:37:00,18.0,12395,Belgium,18.0,2010-08,True
C517850,M,MANUAL,-1,2010-08-02 13:30:00,14.63,,United Kingdom,-14.63,2010-08,True
517854,DOT,DOTCOM POSTAGE,1,2010-08-02 13:48:00,59.23,,United Kingdom,59.23,2010-08,True
517856,DOT,DOTCOM POSTAGE,1,2010-08-02 13:49:00,53.53,,United Kingdom,53.53,2010-08,True
517857,M,MANUAL,1,2010-08-02 13:50:00,3.0,,United Kingdom,3.0,2010-08,True
517857,DOT,DOTCOM POSTAGE,1,2010-08-02 13:50:00,57.7,,United Kingdom,57.7,2010-08,True
517869,M,MANUAL,5,2010-08-02 15:13:00,1.45,17848,United Kingdom,7.25,2010-08,True
C517885,POST,POSTAGE,-1,2010-08-03 08:37:00,2.98,15704,United Kingdom,-2.98,2010-08,True
517904,POST,POSTAGE,5,2010-08-03 09:31:00,25.0,12484,Spain,125.0,2010-08,True
517934,M,MANUAL,1,2010-08-03 10:52:00,800.0,12748,United Kingdom,800.0,2010-08,True
517951,POST,POSTAGE,5,2010-08-03 11:53:00,18.0,12621,Germany,90.0,2010-08,True
517964,M,MANUAL,2,2010-08-03 12:51:00,7.95,17298,United Kingdom,15.9,2010-08,True
517981,DOT,DOTCOM POSTAGE,1,2010-08-03 14:52:00,179.59,,United Kingdom,179.59,2010-08,True
517984,M,MANUAL,1,2010-08-03 14:56:00,16.89,,United Kingdom,16.89,2010-08,True
517986,DOT,DOTCOM POSTAGE,1,2010-08-03 15:17:00,206.88,,United Kingdom,206.88,2010-08,True
517989,gift_0001_30,DOTCOMGIFTSHOP GIFT VOUCHER £30.00,1,2010-08-03 15:29:00,25.53,,United Kingdom,25.53,2010-08,True
517989,DOT,DOTCOM POSTAGE,1,2010-08-03 15:29:00,171.48,,United Kingdom,171.48,2010-08,True
517990,DOT,DOTCOM POSTAGE,1,2010-08-03 15:37:00,140.28,,United Kingdom,140.28,2010-08,True
518007,POST,POSTAGE,1,2010-08-04 09:14:00,15.0,12437,France,15.0,2010-08,True
C518044,D,DISCOUNT,-1,2010-08-04 11:33:00,47.97,18277,United Kingdom,-47.97,2010-08,True
518052,POST,POSTAGE,1,2010-08-04 11:38:00,334.88,12748,United Kingdom,334.88,2010-08,True
C518053,POST,POSTAGE,-1,2010-08-04 11:39:00,334.88,12748,United Kingdom,-334.88,2010-08,True
C518075,POST,POSTAGE,-1,2010-08-04 13:39:00,2.75,14455,United Kingdom,-2.75,2010-08,True
518081,POST,POSTAGE,5,2010-08-04 14:20:00,18.0,12524,Germany,90.0,2010-08,True
518138,gift_0001_20,DOTCOMGIFTSHOP GIFT VOUCHER £20.00,1,2010-08-04 15:48:00,17.02,,United Kingdom,17.02,2010-08,True
518138,DOT,DOTCOM POSTAGE,1,2010-08-04 15:48:00,202.08,,United Kingdom,202.08,2010-08,True
518139,POST,POSTAGE,1,2010-08-04 15:52:00,15.0,12765,Netherlands,15.0,2010-08,True
518142,DOT,DOTCOM POSTAGE,1,2010-08-04 16:08:00,286.76,,United Kingdom,286.76,2010-08,True
518143,DOT,DOTCOM POSTAGE,1,2010-08-04 16:10:00,56.85,,United Kingdom,56.85,2010-08,True
518144,DOT,DOTCOM POSTAGE,1,2010-08-04 16:11:00,64.17,,United Kingdom,64.17,2010-08,True
518165,DOT,DOTCOM POSTAGE,1,2010-08-05 10:44:00,52.72,,United Kingdom,52.72,2010-08,True
518225,C2,CARRIAGE,1,2010-08-05 14:35:00,50.0,,EIRE,50.0,2010-08,True
518231,POST,POSTAGE,3,2010-08-05 15:28:00,18.0,12471,Germany,54.0,2010-08,True
518271,POST,POSTAGE,3,2010-08-06 08:57:00,18.0,12633,Germany,54.0,2010-08,True
518286,POST,POSTAGE,1,2010-08-06 11:31:00,18.0,12712,Germany,18.0,2010-08,True
518359,DOT,DOTCOM POSTAGE,1,2010-08-06 15:33:00,40.89,,United Kingdom,40.89,2010-08,True
518418,POST,POSTAGE,5,2010-08-09 08:26:00,18.0,12567,France,90.0,2010-08,True
518428,POST,POSTAGE,1,2010-08-09 10:33:00,35.0,12458,Switzerland,35.0,2010-08,True
518497,C2,CARRIAGE,1,2010-08-09 12:35:00,50.0,14911,EIRE,50.0,2010-08,True
518508,POST,POSTAGE,3,2010-08-09 14:26:00,18.0,12412,Denmark,54.0,2010-08,True
C518534,D,DISCOUNT,-1,2010-08-09 16:25:00,8.92,14527,United Kingdom,-8.92,2010-08,True
C518538,M,MANUAL,-6,2010-08-09 17:34:00,0.41,17651,United Kingdom,-2.46,2010-08,True
C518539,M,MANUAL,-1,2010-08-09 17:42:00,301.66,17774,United Kingdom,-301.66,2010-08,True
C518540,M,MANUAL,-1,2010-08-09 17:45:00,67.25,17774,United Kingdom,-67.25,2010-08,True
518570,DOT,DOTCOM POSTAGE,1,2010-08-10 11:49:00,206.8,,United Kingdom,206.8,2010-08,True
518579,gift_0001_40,DOTCOMGIFTSHOP GIFT VOUCHER £40.00,1,2010-08-10 12:08:00,31.35,,United Kingdom,31.35,2010-08,True
518579,DOT,DOTCOM POSTAGE,1,2010-08-10 12:08:00,249.56,,United Kingdom,249.56,2010-08,True
518660,gift_0001_20,DOTCOMGIFTSHOP GIFT VOUCHER £20.00,1,2010-08-10 14:03:00,13.19,,United Kingdom,13.19,2010-08,True
518660,DOT,DOTCOM POSTAGE,1,2010-08-10 14:03:00,267.65,,United Kingdom,267.65,2010-08,True
518662,gift_0001_20,DOTCOMGIFTSHOP GIFT VOUCHER £20.00,1,2010-08-10 14:08:00,17.02,,United Kingdom,17.02,2010-08,True
518662,DOT,DOTCOM POSTAGE,1,2010-08-10 14:08:00,152.66,,United Kingdom,152.66,2010-08,True
518664,DOT,DOTCOM POSTAGE,1,2010-08-10 14:31:00,120.39,,United Kingdom,120.39,2010-08,True
518666,BANK CHARGES,BANK CHARGES,1,2010-08-10 14:45:00,15.0,14606,United Kingdom,15.0,2010-08,True
518667,BANK CHARGES,BANK CHARGES,1,2010-08-10 14:47:00,15.0,14606,United Kingdom,15.0,2010-08,True
C518678,D,DISCOUNT,-1,2010-08-10 16:55:00,2.7,,United Kingdom,-2.7,2010-08,True
518684,POST,POSTAGE,2,2010-08-11 08:50:00,18.0,12662,Germany,36.0,2010-08,True
518714,POST,POSTAGE,1,2010-08-11 10:53:00,18.0,12600,Germany,18.0,2010-08,True
518734,POST,POSTAGE,2,2010-08-11 11:51:00,28.0,12771,Portugal,56.0,2010-08,True
C518758,D,DISCOUNT,-1,2010-08-11 13:24:00,75.17,14911,EIRE,-75.17,2010-08,True
518774,gift_0001_20,DOTCOMGIFTSHOP GIFT VOUCHER £20.00,1,2010-08-11 15:40:00,17.02,,United Kingdom,17.02,2010-08,True
518774,DOT,DOTCOM POSTAGE,1,2010-08-11 15:40:00,286.13,,United Kingdom,286.13,2010-08,True
518775,DOT,DOTCOM POSTAGE,1,2010-08-11 15:46:00,212.74,,United Kingdom,212.74,2010-08,True
518777,M,MANUAL,1,2010-08-11 15:56:00,800.0,12748,United Kingdom,800.0,2010-08,True
C518780,M,MANUAL,-1,2010-08-11 16:29:00,1883.65,,Hong Kong,-1883.65,2010-08,True
518781,M,MANUAL,1,2010-08-11 16:30:00,1883.65,,Hong Kong,1883.65,2010-08,True
518817,DOT,DOTCOM POSTAGE,1,2010-08-12 10:34:00,38.47,,United Kingdom,38.47,2010-08,True
518818,DOT,DOTCOM POSTAGE,1,2010-08-12 10:35:00,50.04,,United Kingdom,50.04,2010-08,True
518819,DOT,DOTCOM POSTAGE,1,2010-08-12 10:36:00,40.09,,United Kingdom,40.09,2010-08,True
518820,DOT,DOTCOM POSTAGE,1,2010-08-12 10:38:00,73.53,,United Kingdom,73.53,2010-08,True
518821,DOT,DOTCOM POSTAGE,1,2010-08-12 10:39:00,45.87,,United Kingdom,45.87,2010-08,True
C518904,BANK CHARGES,BANK CHARGES,-1,2010-08-12 14:25:00,402.69,,United Kingdom,-402.69,2010-08,True
C518905,M,MANUAL,-1,2010-08-12 14:27:00,148.86,,United Kingdom,-148.86,2010-08,True
C518906,M,MANUAL,-1,2010-08-12 14:30:00,1016.79,,United Kingdom,-1016.79,2010-08,True
518942,M,MANUAL,1,2010-08-12 14:48:00,150.0,12748,United Kingdom,150.0,2010-08,True
C518976,POST,POSTAGE,-1,2010-08-12 16:23:00,2.24,,United Kingdom,-2.24,2010-08,True
C518976,DOT,DOTCOM POSTAGE,-1,2010-08-12 16:23:00,3.36,,United Kingdom,-3.36,2010-08,True
518981,DOT,DOTCOM POSTAGE,1,2010-08-12 16:41:00,186.61,,United Kingdom,186.61,2010-08,True
519015,DOT,DOTCOM POSTAGE,1,2010-08-13 09:13:00,35.79,,United Kingdom,35.79,2010-08,True
519024,DOT,DOTCOM POSTAGE,1,2010-08-13 09:22:00,41.74,,United Kingdom,41.74,2010-08,True
519027,DCGS0058,MISO PRETTY  GUM,1,2010-08-13 10:00:00,0.85,,United Kingdom,0.85,2010-08,True
519027,DOT,DOTCOM POSTAGE,1,2010-08-13 10:00:00,143.09,,United Kingdom,143.09,2010-08,True
519166,POST,POSTAGE,2,2010-08-13 13:29:00,35.0,12676,Sweden,70.0,2010-08,True
C519168,POST,POSTAGE,-2,2010-08-13 13:34:00,35.0,12676,Sweden,-70.0,2010-08,True
519169,POST,POSTAGE,1,2010-08-13 13:35:00,40.0,12676,Sweden,40.0,2010-08,True
519174,C2,CARRIAGE,1,2010-08-13 14:21:00,50.0,,EIRE,50.0,2010-08,True
519180,DOT,DOTCOM POSTAGE,1,2010-08-13 14:46:00,182.25,,United Kingdom,182.25,2010-08,True
519192,M,MANUAL,1,2010-08-13 16:58:00,7.95,14525,United Kingdom,7.95,2010-08,True
519204,M,MANUAL,1,2010-08-15 10:55:00,95.0,16326,United Kingdom,95.0,2010-08,True
C519206,M,MANUAL,-1,2010-08-15 11:04:00,95.0,16326,United Kingdom,-95.0,2010-08,True
519207,M,MANUAL,1,2010-08-15 11:06:00,95.0,12748,United Kingdom,95.0,2010-08,True
C519221,M,MANUAL,-1,2010-08-15 12:17:00,109.61,,EIRE,-109.61,2010-08,True
519228,POST,POSTAGE,2,2010-08-15 12:40:00,18.0,12583,France,36.0,2010-08,True
519243,POST,POSTAGE,4,2010-08-15 14:13:00,18.0,12805,Netherlands,72.0,2010-08,True
519263,POST,POSTAGE,2,2010-08-16 08:57:00,18.0,12530,Germany,36.0,2010-08,True
519342,POST,POSTAGE,1,2010-08-16 12:10:00,280.0,12687,Sweden,280.0,2010-08,True
519358,DOT,DOTCOM POSTAGE,1,2010-08-16 12:36:00,150.74,,United Kingdom,150.74,2010-08,True
519386,DOT,DOTCOM POSTAGE,1,2010-08-16 14:19:00,136.4,,United Kingdom,136.4,2010-08,True
C519387,POST,POSTAGE,-1,2010-08-16 14:37:00,6.6,,United Kingdom,-6.6,2010-08,True
C519463,M,MANUAL,-3,2010-08-17 11:28:00,2.55,13278,United Kingdom,-7.6499999999999995,2010-08,True
519473,DOT,DOTCOM POSTAGE,1,2010-08-17 12:03:00,174.77,,United Kingdom,174.77,2010-08,True
519501,POST,POSTAGE,2,2010-08-17 14:36:00,18.0,12613,Germany,36.0,2010-08,True
519520,M,MANUAL,1,2010-08-18 10:03:00,1.45,15061,United Kingdom,1.45,2010-08,True
519550,C2,CARRIAGE,1,2010-08-18 10:37:00,50.0,14911,EIRE,50.0,2010-08,True
519560,DOT,DOTCOM POSTAGE,1,2010-08-18 11:34:00,204.94,,United Kingdom,204.94,2010-08,True
519592,POST,POSTAGE,3,2010-08-18 14:37:00,18.0,12474,Germany,54.0,2010-08,True
519593,POST,POSTAGE,1,2010-08-18 14:43:00,18.0,12474,Germany,18.0,2010-08,True
519614,C2,CARRIAGE,1,2010-08-19 08:47:00,50.0,14911,EIRE,50.0,2010-08,True
519619,gift_0001_20,DOTCOMGIFTSHOP GIFT VOUCHER £20.00,1,2010-08-19 09:22:00,17.02,,United Kingdom,17.02,2010-08,True
519619,DOT,DOTCOM POSTAGE,1,2010-08-19 09:22:00,158.32,,United Kingdom,158.32,2010-08,True
519656,POST,POSTAGE,7,2010-08-19 10:58:00,18.0,12647,Germany,126.0,2010-08,True
519664,DOT,DOTCOM POSTAGE,1,2010-08-19 12:12:00,36.68,,United Kingdom,36.68,2010-08,True
519663,DOT,DOTCOM POSTAGE,1,2010-08-19 12:12:00,27.45,,United Kingdom,27.45,2010-08,True
519665,DOT,DOTCOM POSTAGE,1,2010-08-19 12:14:00,65.23,,United Kingdom,65.23,2010-08,True
519667,DOT,DOTCOM POSTAGE,1,2010-08-19 12:17:00,53.57,,United Kingdom,53.57,2010-08,True
519670,DOT,DOTCOM POSTAGE,1,2010-08-19 12:18:00,46.85,,United Kingdom,46.85,2010-08,True
519672,DOT,DOTCOM POSTAGE,1,2010-08-19 12:21:00,52.72,,United Kingdom,52.72,2010-08,True
519692,M,MANUAL,2,2010-08-19 13:48:00,7.95,17222,United Kingdom,15.9,2010-08,True
519698,C2,CARRIAGE,1,2010-08-19 14:22:00,50.0,14911,EIRE,50.0,2010-08,True
519716,C2,CARRIAGE,1,2010-08-19 16:15:00,50.0,13360,United Kingdom,50.0,2010-08,True
519733,POST,POSTAGE,2,2010-08-20 08:21:00,18.0,12519,Germany,36.0,2010-08,True
C519737,M,MANUAL,-1,2010-08-20 09:26:00,152.4,12433,Norway,-152.4,2010-08,True
519738,DOT,DOTCOM POSTAGE,1,2010-08-20 09:28:00,81.99,,United Kingdom,81.99,2010-08,True
519741,C2,CARRIAGE,1,2010-08-20 10:44:00,50.0,14156,EIRE,50.0,2010-08,True
519804,M,MANUAL,6,2010-08-20 12:31:00,0.42,16332,United Kingdom,2.52,2010-08,True
C519807,D,DISCOUNT,-192,2010-08-20 12:48:00,1.0,16422,United Kingdom,-192.0,2010-08,True
519808,D,DISCOUNT,192,2010-08-20 12:50:00,1.0,16422,United Kingdom,192.0,2010-08,True
C519809,D,DISCOUNT,-192,2010-08-20 12:51:00,0.01,16422,United Kingdom,-1.92,2010-08,True
519811,POST,POSTAGE,3,2010-08-20 12:53:00,40.0,13520,Switzerland,120.0,2010-08,True
519810,POST,POSTAGE,1,2010-08-20 12:53:00,15.0,14646,Netherlands,15.0,2010-08,True
519814,C2,CARRIAGE,1,2010-08-20 13:08:00,50.0,14911,EIRE,50.0,2010-08,True
519829,C2,CARRIAGE,1,2010-08-20 14:53:00,50.0,14911,EIRE,50.0,2010-08,True
519868,DOT,DOTCOM POSTAGE,1,2010-08-20 16:21:00,122.09,,United Kingdom,122.09,2010-08,True
519914,POST,POSTAGE,2,2010-08-22 13:59:00,18.0,12471,Germany,36.0,2010-08,True
519930,POST,POSTAGE,3,2010-08-22 15:48:00,15.0,12866,Belgium,45.0,2010-08,True
C520038,D,DISCOUNT,-1,2010-08-23 13:32:00,12.35,14527,United Kingdom,-12.35,2010-08,True
520061,DOT,DOTCOM POSTAGE,1,2010-08-23 15:57:00,147.0,,United Kingdom,147.0,2010-08,True
520076,POST,POSTAGE,3,2010-08-24 09:44:00,18.0,12472,Germany,54.0,2010-08,True
C520177,D,DISCOUNT,-1,2010-08-24 13:34:00,18.0,13693,United Kingdom,-18.0,2010-08,True
520181,POST,POSTAGE,1,2010-08-24 13:51:00,15.0,12765,Netherlands,15.0,2010-08,True
520189,C2,CARRIAGE,1,2010-08-24 14:29:00,50.0,14911,EIRE,50.0,2010-08,True
520193,DOT,DOTCOM POSTAGE,1,2010-08-24 14:47:00,70.84,,United Kingdom,70.84,2010-08,True
520220,POST,POSTAGE,2,2010-08-25 09:44:00,18.0,12621,Germany,36.0,2010-08,True
520246,POST,POSTAGE,4,2010-08-25 11:07:00,18.0,12721,France,72.0,2010-08,True
520349,POST,POSTAGE,3,2010-08-25 13:22:00,18.0,12682,France,54.0,2010-08,True
520351,POST,POSTAGE,2,2010-08-25 13:28:00,18.0,12720,Germany,36.0,2010-08,True
520363,DOT,DOTCOM POSTAGE,1,2010-08-25 14:04:00,127.83,,United Kingdom,127.83,2010-08,True
520367,POST,POSTAGE,1,2010-08-25 14:34:00,18.0,12599,France,18.0,2010-08,True
520390,M,MANUAL,1,2010-08-25 15:31:00,0.42,18196,United Kingdom,0.42,2010-08,True
C520393,M,MANUAL,-1,2010-08-25 15:44:00,677.5,16456,United Kingdom,-677.5,2010-08,True
520409,DOT,DOTCOM POSTAGE,1,2010-08-26 09:32:00,46.68,,United Kingdom,46.68,2010-08,True
520411,DOT,DOTCOM POSTAGE,1,2010-08-26 09:36:00,62.81,,United Kingdom,62.81,2010-08,True
520412,DOT,DOTCOM POSTAGE,1,2010-08-26 09:36:00,31.62,,United Kingdom,31.62,2010-08,True
C520413,D,DISCOUNT,-1,2010-08-26 09:38:00,591.43,15498,United Kingdom,-591.43,2010-08,True
520414,DOT,DOTCOM POSTAGE,1,2010-08-26 09:41:00,33.36,,United Kingdom,33.36,2010-08,True
520417,DOT,DOTCOM POSTAGE,1,2010-08-26 09:42:00,44.21,,United Kingdom,44.21,2010-08,True
520418,DOT,DOTCOM POSTAGE,1,2010-08-26 09:43:00,43.36,,United Kingdom,43.36,2010-08,True
520485,M,MANUAL,1,2010-08-26 11:54:00,10.0,14866,United Kingdom,10.0,2010-08,True
520494,POST,POSTAGE,3,2010-08-26 12:09:00,18.0,12621,Germany,54.0,2010-08,True
520500,DOT,DOTCOM POSTAGE,1,2010-08-26 12:35:00,191.05,,United Kingdom,191.05,2010-08,True
520506,C2,CARRIAGE,1,2010-08-26 12:52:00,50.0,14911,EIRE,50.0,2010-08,True
520512,POST,POSTAGE,2,2010-08-26 13:23:00,15.0,12802,Netherlands,30.0,2010-08,True
520520,POST,POSTAGE,1,2010-08-26 14:11:00,28.0,12800,Portugal,28.0,2010-08,True
520529,M,MANUAL,1,2010-08-26 14:53:00,25.0,12471,Germany,25.0,2010-08,True
520571,DOT,DOTCOM POSTAGE,1,2010-08-27 09:12:00,109.85,,United Kingdom,109.85,2010-08,True
C520667,BANK CHARGES,BANK CHARGES,-1,2010-08-27 13:42:00,18910.69,,United Kingdom,-18910.69,2010-08,True
C520668,M,MANUAL,-1,2010-08-27 13:49:00,598.31,,United Kingdom,-598.31,2010-08,True
520670,M,MANUAL,1,2010-08-27 13:54:00,638.2,,United Kingdom,638.2,2010-08,True
520681,M,MANUAL,1,2010-08-27 15:28:00,2197.45,,United Kingdom,2197.45,2010-08,True
C520684,S,SAMPLES,-1,2010-08-27 15:48:00,317.94,,United Kingdom,-317.94,2010-08,True
520685,DOT,DOTCOM POSTAGE,1,2010-08-27 15:49:00,137.5,,United Kingdom,137.5,2010-08,True
520700,M,MANUAL,1,2010-08-29 11:31:00,2.1,15976,United Kingdom,2.1,2010-08,True
520715,M,MANUAL,3,2010-08-29 13:58:00,6.75,16510,United Kingdom,20.25,2010-08,True
520737,POST,POSTAGE,2,2010-08-31 09:31:00,18.0,12423,Denmark,36.0,2010-08,True
520750,M,MANUAL,1,2010-08-31 11:04:00,1868.56,15480,Malta,1868.56,2010-08,True
C520749,M,MANUAL,-1,2010-08-31 11:04:00,1868.56,15480,Malta,-1868.56,2010-08,True
520818,BANK CHARGES,BANK CHARGES,1,2010-08-31 11:42:00,15.0,,United Kingdom,15.0,2010-08,True
520824,DOT,DOTCOM POSTAGE,1,2010-08-31 12:30:00,184.9,,United Kingdom,184.9,2010-08,True
520824,gift_0001_20,DOTCOMGIFTSHOP GIFT VOUCHER £20.00,1,2010-08-31 12:30:00,17.02,,United Kingdom,17.02,2010-08,True
520833,DOT,DOTCOM POSTAGE,1,2010-08-31 12:41:00,120.56,,United Kingdom,120.56,2010-08,True
520848,POST,POSTAGE,3,2010-08-31 12:52:00,18.0,12623,Germany,54.0,2010-08,True
C520851,POST,POSTAGE,-2,2010-08-31 13:00:00,18.0,12623,Germany,-36.0,2010-08,True
520860,POST,POSTAGE,3,2010-08-31 13:57:00,28.0,12540,Spain,84.0,2010-08,True
520872,POST,POSTAGE,5,2010-08-31 14:54:00,15.0,12380,Belgium,75.0,2010-08,True
520878,DOT,DOTCOM POSTAGE,1,2010-08-31 15:36:00,102.34,,United Kingdom,102.34,2010-08,True
520883,C2,CARRIAGE,1,2010-08-31 16:02:00,50.0,14911,EIRE,50.0,2010-08,True
520899,POST,POSTAGE,2,2010-09-01 09:26:00,18.0,12645,Germany,36.0,2010-09,True
520947,POST,POSTAGE,3,2010-09-01 10:47:00,15.0,12761,Netherlands,45.0,2010-09,True
520950,POST,POSTAGE,3,2010-09-01 11:23:00,18.0,13815,Germany,54.0,2010-09,True
C520991,POST,POSTAGE,-1,2010-09-01 13:28:00,1.0,18226,United Kingdom,-1.0,2010-09,True
520992,DOT,DOTCOM POSTAGE,1,2010-09-01 13:29:00,169.29,,United Kingdom,169.29,2010-09,True
520998,DOT,DOTCOM POSTAGE,1,2010-09-01 13:39:00,62.64,,United Kingdom,62.64,2010-09,True
521025,POST,POSTAGE,1,2010-09-01 15:29:00,15.0,,United Arab Emirates,15.0,2010-09,True
521031,DOT,DOTCOM POSTAGE,1,2010-09-01 17:17:00,107.85,,United Kingdom,107.85,2010-09,True
521037,POST,POSTAGE,1,2010-09-02 09:14:00,99.0,12678,France,99.0,2010-09,True
521040,POST,POSTAGE,1,2010-09-02 09:27:00,18.0,12471,Germany,18.0,2010-09,True
C521041,M,MANUAL,-1,2010-09-02 09:31:00,1055.75,12589,France,-1055.75,2010-09,True
521097,M,MANUAL,1,2010-09-02 10:37:00,1055.75,12589,France,1055.75,2010-09,True
521111,POST,POSTAGE,9,2010-09-02 10:43:00,18.0,12589,France,162.0,2010-09,True
521126,POST,POSTAGE,1,2010-09-02 12:22:00,40.0,12414,Austria,40.0,2010-09,True
521129,M,MANUAL,2,2010-09-02 12:36:00,0.85,16746,United Kingdom,1.7,2010-09,True
521154,M,MANUAL,1,2010-09-02 13:42:00,130.0,12414,Austria,130.0,2010-09,True
C521155,M,MANUAL,-1,2010-09-02 13:43:00,130.0,12414,Austria,-130.0,2010-09,True
521157,M,MANUAL,1,2010-09-02 13:47:00,130.0,12414,Austria,130.0,2010-09,True
C521158,POST,POSTAGE,-1,2010-09-02 13:53:00,40.0,12414,Austria,-40.0,2010-09,True
521161,POST,POSTAGE,1,2010-09-02 14:21:00,15.0,12788,Netherlands,15.0,2010-09,True
521162,POST,POSTAGE,4,2010-09-02 14:22:00,18.0,12598,France,72.0,2010-09,True
521175,M,MANUAL,1,2010-09-02 15:50:00,7.95,15901,United Kingdom,7.95,2010-09,True
521202,DOT,DOTCOM POSTAGE,1,2010-09-02 17:52:00,163.15,,United Kingdom,163.15,2010-09,True
521214,POST,POSTAGE,3,2010-09-03 09:27:00,18.0,12683,France,54.0,2010-09,True
521341,POST,POSTAGE,1,2010-09-03 13:11:00,40.0,12440,Austria,40.0,2010-09,True
521343,POST,POSTAGE,3,2010-09-03 13:18:00,18.0,12681,France,54.0,2010-09,True
521354,POST,POSTAGE,1,2010-09-03 15:19:00,15.0,12361,Belgium,15.0,2010-09,True
521355,DOT,DOTCOM POSTAGE,1,2010-09-03 15:31:00,1.66,,United Kingdom,1.66,2010-09,True
521357,DCGS0076,SUNJAR LED NIGHT NIGHT LIGHT,1,2010-09-03 16:04:00,16.13,,United Kingdom,16.13,2010-09,True
521357,DOT,DOTCOM POSTAGE,1,2010-09-03 16:04:00,124.46,,United Kingdom,124.46,2010-09,True
521369,M,MANUAL,2,2010-09-05 11:14:00,7.95,16085,United Kingdom,15.9,2010-09,True
521373,POST,POSTAGE,1,2010-09-05 11:47:00,18.0,12437,France,18.0,2010-09,True
521375,POST,POSTAGE,4,2010-09-05 11:58:00,18.0,12647,Germany,72.0,2010-09,True
521401,POST,POSTAGE,3,2010-09-06 10:10:00,18.0,12524,Germany,54.0,2010-09,True
521426,POST,POSTAGE,2,2010-09-06 11:21:00,18.0,12490,France,36.0,2010-09,True
521486,DOT,DOTCOM POSTAGE,1,2010-09-06 13:36:00,206.73,,United Kingdom,206.73,2010-09,True
521488,DOT,DOTCOM POSTAGE,1,2010-09-06 13:42:00,123.36,,United Kingdom,123.36,2010-09,True
521496,POST,POSTAGE,5,2010-09-06 14:27:00,28.0,12510,Spain,140.0,2010-09,True
521549,C2,CARRIAGE,1,2010-09-06 15:55:00,50.0,14156,EIRE,50.0,2010-09,True
521555,DOT,DOTCOM POSTAGE,1,2010-09-06 16:17:00,121.93,,United Kingdom,121.93,2010-09,True
521569,POST,POSTAGE,2,2010-09-07 11:40:00,18.0,12437,France,36.0,2010-09,True
521646,DOT,DOTCOM POSTAGE,1,2010-09-07 13:20:00,119.68,,United Kingdom,119.68,2010-09,True
521649,M,MANUAL,1,2010-09-07 13:28:00,3.75,14968,United Kingdom,3.75,2010-09,True
521656,M,MANUAL,1,2010-09-07 14:04:00,1.45,16221,United Kingdom,1.45,2010-09,True
521661,POST,POSTAGE,2,2010-09-07 14:21:00,18.0,12605,Germany,36.0,2010-09,True
521691,DOT,DOTCOM POSTAGE,1,2010-09-07 17:19:00,115.38,,United Kingdom,115.38,2010-09,True
521765,POST,POSTAGE,5,2010-09-08 11:54:00,18.0,12471,Germany,90.0,2010-09,True
521769,M,MANUAL,1,2010-09-08 12:17:00,25.0,12761,Netherlands,25.0,2010-09,True
521790,POST,POSTAGE,1,2010-09-08 13:09:00,18.0,12575,France,18.0,2010-09,True
521795,DOT,DOTCOM POSTAGE,1,2010-09-08 13:57:00,171.93,,United Kingdom,171.93,2010-09,True
521809,BANK CHARGES,BANK CHARGES,1,2010-09-08 14:33:00,15.0,14911,EIRE,15.0,2010-09,True
521812,BANK CHARGES,BANK CHARGES,1,2010-09-08 15:00:00,15.0,16271,United Kingdom,15.0,2010-09,True
521822,POST,POSTAGE,6,2010-09-09 10:37:00,18.0,12714,France,108.0,2010-09,True
521839,POST,POSTAGE,4,2010-09-09 10:50:00,18.0,12635,Germany,72.0,2010-09,True
C521870,M,MANUAL,-1,2010-09-09 11:19:00,363.71,,United Kingdom,-363.71,2010-09,True
C521872,BANK CHARGES,BANK CHARGES,-1,2010-09-09 11:21:00,376.81,,United Kingdom,-376.81,2010-09,True
C521885,M,MANUAL,-1,2010-09-09 11:31:00,168.03,,United Kingdom,-168.03,2010-09,True
521886,M,MANUAL,1,2010-09-09 11:39:00,168.03,,United Kingdom,168.03,2010-09,True
C521887,M,MANUAL,-1,2010-09-09 11:40:00,170.81,,United Kingdom,-170.81,2010-09,True
521896,POST,POSTAGE,3,2010-09-09 12:19:00,18.0,12682,France,54.0,2010-09,True
521899,POST,POSTAGE,2,2010-09-09 12:29:00,18.0,12647,Germany,36.0,2010-09,True
521914,POST,POSTAGE,2,2010-09-09 13:51:00,15.0,12460,Belgium,30.0,2010-09,True
521921,POST,POSTAGE,4,2010-09-09 14:48:00,18.0,12681,France,72.0,2010-09,True
521932,DOT,DOTCOM POSTAGE,1,2010-09-09 15:49:00,207.84,,United Kingdom,207.84,2010-09,True
521941,M,MANUAL,1,2010-09-09 16:38:00,445.05,,United Kingdom,445.05,2010-09,True
C521943,M,MANUAL,-1,2010-09-09 16:43:00,445.05,14328,United Kingdom,-445.05,2010-09,True
521952,POST,POSTAGE,2,2010-09-09 17:37:00,18.0,12683,France,36.0,2010-09,True
521958,POST,POSTAGE,2,2010-09-09 18:14:00,18.0,12708,Germany,36.0,2010-09,True
521974,M,MANUAL,1,2010-09-09 19:56:00,3.95,15861,United Kingdom,3.95,2010-09,True
521978,POST,POSTAGE,2,2010-09-10 08:50:00,15.0,12760,Netherlands,30.0,2010-09,True
522029,POST,POSTAGE,3,2010-09-10 12:05:00,18.0,12474,Germany,54.0,2010-09,True
522043,DOT,DOTCOM POSTAGE,1,2010-09-10 13:27:00,120.43,,United Kingdom,120.43,2010-09,True
522049,M,MANUAL,20,2010-09-10 14:31:00,2.1,16928,United Kingdom,42.0,2010-09,True
522060,M,MANUAL,1,2010-09-10 15:52:00,10.0,12802,Netherlands,10.0,2010-09,True
522102,M,MANUAL,5,2010-09-12 14:05:00,1.65,13148,United Kingdom,8.25,2010-09,True
522121,C2,CARRIAGE,1,2010-09-13 09:27:00,50.0,14911,EIRE,50.0,2010-09,True
522136,DOT,DOTCOM POSTAGE,1,2010-09-13 10:28:00,83.66,,United Kingdom,83.66,2010-09,True
522138,DOT,DOTCOM POSTAGE,1,2010-09-13 10:30:00,68.51,,United Kingdom,68.51,2010-09,True
522140,DOT,DOTCOM POSTAGE,1,2010-09-13 10:31:00,35.96,,United Kingdom,35.96,2010-09,True
522141,DOT,DOTCOM POSTAGE,1,2010-09-13 10:32:00,44.3,,United Kingdom,44.3,2010-09,True
522142,DOT,DOTCOM POSTAGE,1,2010-09-13 10:32:00,30.0,,United Kingdom,30.0,2010-09,True
522143,DOT,DOTCOM POSTAGE,1,2010-09-13 10:33:00,46.68,,United Kingdom,46.68,2010-09,True
522144,DOT,DOTCOM POSTAGE,1,2010-09-13 10:33:00,82.72,,United Kingdom,82.72,2010-09,True
C522165,M,MANUAL,-1,2010-09-13 11:13:00,19.2,13027,United Kingdom,-19.2,2010-09,True
522169,DOT,DOTCOM POSTAGE,1,2010-09-13 11:28:00,152.27,,United Kingdom,152.27,2010-09,True
522251,DOT,DOTCOM POSTAGE,1,2010-09-13 12:25:00,51.87,,United Kingdom,51.87,2010-09,True
522252,DOT,DOTCOM POSTAGE,1,2010-09-13 12:26:00,41.66,,United Kingdom,41.66,2010-09,True
522290,DOT,DOTCOM POSTAGE,1,2010-09-13 14:12:00,40.04,,United Kingdom,40.04,2010-09,True
522301,POST,POSTAGE,3,2010-09-13 14:55:00,18.0,12530,Germany,54.0,2010-09,True
C522303,POST,POSTAGE,-1,2010-09-13 15:04:00,18.0,12530,Germany,-18.0,2010-09,True
522310,DOT,DOTCOM POSTAGE,1,2010-09-13 15:12:00,90.94,,United Kingdom,90.94,2010-09,True
522315,DOT,DOTCOM POSTAGE,1,2010-09-13 15:14:00,122.15,,United Kingdom,122.15,2010-09,True
522322,BANK CHARGES,BANK CHARGES,1,2010-09-13 15:23:00,15.0,,United Kingdom,15.0,2010-09,True
522325,POST,POSTAGE,2,2010-09-13 15:48:00,18.0,12693,Germany,36.0,2010-09,True
522327,M,MANUAL,2,2010-09-13 16:15:00,7.95,18069,United Kingdom,15.9,2010-09,True
522333,POST,POSTAGE,1,2010-09-14 09:43:00,40.0,12483,Sweden,40.0,2010-09,True
522335,POST,POSTAGE,2,2010-09-14 10:13:00,18.0,12583,France,36.0,2010-09,True
522339,POST,POSTAGE,4,2010-09-14 10:43:00,18.0,12621,Germany,72.0,2010-09,True
522421,POST,POSTAGE,1,2010-09-14 12:48:00,15.0,12778,Netherlands,15.0,2010-09,True
522424,POST,POSTAGE,6,2010-09-14 12:58:00,18.0,12476,Germany,108.0,2010-09,True
522425,POST,POSTAGE,1,2010-09-14 13:05:00,18.0,12476,Germany,18.0,2010-09,True
522437,M,MANUAL,1,2010-09-14 13:56:00,4.25,17346,United Kingdom,4.25,2010-09,True
C522438,D,DISCOUNT,-1,2010-09-14 14:10:00,9.9,15901,United Kingdom,-9.9,2010-09,True
522440,M,MANUAL,1,2010-09-14 14:16:00,9.9,15901,United Kingdom,9.9,2010-09,True
C522441,D,DISCOUNT,-1,2010-09-14 14:17:00,9.09,15901,United Kingdom,-9.09,2010-09,True
522454,POST,POSTAGE,2,2010-09-14 15:40:00,18.0,12682,France,36.0,2010-09,True
522464,DOT,DOTCOM POSTAGE,1,2010-09-14 17:50:00,192.92,,United Kingdom,192.92,2010-09,True
522467,POST,POSTAGE,1,2010-09-15 09:50:00,28.0,12539,Spain,28.0,2010-09,True
522497,POST,POSTAGE,1,2010-09-15 11:04:00,18.0,12682,France,18.0,2010-09,True
522553,POST,POSTAGE,7,2010-09-15 11:56:00,18.0,12481,Germany,126.0,2010-09,True
522592,POST,POSTAGE,2,2010-09-15 13:16:00,15.0,12408,Belgium,30.0,2010-09,True
522594,M,MANUAL,2,2010-09-15 13:21:00,0.21,16005,United Kingdom,0.42,2010-09,True
522597,POST,POSTAGE,1,2010-09-15 13:24:00,15.0,12402,Belgium,15.0,2010-09,True
522611,POST,POSTAGE,2,2010-09-15 14:29:00,40.0,12422,Switzerland,80.0,2010-09,True
522620,DOT,DOTCOM POSTAGE,1,2010-09-15 15:14:00,126.53,,United Kingdom,126.53,2010-09,True
C522632,M,MANUAL,-24,2010-09-16 09:41:00,0.44,16422,United Kingdom,-10.56,2010-09,True
522641,POST,POSTAGE,3,2010-09-16 10:22:00,28.0,12782,Portugal,84.0,2010-09,True
522642,C2,CARRIAGE,1,2010-09-16 10:29:00,50.0,13374,United Kingdom,50.0,2010-09,True
522711,M,MANUAL,5,2010-09-16 11:40:00,0.16,17348,United Kingdom,0.8,2010-09,True
522712,POST,POSTAGE,1,2010-09-16 11:43:00,18.0,12437,France,18.0,2010-09,True
C522722,M,MANUAL,-1,2010-09-16 12:20:00,75.19,12482,Sweden,-75.19,2010-09,True
C522743,M,MANUAL,-1,2010-09-16 13:08:00,10.3,14527,United Kingdom,-10.3,2010-09,True
C522755,D,DISCOUNT,-324,2010-09-16 13:35:00,0.5,18102,United Kingdom,-162.0,2010-09,True
522766,PADS,PADS TO MATCH ALL CUSHIONS,1,2010-09-16 13:58:00,0.001,15182,United Kingdom,0.001,2010-09,True
522770,POST,POSTAGE,1,2010-09-16 14:28:00,18.0,12600,Germany,18.0,2010-09,True
522773,POST,POSTAGE,5,2010-09-16 14:34:00,40.0,12369,Austria,200.0,2010-09,True
C522793,M,MANUAL,-1,2010-09-16 14:53:00,10468.8,14063,United Kingdom,-10468.8,2010-09,True
C522795,M,MANUAL,-1,2010-09-16 15:09:00,2769.9,14063,United Kingdom,-2769.9,2010-09,True
522796,M,MANUAL,1,2010-09-16 15:12:00,10468.8,,United Kingdom,10468.8,2010-09,True
522798,M,MANUAL,1,2010-09-16 15:14:00,2769.9,,United Kingdom,2769.9,2010-09,True
C522857,D,DISCOUNT,-1,2010-09-17 11:29:00,90.0,,United Kingdom,-90.0,2010-09,True
522858,DOT,DOTCOM POSTAGE,1,2010-09-17 11:33:00,184.86,,United Kingdom,184.86,2010-09,True
522902,POST,POSTAGE,3,2010-09-17 12:29:00,28.0,12554,Spain,84.0,2010-09,True
C522905,POST,POSTAGE,-1,2010-09-17 12:49:00,2.75,,United Kingdom,-2.75,2010-09,True
522907,M,MANUAL,18,2010-09-17 13:08:00,0.21,15514,United Kingdom,3.78,2010-09,True
C522915,M,MANUAL,-1,2010-09-17 13:57:00,280.91,15911,United Kingdom,-280.91,2010-09,True
522916,M,MANUAL,1,2010-09-17 13:59:00,280.91,,United Kingdom,280.91,2010-09,True
522918,POST,POSTAGE,3,2010-09-17 14:31:00,18.0,12662,Germany,54.0,2010-09,True
C522928,BANK CHARGES,BANK CHARGES,-1,2010-09-17 14:37:00,15.0,17032,United Kingdom,-15.0,2010-09,True
522943,POST,POSTAGE,5,2010-09-17 15:51:00,28.0,12543,Spain,140.0,2010-09,True
522967,M,MANUAL,1,2010-09-19 13:02:00,15.0,18257,United Kingdom,15.0,2010-09,True
523014,DOT,DOTCOM POSTAGE,1,2010-09-20 10:20:00,231.84,,United Kingdom,231.84,2010-09,True
523017,POST,POSTAGE,7,2010-09-20 11:21:00,18.0,12524,Germany,126.0,2010-09,True
523022,POST,POSTAGE,2,2010-09-20 11:42:00,18.0,12437,France,36.0,2010-09,True
C523037,POST,POSTAGE,-1,2010-09-20 11:50:00,18.0,12437,France,-18.0,2010-09,True
523082,C2,CARRIAGE,1,2010-09-20 12:15:00,50.0,14911,EIRE,50.0,2010-09,True
523146,POST,POSTAGE,1,2010-09-20 14:39:00,15.0,12455,Cyprus,15.0,2010-09,True
523150,gift_0001_30,DOTCOMGIFTSHOP GIFT VOUCHER £30.00,1,2010-09-20 14:52:00,25.53,,United Kingdom,25.53,2010-09,True
523150,DOT,DOTCOM POSTAGE,1,2010-09-20 14:52:00,144.35,,United Kingdom,144.35,2010-09,True
C523159,M,MANUAL,-1,2010-09-20 15:19:00,68.44,14906,United Kingdom,-68.44,2010-09,True
523160,M,MANUAL,1,2010-09-20 15:21:00,68.44,,United Kingdom,68.44,2010-09,True
523163,POST,POSTAGE,2,2010-09-20 15:31:00,15.0,12417,Belgium,30.0,2010-09,True
523168,POST,POSTAGE,1,2010-09-20 15:37:00,15.0,17949,United Kingdom,15.0,2010-09,True
C523171,M,MANUAL,-1,2010-09-20 15:54:00,229.46,17284,United Kingdom,-229.46,2010-09,True
523173,M,MANUAL,1,2010-09-20 15:56:00,229.46,,United Kingdom,229.46,2010-09,True
523175,DOT,DOTCOM POSTAGE,1,2010-09-20 16:03:00,134.96,,United Kingdom,134.96,2010-09,True
523176,M,MANUAL,1,2010-09-20 16:18:00,229.46,17284,United Kingdom,229.46,2010-09,True
C523177,M,MANUAL,-1,2010-09-20 16:21:00,224.58,17284,United Kingdom,-224.58,2010-09,True
C523178,M,MANUAL,-1,2010-09-20 16:22:00,229.46,,United Kingdom,-229.46,2010-09,True
523181,M,MANUAL,1,2010-09-20 16:23:00,224.58,,United Kingdom,224.58,2010-09,True
523182,M,MANUAL,1,2010-09-20 16:30:00,68.44,14906,United Kingdom,68.44,2010-09,True
C523183,M,MANUAL,-1,2010-09-20 16:33:00,66.98,14906,United Kingdom,-66.98,2010-09,True
C523184,M,MANUAL,-1,2010-09-20 16:35:00,68.44,,United Kingdom,-68.44,2010-09,True
523185,M,MANUAL,1,2010-09-20 16:37:00,66.98,,United Kingdom,66.98,2010-09,True
523186,POST,POSTAGE,1,2010-09-20 16:39:00,18.0,12643,France,18.0,2010-09,True
C523187,M,MANUAL,-1,2010-09-20 16:48:00,413.28,14156,EIRE,-413.28,2010-09,True
523189,M,MANUAL,1,2010-09-20 16:50:00,413.28,,United Kingdom,413.28,2010-09,True
523312,M,MANUAL,2,2010-09-21 13:16:00,0.21,15041,United Kingdom,0.42,2010-09,True
523320,M,MANUAL,4,2010-09-21 13:39:00,2.1,14169,United Kingdom,8.4,2010-09,True
523340,POST,POSTAGE,2,2010-09-21 15:36:00,18.0,12474,Germany,36.0,2010-09,True
523343,DOT,DOTCOM POSTAGE,1,2010-09-21 15:46:00,103.92,,United Kingdom,103.92,2010-09,True
523345,POST,POSTAGE,2,2010-09-21 15:57:00,15.0,12802,Netherlands,30.0,2010-09,True
523346,DOT,DOTCOM POSTAGE,1,2010-09-21 16:06:00,135.9,,United Kingdom,135.9,2010-09,True
C523401,POST,POSTAGE,-1,2010-09-21 20:23:00,4.25,18223,United Kingdom,-4.25,2010-09,True
523448,POST,POSTAGE,4,2010-09-22 11:19:00,28.0,12578,Italy,112.0,2010-09,True
523508,DOT,DOTCOM POSTAGE,1,2010-09-22 12:13:00,123.43,,United Kingdom,123.43,2010-09,True
523524,M,MANUAL,67,2010-09-22 13:07:00,1.5,14570,United Kingdom,100.5,2010-09,True
523552,DOT,DOTCOM POSTAGE,1,2010-09-22 15:07:00,47.4,,United Kingdom,47.4,2010-09,True
523553,DOT,DOTCOM POSTAGE,1,2010-09-22 15:08:00,51.96,,United Kingdom,51.96,2010-09,True
523556,DOT,DOTCOM POSTAGE,1,2010-09-22 15:11:00,70.13,,United Kingdom,70.13,2010-09,True
523558,DOT,DOTCOM POSTAGE,1,2010-09-22 15:12:00,50.98,,United Kingdom,50.98,2010-09,True
523559,DOT,DOTCOM POSTAGE,1,2010-09-22 15:13:00,76.21,,United Kingdom,76.21,2010-09,True
523560,DOT,DOTCOM POSTAGE,1,2010-09-22 15:17:00,58.64,,United Kingdom,58.64,2010-09,True
523561,DOT,DOTCOM POSTAGE,1,2010-09-22 15:22:00,36.72,,United Kingdom,36.72,2010-09,True
523562,DOT,DOTCOM POSTAGE,1,2010-09-22 15:23:00,35.96,,United Kingdom,35.96,2010-09,True
C523574,M,MANUAL,-1,2010-09-22 16:19:00,127.66,13910,United Kingdom,-127.66,2010-09,True
523575,M,MANUAL,1,2010-09-22 16:21:00,127.66,,United Kingdom,127.66,2010-09,True
523583,POST,POSTAGE,4,2010-09-22 17:16:00,18.0,12681,France,72.0,2010-09,True
523594,M,MANUAL,1,2010-09-23 10:23:00,10.0,12802,Netherlands,10.0,2010-09,True
523613,POST,POSTAGE,4,2010-09-23 10:45:00,18.0,12727,France,72.0,2010-09,True
523646,M,MANUAL,6,2010-09-23 12:25:00,1.45,16383,United Kingdom,8.7,2010-09,True
523659,M,MANUAL,28,2010-09-23 13:54:00,0.42,18096,United Kingdom,11.76,2010-09,True
523696,DOT,DOTCOM POSTAGE,1,2010-09-23 14:47:00,95.48,,United Kingdom,95.48,2010-09,True
523696,DCGS0058,MISO PRETTY  GUM,2,2010-09-23 14:47:00,0.85,,United Kingdom,1.7,2010-09,True
523696,gift_0001_10,DOTCOMGIFTSHOP GIFT VOUCHER £10.00,1,2010-09-23 14:47:00,8.51,,United Kingdom,8.51,2010-09,True
523719,C2,CARRIAGE,1,2010-09-23 16:09:00,50.0,,EIRE,50.0,2010-09,True
523721,POST,POSTAGE,1,2010-09-23 16:23:00,45.0,12748,United Kingdom,45.0,2010-09,True
C523765,POST,POSTAGE,-1,2010-09-24 10:20:00,744.54,17032,United Kingdom,-744.54,2010-09,True
523792,M,MANUAL,1,2010-09-24 11:34:00,1.0,14994,United Kingdom,1.0,2010-09,True
523838,C2,CARRIAGE,1,2010-09-24 12:08:00,50.0,14934,Channel Islands,50.0,2010-09,True
523872,M,MANUAL,1,2010-09-24 13:00:00,84.15,15044,United Kingdom,84.15,2010-09,True
C523873,M,MANUAL,-1,2010-09-24 13:03:00,98.88,15044,United Kingdom,-98.88,2010-09,True
C523876,M,MANUAL,-1,2010-09-24 13:07:00,84.15,15044,United Kingdom,-84.15,2010-09,True
523877,M,MANUAL,1,2010-09-24 13:08:00,98.88,15044,United Kingdom,98.88,2010-09,True
523878,M,MANUAL,1,2010-09-24 13:09:00,71.61,15044,United Kingdom,71.61,2010-09,True
C523880,M,MANUAL,-1,2010-09-24 13:42:00,1343.44,14802,United Kingdom,-1343.44,2010-09,True
523881,M,MANUAL,1,2010-09-24 13:45:00,1343.44,,United Kingdom,1343.44,2010-09,True
523882,M,MANUAL,1,2010-09-24 13:46:00,159.54,,United Kingdom,159.54,2010-09,True
C523883,M,MANUAL,-1,2010-09-24 13:52:00,159.54,14802,United Kingdom,-159.54,2010-09,True
C523885,M,MANUAL,-1,2010-09-24 14:06:00,359.71,13448,United Kingdom,-359.71,2010-09,True
523886,M,MANUAL,1,2010-09-24 14:08:00,359.71,,United Kingdom,359.71,2010-09,True
523911,DOT,DOTCOM POSTAGE,1,2010-09-24 16:06:00,119.32,,United Kingdom,119.32,2010-09,True
523966,C2,CARRIAGE,1,2010-09-26 13:20:00,50.0,14911,EIRE,50.0,2010-09,True
C523987,D,DISCOUNT,-250,2010-09-26 14:12:00,0.1,12931,United Kingdom,-25.0,2010-09,True
C523987,D,DISCOUNT,-156,2010-09-26 14:12:00,0.19,12931,United Kingdom,-29.64,2010-09,True
C523987,D,DISCOUNT,-128,2010-09-26 14:12:00,0.42,12931,United Kingdom,-53.76,2010-09,True
C523987,M,MANUAL,-100,2010-09-26 14:12:00,0.41,12931,United Kingdom,-41.0,2010-09,True
C524058,M,MANUAL,-1,2010-09-27 11:30:00,208.63,13290,United Kingdom,-208.63,2010-09,True
524063,M,MANUAL,1,2010-09-27 11:32:00,208.63,,United Kingdom,208.63,2010-09,True
524087,DOT,DOTCOM POSTAGE,1,2010-09-27 11:41:00,151.28,,United Kingdom,151.28,2010-09,True
524109,POST,POSTAGE,8,2010-09-27 13:17:00,18.0,12471,Germany,144.0,2010-09,True
C524124,BANK CHARGES,BANK CHARGES,-1,2010-09-27 14:19:00,15.0,16879,United Kingdom,-15.0,2010-09,True
524140,POST,POSTAGE,1,2010-09-27 14:59:00,1.0,12348,Finland,1.0,2010-09,True
524149,POST,POSTAGE,1,2010-09-27 15:41:00,15.0,14646,Netherlands,15.0,2010-09,True
524153,DOT,DOTCOM POSTAGE,1,2010-09-27 15:56:00,133.44,,United Kingdom,133.44,2010-09,True
524156,M,MANUAL,1,2010-09-27 16:01:00,445.05,14328,United Kingdom,445.05,2010-09,True
C524157,M,MANUAL,-1,2010-09-27 16:03:00,445.05,,United Kingdom,-445.05,2010-09,True
524159,M,MANUAL,1,2010-09-27 16:12:00,10468.8,14063,United Kingdom,10468.8,2010-09,True
C524161,M,MANUAL,-1,2010-09-27 16:16:00,10468.8,,United Kingdom,-10468.8,2010-09,True
524162,M,MANUAL,1,2010-09-27 16:18:00,2769.9,14063,United Kingdom,2769.9,2010-09,True
C524165,M,MANUAL,-1,2010-09-27 16:21:00,2769.9,,United Kingdom,-2769.9,2010-09,True
524167,M,MANUAL,1,2010-09-27 16:24:00,359.71,13448,United Kingdom,359.71,2010-09,True
C524169,M,MANUAL,-1,2010-09-27 16:25:00,359.71,,United Kingdom,-359.71,2010-09,True
524170,POST,POSTAGE,1,2010-09-27 16:27:00,5.0,,United Kingdom,5.0,2010-09,True
524171,M,MANUAL,1,2010-09-27 16:29:00,208.63,13290,United Kingdom,208.63,2010-09,True
C524173,M,MANUAL,-1,2010-09-27 16:30:00,208.63,,United Kingdom,-208.63,2010-09,True
524175,M,MANUAL,1,2010-09-27 16:32:00,1343.44,14802,United Kingdom,1343.44,2010-09,True
524176,M,MANUAL,1,2010-09-27 16:34:00,159.54,14802,United Kingdom,159.54,2010-09,True
C524177,M,MANUAL,-1,2010-09-27 16:36:00,1343.44,,United Kingdom,-1343.44,2010-09,True
C524178,M,MANUAL,-1,2010-09-27 16:37:00,159.54,,United Kingdom,-159.54,2010-09,True
524192,M,MANUAL,1,2010-09-28 09:33:00,3.0,,United Kingdom,3.0,2010-09,True
524192,DOT,DOTCOM POSTAGE,1,2010-09-28 09:33:00,44.21,,United Kingdom,44.21,2010-09,True
524193,DOT,DOTCOM POSTAGE,1,2010-09-28 09:34:00,38.3,,United Kingdom,38.3,2010-09,True
524194,DOT,DOTCOM POSTAGE,1,2010-09-28 09:34:00,44.98,,United Kingdom,44.98,2010-09,True
524195,DOT,DOTCOM POSTAGE,1,2010-09-28 09:35:00,40.13,,United Kingdom,40.13,2010-09,True
524196,DOT,DOTCOM POSTAGE,1,2010-09-28 09:36:00,55.11,,United Kingdom,55.11,2010-09,True
524197,DOT,DOTCOM POSTAGE,1,2010-09-28 09:36:00,66.0,,United Kingdom,66.0,2010-09,True
524198,DOT,DOTCOM POSTAGE,1,2010-09-28 09:37:00,66.0,,United Kingdom,66.0,2010-09,True
524199,DOT,DOTCOM POSTAGE,1,2010-09-28 09:37:00,57.49,,United Kingdom,57.49,2010-09,True
524207,POST,POSTAGE,2,2010-09-28 10:35:00,18.0,12648,Germany,36.0,2010-09,True
524218,POST,POSTAGE,3,2010-09-28 10:52:00,18.0,12759,Netherlands,54.0,2010-09,True
524327,DOT,DOTCOM POSTAGE,1,2010-09-28 15:07:00,110.13,,United Kingdom,110.13,2010-09,True
524368,DOT,DOTCOM POSTAGE,1,2010-09-28 17:18:00,240.71,,United Kingdom,240.71,2010-09,True
524408,POST,POSTAGE,1,2010-09-29 09:36:00,40.0,12483,Sweden,40.0,2010-09,True
524412,C2,CARRIAGE,1,2010-09-29 09:59:00,50.0,14911,EIRE,50.0,2010-09,True
524489,POST,POSTAGE,4,2010-09-29 12:12:00,28.0,12540,Spain,112.0,2010-09,True
524522,C2,CARRIAGE,1,2010-09-29 13:14:00,50.0,14911,EIRE,50.0,2010-09,True
524539,M,MANUAL,1,2010-09-29 13:49:00,483.15,14911,EIRE,483.15,2010-09,True
C524541,M,MANUAL,-1,2010-09-29 13:50:00,483.15,14911,EIRE,-483.15,2010-09,True
524558,DOT,DOTCOM POSTAGE,1,2010-09-29 14:36:00,314.11,,United Kingdom,314.11,2010-09,True
C524575,D,DISCOUNT,-1,2010-09-29 16:02:00,28.52,13408,United Kingdom,-28.52,2010-09,True
C524593,M,MANUAL,-1,2010-09-29 16:25:00,237.85,14911,EIRE,-237.85,2010-09,True
524594,M,MANUAL,1,2010-09-29 16:26:00,237.85,14911,EIRE,237.85,2010-09,True
524610,POST,POSTAGE,3,2010-09-30 09:28:00,18.0,12472,Germany,54.0,2010-09,True
524698,DOT,DOTCOM POSTAGE,1,2010-09-30 12:12:00,105.4,,United Kingdom,105.4,2010-09,True
C524709,M,MANUAL,-1,2010-09-30 12:43:00,2545.85,14156,EIRE,-2545.85,2010-09,True
524711,M,MANUAL,1,2010-09-30 12:46:00,2545.85,,United Kingdom,2545.85,2010-09,True
C524713,M,MANUAL,-1,2010-09-30 12:48:00,2545.85,,United Kingdom,-2545.85,2010-09,True
524714,M,MANUAL,1,2010-09-30 12:51:00,2545.85,,United Kingdom,2545.85,2010-09,True
524716,POST,POSTAGE,2,2010-09-30 13:13:00,18.0,12562,France,36.0,2010-09,True
524719,POST,POSTAGE,1,2010-09-30 13:34:00,15.0,12806,Netherlands,15.0,2010-09,True
524765,DCGS0058,MISO PRETTY  GUM,1,2010-09-30 15:47:00,0.85,,United Kingdom,0.85,2010-09,True
524765,DOT,DOTCOM POSTAGE,1,2010-09-30 15:47:00,240.69,,United Kingdom,240.69,2010-09,True
524828,POST,POSTAGE,5,2010-09-30 17:05:00,18.0,12705,Germany,90.0,2010-09,True
524841,POST,POSTAGE,3,2010-09-30 17:59:00,40.0,12457,Switzerland,120.0,2010-09,True
C524848,POST,POSTAGE,-1,2010-09-30 18:32:00,1.72,17519,United Kingdom,-1.72,2010-09,True
524851,POST,POSTAGE,1,2010-09-30 18:45:00,18.0,12500,Germany,18.0,2010-09,True
524862,POST,POSTAGE,1,2010-10-01 08:39:00,28.0,12417,Spain,28.0,2010-10,True
524863,POST,POSTAGE,1,2010-10-01 08:57:00,40.0,12817,Austria,40.0,2010-10,True
C524867,D,DISCOUNT,-1,2010-10-01 09:33:00,413.4,14912,Italy,-413.4,2010-10,True
524878,POST,POSTAGE,2,2010-10-01 10:43:00,40.0,12696,Finland,80.0,2010-10,True
524938,M,MANUAL,1,2010-10-01 12:00:00,963.36,,United Kingdom,963.36,2010-10,True
C524941,M,MANUAL,-1,2010-10-01 12:11:00,170.0,,United Kingdom,-170.0,2010-10,True
C524941,M,MANUAL,-1,2010-10-01 12:11:00,40.0,,United Kingdom,-40.0,2010-10,True
524942,POST,POSTAGE,2,2010-10-01 12:17:00,40.0,12639,Sweden,80.0,2010-10,True
524951,POST,POSTAGE,3,2010-10-01 12:46:00,18.0,12609,Germany,54.0,2010-10,True
C524954,POST,POSTAGE,-1,2010-10-01 13:13:00,18.0,12609,Germany,-18.0,2010-10,True
524956,M,MANUAL,1,2010-10-01 13:23:00,127.66,,United Kingdom,127.66,2010-10,True
524958,DOT,DOTCOM POSTAGE,1,2010-10-01 13:30:00,89.36,,United Kingdom,89.36,2010-10,True
524959,DOT,DOTCOM POSTAGE,1,2010-10-01 13:31:00,59.36,,United Kingdom,59.36,2010-10,True
524982,M,MANUAL,2,2010-10-01 15:28:00,0.19,12926,United Kingdom,0.38,2010-10,True
524999,DOT,DOTCOM POSTAGE,1,2010-10-01 17:34:00,146.24,,United Kingdom,146.24,2010-10,True
525039,M,MANUAL,1,2010-10-03 12:48:00,15.0,,United Kingdom,15.0,2010-10,True
525049,POST,POSTAGE,1,2010-10-03 13:38:00,18.0,12600,Germany,18.0,2010-10,True
525071,POST,POSTAGE,2,2010-10-03 14:50:00,18.0,12583,France,36.0,2010-10,True
525073,POST,POSTAGE,2,2010-10-03 14:52:00,18.0,12490,France,36.0,2010-10,True
C525099,D,DISCOUNT,-1,2010-10-04 09:54:00,1.0,12346,United Kingdom,-1.0,2010-10,True
525100,C2,CARRIAGE,1,2010-10-04 10:00:00,50.0,13367,United Kingdom,50.0,2010-10,True
C525101,C2,CARRIAGE,-1,2010-10-04 10:02:00,50.0,13360,United Kingdom,-50.0,2010-10,True
525114,C2,CARRIAGE,1,2010-10-04 11:33:00,50.0,18284,United Kingdom,50.0,2010-10,True
525167,POST,POSTAGE,3,2010-10-04 12:14:00,40.0,12486,Sweden,120.0,2010-10,True
525169,POST,POSTAGE,5,2010-10-04 12:17:00,18.0,12471,Germany,90.0,2010-10,True
C525190,POST,POSTAGE,-1,2010-10-04 12:32:00,5.0,12681,France,-5.0,2010-10,True
525221,DOT,DOTCOM POSTAGE,1,2010-10-04 12:51:00,294.79,,United Kingdom,294.79,2010-10,True
525224,C2,CARRIAGE,1,2010-10-04 13:07:00,50.0,14911,EIRE,50.0,2010-10,True
525235,DOT,DOTCOM POSTAGE,1,2010-10-04 14:30:00,63.32,,United Kingdom,63.32,2010-10,True
525236,DOT,DOTCOM POSTAGE,1,2010-10-04 14:31:00,66.77,,United Kingdom,66.77,2010-10,True
525249,POST,POSTAGE,2,2010-10-04 14:42:00,18.0,12726,France,36.0,2010-10,True
C525272,TEST001,THIS IS A TEST PRODUCT.,-1,2010-10-04 16:29:00,4.5,16454,United Kingdom,-4.5,2010-10,True
C525273,TEST001,THIS IS A TEST PRODUCT.,-1,2010-10-04 16:30:00,4.5,16454,United Kingdom,-4.5,2010-10,True
C525274,TEST001,THIS IS A TEST PRODUCT.,-1,2010-10-04 16:33:00,4.5,12346,United Kingdom,-4.5,2010-10,True
C525275,TEST001,THIS IS A TEST PRODUCT.,-2,2010-10-04 16:38:00,4.5,16446,United Kingdom,-9.0,2010-10,True
525276,DOT,DOTCOM POSTAGE,1,2010-10-04 16:44:00,149.18,,United Kingdom,149.18,2010-10,True
525294,C2,CARRIAGE,1,2010-10-05 09:21:00,50.0,14911,EIRE,50.0,2010-10,True
525298,POST,POSTAGE,3,2010-10-05 09:32:00,18.0,12437,France,54.0,2010-10,True
525300,POST,POSTAGE,3,2010-10-05 09:43:00,18.0,12516,Germany,54.0,2010-10,True
C525313,M,MANUAL,-1,2010-10-05 10:47:00,445.06,14328,United Kingdom,-445.06,2010-10,True
525329,M,MANUAL,2,2010-10-05 11:23:00,2.55,17019,United Kingdom,5.1,2010-10,True
525339,M,MANUAL,1,2010-10-05 11:26:00,445.06,,United Kingdom,445.06,2010-10,True
C525398,M,MANUAL,-1,2010-10-05 11:47:00,10468.8,14063,United Kingdom,-10468.8,2010-10,True
525399,M,MANUAL,1,2010-10-05 11:49:00,10468.8,,United Kingdom,10468.8,2010-10,True
C525400,M,MANUAL,-1,2010-10-05 11:52:00,2769.9,14063,United Kingdom,-2769.9,2010-10,True
525403,M,MANUAL,1,2010-10-05 11:53:00,2769.9,,United Kingdom,2769.9,2010-10,True
C525415,M,MANUAL,-1,2010-10-05 12:43:00,208.63,13290,United Kingdom,-208.63,2010-10,True
525417,M,MANUAL,1,2010-10-05 12:44:00,35.0,12471,Germany,35.0,2010-10,True
525419,M,MANUAL,1,2010-10-05 12:46:00,208.63,,United Kingdom,208.63,2010-10,True
C525450,M,MANUAL,-1,2010-10-05 14:10:00,359.71,13448,United Kingdom,-359.71,2010-10,True
525451,M,MANUAL,1,2010-10-05 14:12:00,359.71,,United Kingdom,359.71,2010-10,True
525457,M,MANUAL,1,2010-10-05 14:30:00,20.0,18065,United Kingdom,20.0,2010-10,True
525458,DOT,DOTCOM POSTAGE,1,2010-10-05 14:45:00,142.09,,United Kingdom,142.09,2010-10,True
C525461,M,MANUAL,-1,2010-10-05 14:46:00,159.54,14802,United Kingdom,-159.54,2010-10,True
C525462,M,MANUAL,-1,2010-10-05 14:49:00,1343.44,14802,United Kingdom,-1343.44,2010-10,True
525464,M,MANUAL,1,2010-10-05 14:51:00,159.54,,United Kingdom,159.54,2010-10,True
525465,M,MANUAL,1,2010-10-05 14:52:00,1343.44,,United Kingdom,1343.44,2010-10,True
C525470,M,MANUAL,-1,2010-10-05 15:12:00,7044.79,15413,United Kingdom,-7044.79,2010-10,True
C525471,M,MANUAL,-1,2010-10-05 15:15:00,2285.31,15413,United Kingdom,-2285.31,2010-10,True
525473,M,MANUAL,1,2010-10-05 15:16:00,7044.79,,United Kingdom,7044.79,2010-10,True
525475,M,MANUAL,1,2010-10-05 15:17:00,2285.31,,United Kingdom,2285.31,2010-10,True
525498,M,MANUAL,1,2010-10-05 16:47:00,2545.85,14156,EIRE,2545.85,2010-10,True
C525499,M,MANUAL,-1,2010-10-05 16:49:00,2545.85,,United Kingdom,-2545.85,2010-10,True
C525502,M,MANUAL,-1,2010-10-05 16:55:00,2366.4,14156,EIRE,-2366.4,2010-10,True
525503,M,MANUAL,1,2010-10-05 16:57:00,2366.4,,United Kingdom,2366.4,2010-10,True
C525531,POST,POSTAGE,-1,2010-10-05 19:04:00,4.58,17612,United Kingdom,-4.58,2010-10,True
C525547,POST,POSTAGE,-1,2010-10-05 19:27:00,7.06,13648,United Kingdom,-7.06,2010-10,True
C525567,M,MANUAL,-1,2010-10-06 09:56:00,731.05,,United Kingdom,-731.05,2010-10,True
525575,C2,CARRIAGE,1,2010-10-06 10:37:00,50.0,14911,EIRE,50.0,2010-10,True
525578,POST,POSTAGE,1,2010-10-06 10:50:00,15.0,13022,Belgium,15.0,2010-10,True
C525626,D,DISCOUNT,-1,2010-10-06 12:04:00,12.16,14527,United Kingdom,-12.16,2010-10,True
C525695,C2,CARRIAGE,-1,2010-10-06 12:31:00,25.0,18284,United Kingdom,-25.0,2010-10,True
525698,POST,POSTAGE,12,2010-10-06 12:36:00,18.0,12668,Germany,216.0,2010-10,True
525721,M,MANUAL,1,2010-10-06 15:00:00,15.0,15973,United Kingdom,15.0,2010-10,True
525724,POST,POSTAGE,1,2010-10-06 15:13:00,5.0,,United Kingdom,5.0,2010-10,True
525732,C2,CARRIAGE,1,2010-10-06 15:58:00,50.0,14156,EIRE,50.0,2010-10,True
525748,POST,POSTAGE,2,2010-10-07 09:31:00,18.0,12471,Germany,36.0,2010-10,True
525753,DOT,DOTCOM POSTAGE,1,2010-10-07 10:19:00,194.11,,United Kingdom,194.11,2010-10,True
525755,gift_0001_50,DOTCOMGIFTSHOP GIFT VOUCHER £50.00,1,2010-10-07 10:23:00,42.55,,United Kingdom,42.55,2010-10,True
525755,DOT,DOTCOM POSTAGE,1,2010-10-07 10:23:00,174.95,,United Kingdom,174.95,2010-10,True
525772,SP1002,KID'S CHALKBOARD/EASEL,1,2010-10-07 11:12:00,2.95,12748,United Kingdom,2.95,2010-10,True
525824,POST,POSTAGE,5,2010-10-07 11:46:00,18.0,12476,Germany,90.0,2010-10,True
525833,M,MANUAL,1,2010-10-07 12:01:00,19.5,16928,United Kingdom,19.5,2010-10,True
525837,SP1002,KID'S CHALKBOARD/EASEL,4,2010-10-07 12:23:00,2.95,17841,United Kingdom,11.8,2010-10,True
C525876,BANK CHARGES,BANK CHARGES,-1,2010-10-07 14:12:00,15.0,13776,United Kingdom,-15.0,2010-10,True
C525880,M,MANUAL,-1,2010-10-07 14:25:00,176.96,17424,United Kingdom,-176.96,2010-10,True
525881,M,MANUAL,1,2010-10-07 14:27:00,176.96,,United Kingdom,176.96,2010-10,True
525882,DOT,DOTCOM POSTAGE,1,2010-10-07 14:28:00,159.41,,United Kingdom,159.41,2010-10,True
C525896,M,MANUAL,-1,2010-10-07 15:31:00,311.99,13776,United Kingdom,-311.99,2010-10,True
525897,M,MANUAL,1,2010-10-07 15:32:00,311.99,,United Kingdom,311.99,2010-10,True
525905,M,MANUAL,1,2010-10-07 16:07:00,311.99,13776,United Kingdom,311.99,2010-10,True
C525907,M,MANUAL,-1,2010-10-07 16:09:00,311.99,13776,United Kingdom,-311.99,2010-10,True
525909,M,MANUAL,1,2010-10-07 16:11:00,311.99,13776,United Kingdom,311.99,2010-10,True
C525910,M,MANUAL,-1,2010-10-07 16:12:00,311.99,,United Kingdom,-311.99,2010-10,True
C525914,BANK CHARGES,BANK CHARGES,-1,2010-10-07 16:14:00,45.0,13776,United Kingdom,-45.0,2010-10,True
C525933,M,MANUAL,-1,2010-10-07 16:59:00,267.05,13776,United Kingdom,-267.05,2010-10,True
525935,M,MANUAL,1,2010-10-07 17:00:00,267.05,,United Kingdom,267.05,2010-10,True
C525938,POST,POSTAGE,-1,2010-10-07 17:18:00,9.68,15664,United Kingdom,-9.68,2010-10,True
525969,DOT,DOTCOM POSTAGE,1,2010-10-08 10:21:00,55.79,,United Kingdom,55.79,2010-10,True
525971,DOT,DOTCOM POSTAGE,1,2010-10-08 10:21:00,57.7,,United Kingdom,57.7,2010-10,True
525972,M,MANUAL,1,2010-10-08 10:22:00,1.7,,United Kingdom,1.7,2010-10,True
525972,DOT,DOTCOM POSTAGE,1,2010-10-08 10:22:00,61.7,,United Kingdom,61.7,2010-10,True
525973,DOT,DOTCOM POSTAGE,1,2010-10-08 10:22:00,105.45,,United Kingdom,105.45,2010-10,True
526002,POST,POSTAGE,2,2010-10-08 11:36:00,40.0,12458,Switzerland,80.0,2010-10,True
526085,POST,POSTAGE,6,2010-10-08 12:06:00,18.0,12480,Germany,108.0,2010-10,True
C526088,M,MANUAL,-1,2010-10-08 12:14:00,50.0,17809,United Kingdom,-50.0,2010-10,True
526093,POST,POSTAGE,2,2010-10-08 12:20:00,28.0,12811,Portugal,56.0,2010-10,True
526124,POST,POSTAGE,10,2010-10-08 13:55:00,18.0,14646,Netherlands,180.0,2010-10,True
C526126,POST,POSTAGE,-10,2010-10-08 13:58:00,18.0,14646,Netherlands,-180.0,2010-10,True
526127,POST,POSTAGE,10,2010-10-08 13:59:00,15.0,14646,Netherlands,150.0,2010-10,True
526142,M,MANUAL,1,2010-10-08 14:45:00,15.0,14911,EIRE,15.0,2010-10,True
526151,gift_0001_30,DOTCOMGIFTSHOP GIFT VOUCHER £30.00,1,2010-10-08 15:19:00,25.53,,United Kingdom,25.53,2010-10,True
526151,DOT,DOTCOM POSTAGE,1,2010-10-08 15:19:00,217.71,,United Kingdom,217.71,2010-10,True
526153,C2,CARRIAGE,1,2010-10-08 15:30:00,50.0,14911,EIRE,50.0,2010-10,True
526168,POST,POSTAGE,4,2010-10-10 10:43:00,18.0,12656,France,72.0,2010-10,True
526222,POST,POSTAGE,3,2010-10-10 14:56:00,40.0,12676,Sweden,120.0,2010-10,True
526240,POST,POSTAGE,2,2010-10-11 09:11:00,18.0,12682,France,36.0,2010-10,True
526245,POST,POSTAGE,4,2010-10-11 09:42:00,28.0,12356,Portugal,112.0,2010-10,True
526265,POST,POSTAGE,4,2010-10-11 10:34:00,28.0,12782,Portugal,112.0,2010-10,True
526288,POST,POSTAGE,2,2010-10-11 11:53:00,18.0,13919,Denmark,36.0,2010-10,True
526389,POST,POSTAGE,2,2010-10-11 12:53:00,28.0,12797,Portugal,56.0,2010-10,True
526403,DOT,DOTCOM POSTAGE,1,2010-10-11 13:49:00,182.24,,United Kingdom,182.24,2010-10,True
526405,DCGSSBOY,BOYS PARTY BAG,1,2010-10-11 13:53:00,3.36,,United Kingdom,3.36,2010-10,True
526405,DCGSSGIRL,GIRLS PARTY BAG,6,2010-10-11 13:53:00,3.36,,United Kingdom,20.16,2010-10,True
526405,DOT,DOTCOM POSTAGE,1,2010-10-11 13:53:00,116.44,,United Kingdom,116.44,2010-10,True
C526456,M,MANUAL,-1,2010-10-11 15:45:00,1.0,17755,United Kingdom,-1.0,2010-10,True
526468,M,MANUAL,1,2010-10-11 16:27:00,17.5,,United Kingdom,17.5,2010-10,True
526485,POST,POSTAGE,1,2010-10-12 08:08:00,18.0,12649,Germany,18.0,2010-10,True
526491,POST,POSTAGE,1,2010-10-12 09:17:00,18.0,12655,France,18.0,2010-10,True
526506,C2,CARRIAGE,1,2010-10-12 10:43:00,50.0,13368,United Kingdom,50.0,2010-10,True
C526537,D,DISCOUNT,-1,2010-10-12 11:29:00,3.39,16422,United Kingdom,-3.39,2010-10,True
C526630,D,DISCOUNT,-1,2010-10-12 13:01:00,11.3,14527,United Kingdom,-11.3,2010-10,True
526638,DOT,DOTCOM POSTAGE,1,2010-10-12 13:19:00,169.52,,United Kingdom,169.52,2010-10,True
526640,POST,POSTAGE,1,2010-10-12 13:20:00,18.0,12599,France,18.0,2010-10,True
526642,POST,POSTAGE,9,2010-10-12 13:26:00,18.0,12647,Germany,162.0,2010-10,True
526646,POST,POSTAGE,3,2010-10-12 13:35:00,18.0,12553,France,54.0,2010-10,True
526715,POST,POSTAGE,3,2010-10-12 16:40:00,40.0,12629,Sweden,120.0,2010-10,True
526717,POST,POSTAGE,2,2010-10-12 16:51:00,1.0,12605,Germany,2.0,2010-10,True
526738,DOT,DOTCOM POSTAGE,1,2010-10-12 18:02:00,148.77,,United Kingdom,148.77,2010-10,True
526758,M,MANUAL,1,2010-10-13 10:43:00,2.95,14534,United Kingdom,2.95,2010-10,True
C526837,M,MANUAL,-1,2010-10-13 11:52:00,756.4,13378,United Kingdom,-756.4,2010-10,True
526843,M,MANUAL,1,2010-10-13 12:07:00,756.4,,United Kingdom,756.4,2010-10,True
526853,POST,POSTAGE,5,2010-10-13 12:48:00,28.0,12540,Spain,140.0,2010-10,True
C526855,M,MANUAL,-1,2010-10-13 12:55:00,1108.44,15202,United Kingdom,-1108.44,2010-10,True
526856,M,MANUAL,1,2010-10-13 12:57:00,1108.44,,United Kingdom,1108.44,2010-10,True
C526858,M,MANUAL,-1,2010-10-13 13:01:00,2667.88,15202,United Kingdom,-2667.88,2010-10,True
526860,M,MANUAL,1,2010-10-13 13:02:00,2667.88,,United Kingdom,2667.88,2010-10,True
526862,C2,CARRIAGE,1,2010-10-13 13:07:00,50.0,14911,EIRE,50.0,2010-10,True
526864,POST,POSTAGE,2,2010-10-13 13:09:00,18.0,12437,France,36.0,2010-10,True
526893,POST,POSTAGE,2,2010-10-13 14:46:00,15.0,12379,Belgium,30.0,2010-10,True
526911,POST,POSTAGE,4,2010-10-13 15:40:00,18.0,12681,France,72.0,2010-10,True
526916,DOT,DOTCOM POSTAGE,1,2010-10-13 16:20:00,169.55,,United Kingdom,169.55,2010-10,True
526932,DOT,DOTCOM POSTAGE,1,2010-10-14 09:35:00,93.79,,United Kingdom,93.79,2010-10,True
526965,POST,POSTAGE,3,2010-10-14 11:06:00,1.0,12589,France,3.0,2010-10,True
C527020,POST,POSTAGE,-3,2010-10-14 11:52:00,1.0,12589,France,-3.0,2010-10,True
527023,POST,POSTAGE,3,2010-10-14 11:54:00,18.0,12589,France,54.0,2010-10,True
527058,POST,POSTAGE,5,2010-10-14 13:31:00,40.0,12374,Austria,200.0,2010-10,True
C527082,POST,POSTAGE,-1,2010-10-14 15:32:00,3.49,,United Kingdom,-3.49,2010-10,True
527084,POST,POSTAGE,2,2010-10-14 15:33:00,15.0,14646,Netherlands,30.0,2010-10,True
C527108,D,DISCOUNT,-1,2010-10-14 17:17:00,350.6,17389,United Kingdom,-350.6,2010-10,True
527110,C2,CARRIAGE,1,2010-10-14 17:23:00,50.0,14817,United Kingdom,50.0,2010-10,True
527123,POST,POSTAGE,4,2010-10-14 19:39:00,18.0,12694,France,72.0,2010-10,True
527133,POST,POSTAGE,8,2010-10-15 09:33:00,18.0,12709,Germany,144.0,2010-10,True
527152,DOT,DOTCOM POSTAGE,1,2010-10-15 11:21:00,60.21,,United Kingdom,60.21,2010-10,True
527151,DOT,DOTCOM POSTAGE,1,2010-10-15 11:21:00,37.57,,United Kingdom,37.57,2010-10,True
527154,M,MANUAL,1,2010-10-15 11:22:00,1.7,,United Kingdom,1.7,2010-10,True
527154,DOT,DOTCOM POSTAGE,1,2010-10-15 11:22:00,56.72,,United Kingdom,56.72,2010-10,True
527155,DOT,DOTCOM POSTAGE,1,2010-10-15 11:22:00,203.37,,United Kingdom,203.37,2010-10,True
527157,DOT,DOTCOM POSTAGE,1,2010-10-15 11:25:00,44.17,,United Kingdom,44.17,2010-10,True
527234,POST,POSTAGE,1,2010-10-15 12:00:00,18.0,12691,France,18.0,2010-10,True
527255,POST,POSTAGE,3,2010-10-15 12:35:00,18.0,12437,France,54.0,2010-10,True
527257,M,MANUAL,1,2010-10-15 12:39:00,1108.44,15202,United Kingdom,1108.44,2010-10,True
527258,M,MANUAL,1,2010-10-15 12:40:00,2667.88,15202,United Kingdom,2667.88,2010-10,True
C527259,M,MANUAL,-1,2010-10-15 12:41:00,1108.44,,United Kingdom,-1108.44,2010-10,True
C527260,M,MANUAL,-1,2010-10-15 12:42:00,2667.88,,United Kingdom,-2667.88,2010-10,True
C527263,M,MANUAL,-1,2010-10-15 12:46:00,345.01,15202,United Kingdom,-345.01,2010-10,True
527264,M,MANUAL,1,2010-10-15 12:47:00,345.01,,United Kingdom,345.01,2010-10,True
C527269,M,MANUAL,-1,2010-10-15 13:03:00,2225.17,15202,United Kingdom,-2225.17,2010-10,True
C527270,D,DISCOUNT,-1,2010-10-15 13:03:00,14.08,14527,United Kingdom,-14.08,2010-10,True
527271,M,MANUAL,1,2010-10-15 13:05:00,2225.17,15202,United Kingdom,2225.17,2010-10,True
C527272,M,MANUAL,-1,2010-10-15 13:09:00,2225.17,15202,United Kingdom,-2225.17,2010-10,True
527273,M,MANUAL,1,2010-10-15 13:10:00,2225.71,,United Kingdom,2225.71,2010-10,True
527285,M,MANUAL,3,2010-10-15 13:47:00,2.95,17822,United Kingdom,8.850000000000001,2010-10,True
527288,POST,POSTAGE,3,2010-10-15 13:57:00,15.0,12417,Belgium,45.0,2010-10,True
527291,DOT,DOTCOM POSTAGE,1,2010-10-15 14:08:00,62.6,,United Kingdom,62.6,2010-10,True
527293,M,MANUAL,1,2010-10-15 14:09:00,1.7,,United Kingdom,1.7,2010-10,True
527293,DOT,DOTCOM POSTAGE,1,2010-10-15 14:09:00,100.51,,United Kingdom,100.51,2010-10,True
527292,DOT,DOTCOM POSTAGE,1,2010-10-15 14:09:00,54.13,,United Kingdom,54.13,2010-10,True
527296,POST,POSTAGE,3,2010-10-15 14:11:00,18.0,12712,Germany,54.0,2010-10,True
C527319,M,MANUAL,-1,2010-10-15 14:51:00,125.96,16879,United Kingdom,-125.96,2010-10,True
527321,M,MANUAL,1,2010-10-15 14:52:00,125.96,,United Kingdom,125.96,2010-10,True
527328,M,MANUAL,6,2010-10-15 15:06:00,1.25,12748,United Kingdom,7.5,2010-10,True
C527329,M,MANUAL,-1,2010-10-15 15:11:00,158.65,13463,United Kingdom,-158.65,2010-10,True
527330,M,MANUAL,1,2010-10-15 15:12:00,158.65,,United Kingdom,158.65,2010-10,True
C527332,M,MANUAL,-1,2010-10-15 15:25:00,530.31,14781,United Kingdom,-530.31,2010-10,True
527333,M,MANUAL,1,2010-10-15 15:26:00,530.31,,United Kingdom,530.31,2010-10,True
C527339,M,MANUAL,-1,2010-10-15 15:35:00,830.12,13085,United Kingdom,-830.12,2010-10,True
527340,M,MANUAL,1,2010-10-15 15:36:00,830.12,,United Kingdom,830.12,2010-10,True
527345,M,MANUAL,1,2010-10-15 15:46:00,0.85,13666,United Kingdom,0.85,2010-10,True
527380,M,MANUAL,2,2010-10-17 12:52:00,1.25,14953,United Kingdom,2.5,2010-10,True
527392,M,MANUAL,1,2010-10-17 13:28:00,3.75,14044,United Kingdom,3.75,2010-10,True
C527405,D,DISCOUNT,-1,2010-10-17 14:35:00,69.38,14800,United Kingdom,-69.38,2010-10,True
527439,POST,POSTAGE,2,2010-10-18 08:42:00,40.0,12376,Switzerland,80.0,2010-10,True
527444,DOT,DOTCOM POSTAGE,1,2010-10-18 09:28:00,159.21,,United Kingdom,159.21,2010-10,True
527467,M,MANUAL,1,2010-10-18 11:03:00,4.65,15921,United Kingdom,4.65,2010-10,True
527467,M,MANUAL,1,2010-10-18 11:03:00,5.0,15921,United Kingdom,5.0,2010-10,True
527479,POST,POSTAGE,1,2010-10-18 11:34:00,18.0,12665,Germany,18.0,2010-10,True
C527482,BANK CHARGES,BANK CHARGES,-1,2010-10-18 11:38:00,129.18,,United Kingdom,-129.18,2010-10,True
527492,M,MANUAL,1,2010-10-18 11:57:00,0.85,16395,United Kingdom,0.85,2010-10,True
527496,POST,POSTAGE,4,2010-10-18 12:07:00,18.0,12699,Germany,72.0,2010-10,True
527499,C2,CARRIAGE,1,2010-10-18 12:12:00,50.0,14911,EIRE,50.0,2010-10,True
527513,M,MANUAL,1,2010-10-18 12:57:00,5.95,16441,United Kingdom,5.95,2010-10,True
C527516,D,DISCOUNT,-1,2010-10-18 13:03:00,619.92,18102,United Kingdom,-619.92,2010-10,True
527520,gift_0001_30,DOTCOMGIFTSHOP GIFT VOUCHER £30.00,1,2010-10-18 13:18:00,25.53,,United Kingdom,25.53,2010-10,True
527520,DOT,DOTCOM POSTAGE,1,2010-10-18 13:18:00,170.51,,United Kingdom,170.51,2010-10,True
C527600,D,DISCOUNT,-1,2010-10-18 13:41:00,112.84,14646,Netherlands,-112.84,2010-10,True
C527609,POST,POSTAGE,-1,2010-10-18 13:44:00,1.95,13922,United Kingdom,-1.95,2010-10,True
527655,M,MANUAL,6,2010-10-18 14:07:00,0.85,13387,United Kingdom,5.1,2010-10,True
527691,POST,POSTAGE,1,2010-10-18 15:09:00,18.0,12504,Germany,18.0,2010-10,True
527728,DOT,DOTCOM POSTAGE,1,2010-10-18 15:44:00,131.78,,United Kingdom,131.78,2010-10,True
527751,M,MANUAL,2,2010-10-18 16:38:00,1.45,17848,United Kingdom,2.9,2010-10,True
527760,POST,POSTAGE,1,2010-10-18 17:12:00,220.0,12454,Spain,220.0,2010-10,True
527767,POST,POSTAGE,2,2010-10-19 09:35:00,18.0,12623,Germany,36.0,2010-10,True
527783,POST,POSTAGE,11,2010-10-19 11:04:00,18.0,12476,Germany,198.0,2010-10,True
527789,DCGS0004,HAYNES CAMPER SHOULDER BAG,1,2010-10-19 11:10:00,16.98,,United Kingdom,16.98,2010-10,True
527789,DOT,DOTCOM POSTAGE,1,2010-10-19 11:10:00,175.34,,United Kingdom,175.34,2010-10,True
C527893,M,MANUAL,-1,2010-10-19 12:22:00,416.46,,United Kingdom,-416.46,2010-10,True
527896,M,MANUAL,1,2010-10-19 12:32:00,3.95,15581,United Kingdom,3.95,2010-10,True
527896,M,MANUAL,1,2010-10-19 12:32:00,12.95,15581,United Kingdom,12.95,2010-10,True
C527897,POST,POSTAGE,-1,2010-10-19 12:36:00,39.67,,Lebanon,-39.67,2010-10,True
C527905,M,MANUAL,-1,2010-10-19 12:47:00,55.95,,United Kingdom,-55.95,2010-10,True
C527909,BANK CHARGES,BANK CHARGES,-1,2010-10-19 12:49:00,394.27,,United Kingdom,-394.27,2010-10,True
527951,DOT,DOTCOM POSTAGE,1,2010-10-19 15:36:00,186.71,,United Kingdom,186.71,2010-10,True
527955,POST,POSTAGE,1,2010-10-19 16:11:00,46.83,,United Kingdom,46.83,2010-10,True
527978,POST,POSTAGE,2,2010-10-20 10:45:00,18.0,12523,France,36.0,2010-10,True
A528059,B,ADJUST BAD DEBT,1,2010-10-20 12:04:00,-38925.87,,United Kingdom,-38925.87,2010-10,True
C528062,POST,POSTAGE,-1,2010-10-20 12:17:00,52.46,12483,Sweden,-52.46,2010-10,True
C528093,S,SAMPLES,-1,2010-10-20 13:21:00,31.98,,United Kingdom,-31.98,2010-10,True
C528093,S,SAMPLES,-1,2010-10-20 13:21:00,104.52,,United Kingdom,-104.52,2010-10,True
C528093,S,SAMPLES,-1,2010-10-20 13:21:00,40.0,,United Kingdom,-40.0,2010-10,True
C528093,S,SAMPLES,-1,2010-10-20 13:21:00,113.97,,United Kingdom,-113.97,2010-10,True
C528093,S,SAMPLES,-1,2010-10-20 13:21:00,104.0,,United Kingdom,-104.0,2010-10,True
C528093,S,SAMPLES,-1,2010-10-20 13:21:00,51.0,,United Kingdom,-51.0,2010-10,True
C528093,S,SAMPLES,-1,2010-10-20 13:21:00,32.0,,United Kingdom,-32.0,2010-10,True
C528096,BANK CHARGES,BANK CHARGES,-1,2010-10-20 13:26:00,136.95,,United Kingdom,-136.95,2010-10,True
C528103,S,SAMPLES,-1,2010-10-20 13:41:00,251.87,,United Kingdom,-251.87,2010-10,True
528114,C2,CARRIAGE,1,2010-10-20 14:22:00,50.0,14911,EIRE,50.0,2010-10,True
528116,M,MANUAL,1,2010-10-20 14:25:00,520.8,,United Kingdom,520.8,2010-10,True
528117,POST,POSTAGE,1,2010-10-20 14:28:00,28.0,12421,Spain,28.0,2010-10,True
528128,POST,POSTAGE,1,2010-10-20 14:55:00,2.95,,United Kingdom,2.95,2010-10,True
528135,POST,POSTAGE,3,2010-10-20 15:15:00,18.0,12530,Germany,54.0,2010-10,True
528145,DCGS0069,OOH LA LA DOGS COLLAR,1,2010-10-20 15:56:00,16.13,,United Kingdom,16.13,2010-10,True
528145,DOT,DOTCOM POSTAGE,1,2010-10-20 15:56:00,190.63,,United Kingdom,190.63,2010-10,True
528168,M,MANUAL,1,2010-10-21 09:49:00,10.0,12415,Australia,10.0,2010-10,True
528176,POST,POSTAGE,3,2010-10-21 10:28:00,28.0,12725,Italy,84.0,2010-10,True
528179,M,MANUAL,3,2010-10-21 10:49:00,0.85,14227,United Kingdom,2.55,2010-10,True
C528309,D,DISCOUNT,-1,2010-10-21 12:12:00,10.1,14527,United Kingdom,-10.1,2010-10,True
528315,M,MANUAL,2,2010-10-21 12:25:00,1.25,,United Kingdom,2.5,2010-10,True
C528360,POST,POSTAGE,-2,2010-10-21 15:32:00,18.0,12647,Germany,-36.0,2010-10,True
528366,C2,CARRIAGE,1,2010-10-21 16:20:00,50.0,14911,EIRE,50.0,2010-10,True
528370,M,MANUAL,1,2010-10-21 16:34:00,31.19,,United Kingdom,31.19,2010-10,True
528382,gift_0001_40,DOTCOMGIFTSHOP GIFT VOUCHER £40.00,1,2010-10-21 18:01:00,34.04,,United Kingdom,34.04,2010-10,True
528382,DOT,DOTCOM POSTAGE,1,2010-10-21 18:01:00,265.01,,United Kingdom,265.01,2010-10,True
528386,C2,CARRIAGE,1,2010-10-21 18:32:00,50.0,14911,EIRE,50.0,2010-10,True
528399,C2,CARRIAGE,1,2010-10-22 08:51:00,50.0,14156,EIRE,50.0,2010-10,True
C528418,M,MANUAL,-1,2010-10-22 09:44:00,780.25,14911,EIRE,-780.25,2010-10,True
528419,POST,POSTAGE,4,2010-10-22 09:44:00,18.0,12615,France,72.0,2010-10,True
528420,M,MANUAL,1,2010-10-22 09:45:00,780.25,14911,EIRE,780.25,2010-10,True
528438,POST,POSTAGE,3,2010-10-22 10:40:00,28.0,12419,Spain,84.0,2010-10,True
528445,M,MANUAL,3,2010-10-22 11:00:00,0.19,12748,United Kingdom,0.5700000000000001,2010-10,True
528470,M,MANUAL,1,2010-10-22 11:40:00,1.25,16392,United Kingdom,1.25,2010-10,True
528477,M,MANUAL,3,2010-10-22 12:02:00,0.21,18022,United Kingdom,0.63,2010-10,True
528571,POST,POSTAGE,3,2010-10-22 12:59:00,18.0,12621,Germany,54.0,2010-10,True
528576,POST,POSTAGE,1,2010-10-22 13:13:00,40.0,12369,Austria,40.0,2010-10,True
528578,DOT,DOTCOM POSTAGE,1,2010-10-22 13:16:00,54.17,,United Kingdom,54.17,2010-10,True
528591,DOT,DOTCOM POSTAGE,1,2010-10-22 14:04:00,68.34,,United Kingdom,68.34,2010-10,True
528590,DOT,DOTCOM POSTAGE,1,2010-10-22 14:04:00,40.77,,United Kingdom,40.77,2010-10,True
528589,DOT,DOTCOM POSTAGE,1,2010-10-22 14:04:00,38.34,,United Kingdom,38.34,2010-10,True
528593,DOT,DOTCOM POSTAGE,1,2010-10-22 14:23:00,87.74,,United Kingdom,87.74,2010-10,True
528594,DOT,DOTCOM POSTAGE,1,2010-10-22 14:23:00,79.28,,United Kingdom,79.28,2010-10,True
528600,POST,POSTAGE,1,2010-10-22 14:57:00,18.0,12787,Netherlands,18.0,2010-10,True
C528604,POST,POSTAGE,-1,2010-10-22 15:19:00,3.0,12787,Netherlands,-3.0,2010-10,True
528613,DCGS0058,MISO PRETTY  GUM,2,2010-10-22 15:57:00,0.95,,United Kingdom,1.9,2010-10,True
528613,DOT,DOTCOM POSTAGE,1,2010-10-22 15:57:00,228.78,,United Kingdom,228.78,2010-10,True
528621,M,MANUAL,3,2010-10-24 10:41:00,3.75,14800,United Kingdom,11.25,2010-10,True
528641,POST,POSTAGE,2,2010-10-24 11:49:00,18.0,12494,France,36.0,2010-10,True
528735,M,MANUAL,1,2010-10-24 13:57:00,5.45,13240,United Kingdom,5.45,2010-10,True
528757,POST,POSTAGE,4,2010-10-24 15:28:00,18.0,12720,Germany,72.0,2010-10,True
528766,M,MANUAL,10,2010-10-24 16:13:00,0.42,13564,United Kingdom,4.2,2010-10,True
528767,C2,CARRIAGE,1,2010-10-25 08:12:00,50.0,14911,EIRE,50.0,2010-10,True
528853,POST,POSTAGE,4,2010-10-25 10:41:00,18.0,12481,Germany,72.0,2010-10,True
528868,M,MANUAL,8,2010-10-25 11:33:00,1.5,15976,United Kingdom,12.0,2010-10,True
528884,POST,POSTAGE,5,2010-10-25 12:21:00,18.0,12449,Denmark,90.0,2010-10,True
528896,POST,POSTAGE,1,2010-10-25 13:04:00,15.0,12790,Netherlands,15.0,2010-10,True
C528899,POST,POSTAGE,-1,2010-10-25 13:10:00,9.58,16153,United Kingdom,-9.58,2010-10,True
528920,POST,POSTAGE,3,2010-10-25 14:27:00,15.0,12417,Belgium,45.0,2010-10,True
528952,DCGS0062,ROAD-RAGE CAR FRESHENER,1,2010-10-25 16:57:00,2.51,,United Kingdom,2.51,2010-10,True
528952,DOT,DOTCOM POSTAGE,1,2010-10-25 16:57:00,189.47,,United Kingdom,189.47,2010-10,True
528957,POST,POSTAGE,2,2010-10-26 08:49:00,15.0,12475,Germany,30.0,2010-10,True
C528976,D,DISCOUNT,-1,2010-10-26 10:56:00,14.35,17858,United Kingdom,-14.35,2010-10,True
C528987,POST,POSTAGE,-1,2010-10-26 11:11:00,3.5,15207,United Kingdom,-3.5,2010-10,True
529068,DOT,DOTCOM POSTAGE,1,2010-10-26 12:14:00,93.3,,United Kingdom,93.3,2010-10,True
529076,POST,POSTAGE,1,2010-10-26 12:44:00,20.0,,United Kingdom,20.0,2010-10,True
529084,POST,POSTAGE,6,2010-10-26 13:15:00,18.0,12524,Germany,108.0,2010-10,True
529091,POST,POSTAGE,6,2010-10-26 13:37:00,40.0,12371,Switzerland,240.0,2010-10,True
C529092,POST,POSTAGE,-1,2010-10-26 13:39:00,5.74,15774,United Kingdom,-5.74,2010-10,True
529127,POST,POSTAGE,1,2010-10-26 14:24:00,15.0,12775,Netherlands,15.0,2010-10,True
529133,DOT,DOTCOM POSTAGE,1,2010-10-26 14:47:00,185.5,,United Kingdom,185.5,2010-10,True
529186,POST,POSTAGE,3,2010-10-26 18:44:00,18.0,12645,Germany,54.0,2010-10,True
529196,POST,POSTAGE,3,2010-10-27 08:36:00,40.0,12537,Sweden,120.0,2010-10,True
529197,POST,POSTAGE,6,2010-10-27 09:18:00,28.0,12505,Italy,168.0,2010-10,True
529200,POST,POSTAGE,1,2010-10-27 09:36:00,40.0,12676,Sweden,40.0,2010-10,True
529201,POST,POSTAGE,1,2010-10-27 09:52:00,28.0,12563,Italy,28.0,2010-10,True
529215,POST,POSTAGE,4,2010-10-27 10:42:00,28.0,12591,Italy,112.0,2010-10,True
529286,POST,POSTAGE,3,2010-10-27 12:01:00,18.0,12474,Germany,54.0,2010-10,True
529316,M,MANUAL,1,2010-10-27 13:34:00,15.0,16430,United Kingdom,15.0,2010-10,True
529325,DOT,DOTCOM POSTAGE,1,2010-10-27 14:10:00,308.17,,United Kingdom,308.17,2010-10,True
529326,M,MANUAL,1,2010-10-27 14:14:00,2.55,13547,United Kingdom,2.55,2010-10,True
529344,POST,POSTAGE,1,2010-10-28 08:23:00,250.0,12349,Italy,250.0,2010-10,True
529351,POST,POSTAGE,3,2010-10-28 09:29:00,28.0,12766,Portugal,84.0,2010-10,True
C529353,M,MANUAL,-1,2010-10-28 09:41:00,2736.16,14156,EIRE,-2736.16,2010-10,True
C529354,M,MANUAL,-1,2010-10-28 09:43:00,1155.6,14156,EIRE,-1155.6,2010-10,True
529356,M,MANUAL,1,2010-10-28 09:44:00,2736.16,14156,EIRE,2736.16,2010-10,True
529357,M,MANUAL,1,2010-10-28 09:45:00,1155.6,14156,EIRE,1155.6,2010-10,True
529361,DOT,DOTCOM POSTAGE,1,2010-10-28 09:56:00,79.25,,United Kingdom,79.25,2010-10,True
529363,DOT,DOTCOM POSTAGE,1,2010-10-28 09:57:00,44.94,,United Kingdom,44.94,2010-10,True
529365,DOT,DOTCOM POSTAGE,1,2010-10-28 10:00:00,106.3,,United Kingdom,106.3,2010-10,True
529366,DOT,DOTCOM POSTAGE,1,2010-10-28 10:00:00,65.15,,United Kingdom,65.15,2010-10,True
529368,DOT,DOTCOM POSTAGE,1,2010-10-28 10:16:00,68.47,,United Kingdom,68.47,2010-10,True
529504,DOT,DOTCOM POSTAGE,1,2010-10-28 14:19:00,290.94,,United Kingdom,290.94,2010-10,True
529517,C2,CARRIAGE,1,2010-10-28 15:18:00,50.0,16265,United Kingdom,50.0,2010-10,True
C529572,D,DISCOUNT,-1,2010-10-28 18:54:00,13.89,14527,United Kingdom,-13.89,2010-10,True
529622,POST,POSTAGE,8,2010-10-29 11:42:00,18.0,13815,Germany,144.0,2010-10,True
529629,POST,POSTAGE,2,2010-10-29 12:15:00,40.0,12422,Switzerland,80.0,2010-10,True
529690,POST,POSTAGE,2,2010-10-29 12:44:00,18.0,12395,Belgium,36.0,2010-10,True
529717,M,MANUAL,1,2010-10-29 13:42:00,5.0,,United Kingdom,5.0,2010-10,True
529727,DCGS0003,BOXED GLASS ASHTRAY,1,2010-10-29 14:12:00,2.51,,United Kingdom,2.51,2010-10,True
529727,DOT,DOTCOM POSTAGE,1,2010-10-29 14:12:00,151.43,,United Kingdom,151.43,2010-10,True
529748,M,MANUAL,1,2010-10-29 14:19:00,1.7,,United Kingdom,1.7,2010-10,True
529748,DOT,DOTCOM POSTAGE,1,2010-10-29 14:19:00,74.38,,United Kingdom,74.38,2010-10,True
529790,M,MANUAL,2,2010-10-29 15:49:00,3.0,,United Kingdom,6.0,2010-10,True
529809,POST,POSTAGE,1,2010-10-31 10:57:00,18.0,12601,Germany,18.0,2010-10,True
529958,POST,POSTAGE,2,2010-10-31 15:09:00,18.0,12708,Germany,36.0,2010-10,True
529998,M,MANUAL,1,2010-11-01 09:09:00,1435.29,,RSA,1435.29,2010-11,True
C529999,M,MANUAL,-1,2010-11-01 09:11:00,1435.29,,RSA,-1435.29,2010-11,True
530000,DOT,DOTCOM POSTAGE,1,2010-11-01 09:13:00,81.91,,United Kingdom,81.91,2010-11,True
530001,M,MANUAL,1,2010-11-01 09:13:00,1.7,,United Kingdom,1.7,2010-11,True
530001,DOT,DOTCOM POSTAGE,1,2010-11-01 09:13:00,101.06,,United Kingdom,101.06,2010-11,True
530003,DOT,DOTCOM POSTAGE,1,2010-11-01 09:14:00,62.43,,United Kingdom,62.43,2010-11,True
C530006,M,MANUAL,-1,2010-11-01 09:31:00,92.03,13050,United Kingdom,-92.03,2010-11,True
530008,M,MANUAL,1,2010-11-01 09:33:00,92.03,13050,United Kingdom,92.03,2010-11,True
C530009,M,MANUAL,-1,2010-11-01 09:34:00,78.31,13050,United Kingdom,-78.31,2010-11,True
530060,DCGSSBOY,BOYS PARTY BAG,1,2010-11-01 11:35:00,3.36,,United Kingdom,3.36,2010-11,True
530060,DCGSSGIRL,GIRLS PARTY BAG,2,2010-11-01 11:35:00,3.36,,United Kingdom,6.72,2010-11,True
530060,DOT,DOTCOM POSTAGE,1,2010-11-01 11:35:00,313.33,,United Kingdom,313.33,2010-11,True
530089,M,MANUAL,2,2010-11-01 13:41:00,2.95,16916,United Kingdom,5.9,2010-11,True
530115,M,MANUAL,2,2010-11-01 14:22:00,0.5,17190,United Kingdom,1.0,2010-11,True
530115,M,MANUAL,2,2010-11-01 14:22:00,0.42,17190,United Kingdom,0.84,2010-11,True
530122,POST,POSTAGE,4,2010-11-01 14:58:00,18.0,12492,Germany,72.0,2010-11,True
530123,C2,CARRIAGE,1,2010-11-01 15:05:00,50.0,13359,United Kingdom,50.0,2010-11,True
530130,C2,CARRIAGE,1,2010-11-01 15:28:00,50.0,14911,EIRE,50.0,2010-11,True
530138,POST,POSTAGE,1,2010-11-01 16:20:00,2.54,,United Kingdom,2.54,2010-11,True
530140,DCGSSBOY,BOYS PARTY BAG,4,2010-11-01 16:45:00,3.36,,United Kingdom,13.44,2010-11,True
530140,DCGSSGIRL,GIRLS PARTY BAG,12,2010-11-01 16:45:00,3.36,,United Kingdom,40.32,2010-11,True
530140,DOT,DOTCOM POSTAGE,1,2010-11-01 16:45:00,230.63,,United Kingdom,230.63,2010-11,True
530180,POST,POSTAGE,1,2010-11-02 10:27:00,40.0,12483,Sweden,40.0,2010-11,True
C530182,C2,CARRIAGE,-1,2010-11-02 10:38:00,50.0,14934,Channel Islands,-50.0,2010-11,True
C530183,M,MANUAL,-1,2010-11-02 10:40:00,76.97,14934,Channel Islands,-76.97,2010-11,True
530265,POST,POSTAGE,12,2010-11-02 11:38:00,18.0,12476,Germany,216.0,2010-11,True
C530282,D,DISCOUNT,-1,2010-11-02 12:08:00,8.2,14527,United Kingdom,-8.2,2010-11,True
530310,POST,POSTAGE,2,2010-11-02 13:26:00,28.0,12413,Spain,56.0,2010-11,True
530332,DOT,DOTCOM POSTAGE,1,2010-11-02 13:57:00,175.41,,United Kingdom,175.41,2010-11,True
C530358,POST,POSTAGE,-1,2010-11-02 15:52:00,9.58,16947,United Kingdom,-9.58,2010-11,True
530366,POST,POSTAGE,1,2010-11-02 16:03:00,7.49,,United Kingdom,7.49,2010-11,True
530372,M,MANUAL,1,2010-11-02 16:20:00,1.25,17276,United Kingdom,1.25,2010-11,True
530381,POST,POSTAGE,2,2010-11-02 16:52:00,40.0,13520,Switzerland,80.0,2010-11,True
530383,POST,POSTAGE,1,2010-11-02 17:02:00,18.0,12412,Denmark,18.0,2010-11,True
530394,POST,POSTAGE,3,2010-11-02 17:24:00,18.0,12681,France,54.0,2010-11,True
530422,DOT,DOTCOM POSTAGE,1,2010-11-03 09:36:00,327.14,,United Kingdom,327.14,2010-11,True
530433,POST,POSTAGE,3,2010-11-03 10:46:00,18.0,12673,Germany,54.0,2010-11,True
530437,M,MANUAL,1,2010-11-03 11:13:00,0.21,15915,United Kingdom,0.21,2010-11,True
C530507,D,DISCOUNT,-1,2010-11-03 11:50:00,20.28,14912,Italy,-20.28,2010-11,True
530540,POST,POSTAGE,2,2010-11-03 13:05:00,28.0,12793,Portugal,56.0,2010-11,True
530544,POST,POSTAGE,8,2010-11-03 13:13:00,15.0,14646,Netherlands,120.0,2010-11,True
530553,C2,CARRIAGE,1,2010-11-03 13:29:00,50.0,14156,EIRE,50.0,2010-11,True
530589,M,MANUAL,6,2010-11-03 14:55:00,1.25,17126,United Kingdom,7.5,2010-11,True
530610,C2,CARRIAGE,1,2010-11-03 15:38:00,50.0,14156,EIRE,50.0,2010-11,True
530650,POST,POSTAGE,2,2010-11-04 09:05:00,28.0,12540,Spain,56.0,2010-11,True
530652,DOT,DOTCOM POSTAGE,1,2010-11-04 09:38:00,124.51,,United Kingdom,124.51,2010-11,True
530653,DOT,DOTCOM POSTAGE,1,2010-11-04 09:40:00,94.34,,United Kingdom,94.34,2010-11,True
530654,DOT,DOTCOM POSTAGE,1,2010-11-04 09:41:00,102.55,,United Kingdom,102.55,2010-11,True
530669,M,MANUAL,1,2010-11-04 10:57:00,10.0,12415,Australia,10.0,2010-11,True
530849,POST,POSTAGE,1,2010-11-04 14:46:00,4.95,13648,United Kingdom,4.95,2010-11,True
530850,gift_0001_30,DOTCOMGIFTSHOP GIFT VOUCHER £30.00,1,2010-11-04 14:49:00,25.53,,United Kingdom,25.53,2010-11,True
530850,DOT,DOTCOM POSTAGE,1,2010-11-04 14:49:00,341.28,,United Kingdom,341.28,2010-11,True
530967,POST,POSTAGE,1,2010-11-05 08:28:00,40.0,12817,Austria,40.0,2010-11,True
530999,C2,CARRIAGE,1,2010-11-05 11:25:00,50.0,14911,EIRE,50.0,2010-11,True
C531005,D,DISCOUNT,-1,2010-11-05 11:37:00,10.08,14527,United Kingdom,-10.08,2010-11,True
531028,POST,POSTAGE,1,2010-11-05 11:49:00,18.0,12712,Germany,18.0,2010-11,True
531036,DOT,DOTCOM POSTAGE,1,2010-11-05 11:58:00,264.55,,United Kingdom,264.55,2010-11,True
531064,C2,CARRIAGE,1,2010-11-05 12:09:00,50.0,16265,United Kingdom,50.0,2010-11,True
531112,POST,POSTAGE,2,2010-11-05 12:38:00,40.0,12588,Finland,80.0,2010-11,True
531121,POST,POSTAGE,1,2010-11-05 12:53:00,40.0,12588,Finland,40.0,2010-11,True
C531134,M,MANUAL,-1,2010-11-05 14:01:00,1.25,16984,United Kingdom,-1.25,2010-11,True
531189,C2,CARRIAGE,1,2010-11-05 15:07:00,50.0,13996,United Kingdom,50.0,2010-11,True
531190,POST,POSTAGE,4,2010-11-05 15:08:00,18.0,12480,Germany,72.0,2010-11,True
531205,POST,POSTAGE,4,2010-11-05 15:32:00,18.0,12621,Germany,72.0,2010-11,True
531234,C2,CARRIAGE,1,2010-11-05 17:33:00,15.0,,EIRE,15.0,2010-11,True
531252,M,MANUAL,1,2010-11-07 11:11:00,12.75,16206,United Kingdom,12.75,2010-11,True
531271,M,MANUAL,2,2010-11-07 11:52:00,0.85,16401,United Kingdom,1.7,2010-11,True
531344,M,MANUAL,4,2010-11-07 13:10:00,0.5,17218,United Kingdom,2.0,2010-11,True
531345,POST,POSTAGE,1,2010-11-07 13:14:00,18.0,12599,France,18.0,2010-11,True
531357,POST,POSTAGE,2,2010-11-07 14:04:00,18.0,12437,France,36.0,2010-11,True
531378,M,MANUAL,1,2010-11-07 15:58:00,50.05,13564,United Kingdom,50.05,2010-11,True
531378,M,MANUAL,8,2010-11-07 15:58:00,0.42,13564,United Kingdom,3.36,2010-11,True
531387,DOT,DOTCOM POSTAGE,1,2010-11-08 09:20:00,346.98,,United Kingdom,346.98,2010-11,True
531388,POST,POSTAGE,5,2010-11-08 09:35:00,18.0,12476,Germany,90.0,2010-11,True
C531400,AMAZONFEE,AMAZON FEE,-1,2010-11-08 10:08:00,6706.71,,United Kingdom,-6706.71,2010-11,True
531411,AMAZONFEE,AMAZON FEE,1,2010-11-08 10:11:00,6706.71,,United Kingdom,6706.71,2010-11,True
531426,POST,POSTAGE,4,2010-11-08 10:51:00,15.0,12778,Netherlands,60.0,2010-11,True
531433,PADS,PADS TO MATCH ALL CUSHIONS,1,2010-11-08 11:54:00,0.001,13317,United Kingdom,0.001,2010-11,True
531437,C2,CARRIAGE,1,2010-11-08 12:20:00,50.0,13377,United Kingdom,50.0,2010-11,True
531487,POST,POSTAGE,1,2010-11-08 14:57:00,18.0,12693,Germany,18.0,2010-11,True
531489,DCGS0003,BOXED GLASS ASHTRAY,1,2010-11-08 15:02:00,2.51,,United Kingdom,2.51,2010-11,True
531489,gift_0001_10,DOTCOMGIFTSHOP GIFT VOUCHER £10.00,1,2010-11-08 15:02:00,8.51,,United Kingdom,8.51,2010-11,True
531489,DOT,DOTCOM POSTAGE,1,2010-11-08 15:02:00,258.18,,United Kingdom,258.18,2010-11,True
531506,POST,POSTAGE,5,2010-11-08 15:34:00,18.0,12472,Germany,90.0,2010-11,True
531543,M,MANUAL,1,2010-11-08 17:34:00,2.0,13691,United Kingdom,2.0,2010-11,True
531568,POST,POSTAGE,3,2010-11-09 10:31:00,18.0,12681,France,54.0,2010-11,True
531691,DOT,DOTCOM POSTAGE,1,2010-11-09 11:50:00,92.68,,United Kingdom,92.68,2010-11,True
531692,DOT,DOTCOM POSTAGE,1,2010-11-09 11:50:00,80.94,,United Kingdom,80.94,2010-11,True
C531697,M,MANUAL,-1,2010-11-09 11:55:00,10.0,15197,United Kingdom,-10.0,2010-11,True
531731,C2,CARRIAGE,1,2010-11-09 12:15:00,50.0,14817,United Kingdom,50.0,2010-11,True
531741,POST,POSTAGE,6,2010-11-09 12:48:00,18.0,12682,France,108.0,2010-11,True
531748,C2,CARRIAGE,1,2010-11-09 13:03:00,50.0,14156,EIRE,50.0,2010-11,True
C531749,D,DISCOUNT,-1,2010-11-09 13:04:00,23.19,14527,United Kingdom,-23.19,2010-11,True
531778,POST,POSTAGE,1,2010-11-09 14:45:00,18.0,12437,France,18.0,2010-11,True
531779,POST,POSTAGE,1,2010-11-09 14:46:00,18.0,12437,France,18.0,2010-11,True
C531793,M,MANUAL,-1,2010-11-09 15:24:00,106.53,,United Kingdom,-106.53,2010-11,True
C531794,M,MANUAL,-1,2010-11-09 15:25:00,498.42,,United Kingdom,-498.42,2010-11,True
531795,M,MANUAL,1,2010-11-09 15:27:00,498.42,,United Kingdom,498.42,2010-11,True
C531797,M,MANUAL,-1,2010-11-09 15:29:00,498.42,,United Kingdom,-498.42,2010-11,True
C531798,M,MANUAL,-1,2010-11-09 15:30:00,664.56,,United Kingdom,-664.56,2010-11,True
C531810,M,MANUAL,-1,2010-11-09 16:35:00,16.0,15981,United Kingdom,-16.0,2010-11,True
531824,POST,POSTAGE,2,2010-11-09 17:37:00,28.0,12782,Portugal,56.0,2010-11,True
531843,DOT,DOTCOM POSTAGE,1,2010-11-10 09:34:00,282.89,,United Kingdom,282.89,2010-11,True
531960,POST,POSTAGE,5,2010-11-10 12:21:00,15.0,12876,Belgium,75.0,2010-11,True
532015,POST,POSTAGE,1,2010-11-10 12:52:00,4.95,,United Kingdom,4.95,2010-11,True
532019,POST,POSTAGE,3,2010-11-10 13:08:00,18.0,12662,Germany,54.0,2010-11,True
532026,POST,POSTAGE,2,2010-11-10 13:19:00,40.0,12422,Switzerland,80.0,2010-11,True
532034,M,MANUAL,1,2010-11-10 13:31:00,2.0,15001,United Kingdom,2.0,2010-11,True
532063,DOT,DOTCOM POSTAGE,1,2010-11-10 14:48:00,250.02,,United Kingdom,250.02,2010-11,True
532088,POST,POSTAGE,2,2010-11-10 15:34:00,18.0,12583,France,36.0,2010-11,True
C532136,D,DISCOUNT,-1,2010-11-11 11:04:00,62.1,14088,United Kingdom,-62.1,2010-11,True
532139,DCGS0076,SUNJAR LED NIGHT NIGHT LIGHT,2,2010-11-11 11:18:00,16.13,,United Kingdom,32.26,2010-11,True
532139,DOT,DOTCOM POSTAGE,1,2010-11-11 11:18:00,359.35,,United Kingdom,359.35,2010-11,True
C532203,BANK CHARGES,BANK CHARGES,-1,2010-11-11 12:31:00,15.0,,United Kingdom,-15.0,2010-11,True
532233,M,MANUAL,2,2010-11-11 12:40:00,0.49,13719,United Kingdom,0.98,2010-11,True
C532255,D,DISCOUNT,-1,2010-11-11 12:50:00,1269.51,14088,United Kingdom,-1269.51,2010-11,True
532301,POST,POSTAGE,1,2010-11-11 14:04:00,4.95,16827,United Kingdom,4.95,2010-11,True
532305,POST,POSTAGE,18,2010-11-11 14:23:00,18.0,12356,Portugal,324.0,2010-11,True
532317,POST,POSTAGE,5,2010-11-11 14:57:00,15.0,12803,Netherlands,75.0,2010-11,True
532345,POST,POSTAGE,1,2010-11-11 16:09:00,4.5,,United Kingdom,4.5,2010-11,True
C532379,M,MANUAL,-1,2010-11-11 18:11:00,27.96,,United Kingdom,-27.96,2010-11,True
532418,C2,CARRIAGE,1,2010-11-12 09:10:00,50.0,14911,EIRE,50.0,2010-11,True
532419,DOT,DOTCOM POSTAGE,1,2010-11-12 09:18:00,426.92,,United Kingdom,426.92,2010-11,True
532423,POST,POSTAGE,1,2010-11-12 09:50:00,15.0,12402,Belgium,15.0,2010-11,True
532428,POST,POSTAGE,1,2010-11-12 10:13:00,18.0,12600,Germany,18.0,2010-11,True
532432,C2,CARRIAGE,1,2010-11-12 10:28:00,50.0,14911,EIRE,50.0,2010-11,True
532436,POST,POSTAGE,1,2010-11-12 10:53:00,15.0,12791,Netherlands,15.0,2010-11,True
532470,POST,POSTAGE,5,2010-11-12 11:41:00,18.0,12647,Germany,90.0,2010-11,True
532486,POST,POSTAGE,2,2010-11-12 11:45:00,18.0,12474,Germany,36.0,2010-11,True
532566,C2,CARRIAGE,1,2010-11-12 13:18:00,50.0,14911,EIRE,50.0,2010-11,True
532608,POST,POSTAGE,1,2010-11-12 15:07:00,0.5,,United Kingdom,0.5,2010-11,True
532614,DOT,DOTCOM POSTAGE,1,2010-11-12 15:21:00,97.91,,United Kingdom,97.91,2010-11,True
532615,DOT,DOTCOM POSTAGE,1,2010-11-12 15:21:00,54.98,,United Kingdom,54.98,2010-11,True
532616,DOT,DOTCOM POSTAGE,1,2010-11-12 15:22:00,118.72,,United Kingdom,118.72,2010-11,True
532617,DOT,DOTCOM POSTAGE,1,2010-11-12 15:23:00,141.96,,United Kingdom,141.96,2010-11,True
532618,DOT,DOTCOM POSTAGE,1,2010-11-12 15:23:00,114.26,,United Kingdom,114.26,2010-11,True
C532621,D,DISCOUNT,-1,2010-11-12 15:31:00,107.52,16013,United Kingdom,-107.52,2010-11,True
532636,POST,POSTAGE,3,2010-11-12 15:46:00,18.0,12635,Germany,54.0,2010-11,True
532637,BANK CHARGES,BANK CHARGES,1,2010-11-12 16:18:00,15.0,13174,United Kingdom,15.0,2010-11,True
532642,DOT,DOTCOM POSTAGE,1,2010-11-12 17:00:00,397.15,,United Kingdom,397.15,2010-11,True
532795,POST,POSTAGE,1,2010-11-14 14:32:00,28.0,12591,Italy,28.0,2010-11,True
532826,DOT,DOTCOM POSTAGE,1,2010-11-15 09:32:00,437.67,,United Kingdom,437.67,2010-11,True
532849,C2,CARRIAGE,1,2010-11-15 10:46:00,50.0,14944,United Kingdom,50.0,2010-11,True
532952,POST,POSTAGE,1,2010-11-15 12:15:00,40.0,12376,Switzerland,40.0,2010-11,True
532953,DOT,DOTCOM POSTAGE,1,2010-11-15 12:17:00,465.22,,United Kingdom,465.22,2010-11,True
532975,POST,POSTAGE,14,2010-11-15 13:24:00,18.0,12471,Germany,252.0,2010-11,True
533065,DOT,DOTCOM POSTAGE,1,2010-11-15 17:04:00,329.72,,United Kingdom,329.72,2010-11,True
533078,POST,POSTAGE,5,2010-11-16 09:08:00,18.0,12524,Germany,90.0,2010-11,True
533096,C2,CARRIAGE,1,2010-11-16 10:56:00,50.0,14911,EIRE,50.0,2010-11,True
533104,POST,POSTAGE,2,2010-11-16 11:38:00,18.0,12616,France,36.0,2010-11,True
C533117,M,MANUAL,-1,2010-11-16 12:30:00,12.75,14299,United Kingdom,-12.75,2010-11,True
533140,M,MANUAL,5,2010-11-16 13:04:00,0.55,15968,United Kingdom,2.75,2010-11,True
533143,POST,POSTAGE,6,2010-11-16 13:28:00,28.0,12766,Portugal,168.0,2010-11,True
533144,POST,POSTAGE,2,2010-11-16 13:33:00,18.0,12567,France,36.0,2010-11,True
C533151,POST,POSTAGE,-1,2010-11-16 13:53:00,5.0,13597,United Kingdom,-5.0,2010-11,True
533162,POST,POSTAGE,1,2010-11-16 14:29:00,850.0,12357,Switzerland,850.0,2010-11,True
533266,POST,POSTAGE,1,2010-11-16 15:14:00,15.0,12775,Netherlands,15.0,2010-11,True
533301,M,MANUAL,48,2010-11-16 16:46:00,1.95,15811,United Kingdom,93.6,2010-11,True
533315,POST,POSTAGE,2,2010-11-16 17:17:00,18.0,12613,Germany,36.0,2010-11,True
C533317,M,MANUAL,-1,2010-11-16 17:22:00,24.0,13027,United Kingdom,-24.0,2010-11,True
533336,POST,POSTAGE,9,2010-11-16 18:10:00,18.0,12714,France,162.0,2010-11,True
533338,DCGSSGIRL,GIRLS PARTY BAG,6,2010-11-16 18:18:00,3.36,,United Kingdom,20.16,2010-11,True
533338,DOT,DOTCOM POSTAGE,1,2010-11-16 18:18:00,419.46,,United Kingdom,419.46,2010-11,True
533344,POST,POSTAGE,1,2010-11-17 07:57:00,20.0,,United Kingdom,20.0,2010-11,True
533348,DCGS0003,BOXED GLASS ASHTRAY,1,2010-11-17 09:23:00,2.51,,United Kingdom,2.51,2010-11,True
533348,DCGSSBOY,BOYS PARTY BAG,1,2010-11-17 09:23:00,3.36,,United Kingdom,3.36,2010-11,True
533348,DOT,DOTCOM POSTAGE,1,2010-11-17 09:23:00,456.1,,United Kingdom,456.1,2010-11,True
533360,DOT,DOTCOM POSTAGE,1,2010-11-17 10:08:00,109.4,,United Kingdom,109.4,2010-11,True
533363,DOT,DOTCOM POSTAGE,1,2010-11-17 10:11:00,115.83,,United Kingdom,115.83,2010-11,True
533364,DOT,DOTCOM POSTAGE,1,2010-11-17 10:12:00,138.77,,United Kingdom,138.77,2010-11,True
533444,POST,POSTAGE,4,2010-11-17 11:33:00,15.0,12423,Belgium,60.0,2010-11,True
533528,PADS,PADS TO MATCH ALL CUSHIONS,1,2010-11-17 15:08:00,0.001,15750,United Kingdom,0.001,2010-11,True
533548,POST,POSTAGE,2,2010-11-17 16:59:00,18.0,12726,France,36.0,2010-11,True
533551,M,MANUAL,1,2010-11-17 17:08:00,0.85,17576,United Kingdom,0.85,2010-11,True
533555,POST,POSTAGE,2,2010-11-18 07:59:00,18.0,12709,Germany,36.0,2010-11,True
533561,C2,CARRIAGE,1,2010-11-18 10:06:00,50.0,16265,United Kingdom,50.0,2010-11,True
533580,M,MANUAL,1,2010-11-18 11:28:00,0.5,17238,United Kingdom,0.5,2010-11,True
C533587,D,DISCOUNT,-1,2010-11-18 11:52:00,19.02,14527,United Kingdom,-19.02,2010-11,True
533594,M,MANUAL,3,2010-11-18 12:14:00,0.42,17776,United Kingdom,1.26,2010-11,True
533596,POST,POSTAGE,2,2010-11-18 12:19:00,15.0,14646,Netherlands,30.0,2010-11,True
533737,DOT,DOTCOM POSTAGE,1,2010-11-18 13:55:00,385.58,,United Kingdom,385.58,2010-11,True
533740,DOT,DOTCOM POSTAGE,1,2010-11-18 14:07:00,312.26,,United Kingdom,312.26,2010-11,True
533763,POST,POSTAGE,4,2010-11-18 14:55:00,18.0,12621,Germany,72.0,2010-11,True
533799,POST,POSTAGE,3,2010-11-18 19:14:00,18.0,12759,Netherlands,54.0,2010-11,True
C533801,POST,POSTAGE,-1,2010-11-18 19:29:00,7.05,,United Kingdom,-7.05,2010-11,True
533815,POST,POSTAGE,1,2010-11-19 08:53:00,15.0,12399,Belgium,15.0,2010-11,True
533816,C2,CARRIAGE,1,2010-11-19 09:16:00,50.0,14932,Channel Islands,50.0,2010-11,True
533818,POST,POSTAGE,6,2010-11-19 09:18:00,40.0,12629,Sweden,240.0,2010-11,True
533821,POST,POSTAGE,6,2010-11-19 09:35:00,18.0,12562,France,108.0,2010-11,True
533822,POST,POSTAGE,8,2010-11-19 09:40:00,18.0,12647,Germany,144.0,2010-11,True
533824,POST,POSTAGE,1,2010-11-19 09:42:00,15.0,12739,United Arab Emirates,15.0,2010-11,True
533824,M,MANUAL,1,2010-11-19 09:42:00,253.0,12739,United Arab Emirates,253.0,2010-11,True
533825,POST,POSTAGE,2,2010-11-19 10:00:00,17.0,12605,Germany,34.0,2010-11,True
533826,POST,POSTAGE,1,2010-11-19 10:04:00,28.0,12419,Spain,28.0,2010-11,True
533827,POST,POSTAGE,3,2010-11-19 10:05:00,18.0,12670,France,54.0,2010-11,True
533949,POST,POSTAGE,2,2010-11-19 12:18:00,18.0,12553,France,36.0,2010-11,True
533952,POST,POSTAGE,1,2010-11-19 12:42:00,165.0,12643,France,165.0,2010-11,True
533957,M,MANUAL,1,2010-11-19 12:51:00,1.25,16885,United Kingdom,1.25,2010-11,True
533964,DOT,DOTCOM POSTAGE,1,2010-11-19 13:05:00,120.21,,United Kingdom,120.21,2010-11,True
533965,M,MANUAL,1,2010-11-19 13:06:00,2.55,,United Kingdom,2.55,2010-11,True
533965,DOT,DOTCOM POSTAGE,1,2010-11-19 13:06:00,153.62,,United Kingdom,153.62,2010-11,True
533966,M,MANUAL,1,2010-11-19 13:07:00,2.55,,United Kingdom,2.55,2010-11,True
533966,DOT,DOTCOM POSTAGE,1,2010-11-19 13:07:00,180.51,,United Kingdom,180.51,2010-11,True
533972,POST,POSTAGE,8,2010-11-19 13:21:00,15.0,12408,Belgium,120.0,2010-11,True
533978,POST,POSTAGE,2,2010-11-19 13:35:00,18.0,12583,France,36.0,2010-11,True
C534024,D,DISCOUNT,-1,2010-11-19 15:00:00,39.04,17581,United Kingdom,-39.04,2010-11,True
534030,POST,POSTAGE,2,2010-11-19 15:13:00,18.0,12721,France,36.0,2010-11,True
534033,POST,POSTAGE,3,2010-11-19 15:23:00,15.0,12874,Belgium,45.0,2010-11,True
534038,C2,CARRIAGE,1,2010-11-19 15:57:00,50.0,,EIRE,50.0,2010-11,True
534049,POST,POSTAGE,4,2010-11-19 17:21:00,28.0,12578,Italy,112.0,2010-11,True
534068,POST,POSTAGE,2,2010-11-21 11:34:00,18.0,12728,France,36.0,2010-11,True
534143,C2,CARRIAGE,1,2010-11-21 12:21:00,50.0,14911,EIRE,50.0,2010-11,True
534156,C2,CARRIAGE,1,2010-11-21 12:38:00,50.0,14156,EIRE,50.0,2010-11,True
534164,M,MANUAL,5,2010-11-21 13:13:00,0.1,16241,United Kingdom,0.5,2010-11,True
534164,M,MANUAL,3,2010-11-21 13:13:00,0.85,16241,United Kingdom,2.55,2010-11,True
534169,POST,POSTAGE,2,2010-11-21 13:26:00,18.0,12724,France,36.0,2010-11,True
534183,POST,POSTAGE,2,2010-11-21 13:58:00,18.0,12705,Germany,36.0,2010-11,True
534184,POST,POSTAGE,2,2010-11-21 13:59:00,18.0,12705,Germany,36.0,2010-11,True
534188,M,MANUAL,24,2010-11-21 14:13:00,0.3,17085,United Kingdom,7.199999999999999,2010-11,True
534190,POST,POSTAGE,2,2010-11-21 14:21:00,40.0,12807,Sweden,80.0,2010-11,True
534216,M,MANUAL,1,2010-11-21 16:08:00,1.5,14606,United Kingdom,1.5,2010-11,True
C534226,POST,POSTAGE,-1,2010-11-22 09:16:00,40.0,12807,Sweden,-40.0,2010-11,True
534227,C2,CARRIAGE,1,2010-11-22 09:22:00,50.0,14756,United Kingdom,50.0,2010-11,True
534233,C2,CARRIAGE,1,2010-11-22 10:06:00,50.0,14911,EIRE,50.0,2010-11,True
534289,DCGS0003,BOXED GLASS ASHTRAY,1,2010-11-22 11:25:00,2.51,,United Kingdom,2.51,2010-11,True
534289,DOT,DOTCOM POSTAGE,1,2010-11-22 11:25:00,444.84,,United Kingdom,444.84,2010-11,True
534319,DOT,DOTCOM POSTAGE,1,2010-11-22 11:37:00,368.16,,United Kingdom,368.16,2010-11,True
534346,C2,CARRIAGE,1,2010-11-22 11:51:00,50.0,18287,United Kingdom,50.0,2010-11,True
534364,POST,POSTAGE,7,2010-11-22 11:58:00,18.0,12681,France,126.0,2010-11,True
534381,POST,POSTAGE,2,2010-11-22 12:39:00,15.0,14646,Netherlands,30.0,2010-11,True
C534386,D,DISCOUNT,-1,2010-11-22 12:56:00,36.03,14527,United Kingdom,-36.03,2010-11,True
534387,POST,POSTAGE,3,2010-11-22 12:57:00,18.0,12649,Germany,54.0,2010-11,True
534388,M,MANUAL,1,2010-11-22 12:59:00,2.95,14994,United Kingdom,2.95,2010-11,True
534389,DOT,DOTCOM POSTAGE,1,2010-11-22 13:02:00,313.43,,United Kingdom,313.43,2010-11,True
534392,POST,POSTAGE,3,2010-11-22 13:09:00,18.0,12633,Germany,54.0,2010-11,True
534459,DOT,DOTCOM POSTAGE,1,2010-11-23 09:12:00,385.48,,United Kingdom,385.48,2010-11,True
534499,M,MANUAL,1,2010-11-23 11:12:00,0.85,17372,United Kingdom,0.85,2010-11,True
534500,M,MANUAL,144,2010-11-23 11:13:00,0.42,17290,United Kingdom,60.48,2010-11,True
534515,M,MANUAL,1,2010-11-23 11:56:00,100.0,17570,United Kingdom,100.0,2010-11,True
534569,POST,POSTAGE,2,2010-11-23 12:27:00,15.0,12805,Netherlands,30.0,2010-11,True
C534666,M,MANUAL,-1,2010-11-23 13:54:00,100.0,17570,United Kingdom,-100.0,2010-11,True
534668,C2,CARRIAGE,1,2010-11-23 13:59:00,50.0,14911,EIRE,50.0,2010-11,True
534696,POST,POSTAGE,1,2010-11-23 15:49:00,18.0,12599,France,18.0,2010-11,True
534703,POST,POSTAGE,1,2010-11-23 16:18:00,18.0,12662,Germany,18.0,2010-11,True
534709,DOT,DOTCOM POSTAGE,1,2010-11-23 16:53:00,504.21,,United Kingdom,504.21,2010-11,True
534738,POST,POSTAGE,2,2010-11-23 19:24:00,40.0,12377,Switzerland,80.0,2010-11,True
534751,DOT,DOTCOM POSTAGE,1,2010-11-24 09:55:00,153.57,,United Kingdom,153.57,2010-11,True
534752,DOT,DOTCOM POSTAGE,1,2010-11-24 09:55:00,172.81,,United Kingdom,172.81,2010-11,True
534754,M,MANUAL,1,2010-11-24 10:02:00,2.55,,United Kingdom,2.55,2010-11,True
534754,DOT,DOTCOM POSTAGE,1,2010-11-24 10:02:00,172.26,,United Kingdom,172.26,2010-11,True
534755,DOT,DOTCOM POSTAGE,1,2010-11-24 10:03:00,129.45,,United Kingdom,129.45,2010-11,True
534756,DOT,DOTCOM POSTAGE,1,2010-11-24 10:03:00,216.89,,United Kingdom,216.89,2010-11,True
534812,M,MANUAL,6,2010-11-24 12:43:00,1.25,14458,United Kingdom,7.5,2010-11,True
534812,M,MANUAL,2,2010-11-24 12:43:00,0.65,14458,United Kingdom,1.3,2010-11,True
C534845,D,DISCOUNT,-1,2010-11-24 13:25:00,114.75,14646,Netherlands,-114.75,2010-11,True
534859,DOT,DOTCOM POSTAGE,1,2010-11-24 13:56:00,518.79,,United Kingdom,518.79,2010-11,True
534870,M,MANUAL,1,2010-11-24 14:29:00,0.42,17601,United Kingdom,0.42,2010-11,True
C534945,POST,POSTAGE,-1,2010-11-24 15:29:00,1.17,17677,United Kingdom,-1.17,2010-11,True
535102,M,MANUAL,60,2010-11-25 11:00:00,0.21,17996,United Kingdom,12.6,2010-11,True
535105,POST,POSTAGE,3,2010-11-25 11:04:00,40.0,12360,Austria,120.0,2010-11,True
C535246,D,DISCOUNT,-1,2010-11-25 12:39:00,16.3,14527,United Kingdom,-16.3,2010-11,True
535321,POST,POSTAGE,18,2010-11-25 15:14:00,15.0,12385,Belgium,270.0,2010-11,True
535322,DOT,DOTCOM POSTAGE,1,2010-11-25 15:19:00,479.32,,United Kingdom,479.32,2010-11,True
C535323,POST,POSTAGE,-1,2010-11-25 15:19:00,15.0,12385,Belgium,-15.0,2010-11,True
535335,POST,POSTAGE,1,2010-11-25 16:12:00,15.0,,United Kingdom,15.0,2010-11,True
535388,POST,POSTAGE,1,2010-11-26 09:49:00,28.0,12811,Portugal,28.0,2010-11,True
535389,POST,POSTAGE,3,2010-11-26 09:51:00,18.0,12681,France,54.0,2010-11,True
535396,POST,POSTAGE,3,2010-11-26 10:43:00,28.0,12540,Spain,84.0,2010-11,True
535407,DOT,DOTCOM POSTAGE,1,2010-11-26 11:20:00,390.01,,United Kingdom,390.01,2010-11,True
535407,gift_0001_20,DOTCOMGIFTSHOP GIFT VOUCHER £20.00,1,2010-11-26 11:20:00,17.02,,United Kingdom,17.02,2010-11,True
535408,C2,CARRIAGE,1,2010-11-26 11:24:00,50.0,14934,Channel Islands,50.0,2010-11,True
535419,POST,POSTAGE,9,2010-11-26 11:48:00,18.0,12668,Germany,162.0,2010-11,True
535431,POST,POSTAGE,2,2010-11-26 12:19:00,18.0,12474,Germany,36.0,2010-11,True
535433,POST,POSTAGE,1,2010-11-26 12:35:00,40.0,12483,Sweden,40.0,2010-11,True
535434,C2,CARRIAGE,1,2010-11-26 12:41:00,50.0,14911,EIRE,50.0,2010-11,True
535474,BANK CHARGES,BANK CHARGES,1,2010-11-26 13:56:00,15.0,16928,United Kingdom,15.0,2010-11,True
535476,POST,POSTAGE,3,2010-11-26 14:16:00,18.0,12490,France,54.0,2010-11,True
535485,DOT,DOTCOM POSTAGE,1,2010-11-26 14:40:00,179.49,,United Kingdom,179.49,2010-11,True
535487,DOT,DOTCOM POSTAGE,1,2010-11-26 14:41:00,241.19,,United Kingdom,241.19,2010-11,True
535645,M,MANUAL,1,2010-11-28 10:41:00,2.5,15860,United Kingdom,2.5,2010-11,True
535657,D,DISCOUNT,1,2010-11-28 11:20:00,13.98,14527,United Kingdom,13.98,2010-11,True
C535663,D,DISCOUNT,-1,2010-11-28 11:41:00,11.86,14527,United Kingdom,-11.86,2010-11,True
C535663,D,DISCOUNT,-1,2010-11-28 11:41:00,13.89,14527,United Kingdom,-13.89,2010-11,True
C535663,D,DISCOUNT,-1,2010-11-28 11:41:00,6.13,14527,United Kingdom,-6.13,2010-11,True
C535663,D,DISCOUNT,-1,2010-11-28 11:41:00,1.0,14527,United Kingdom,-1.0,2010-11,True
C535663,D,DISCOUNT,-1,2010-11-28 11:41:00,7.84,14527,United Kingdom,-7.84,2010-11,True
C535663,D,DISCOUNT,-1,2010-11-28 11:41:00,5.67,14527,United Kingdom,-5.67,2010-11,True
535665,M,MANUAL,6,2010-11-28 11:49:00,0.2,17085,United Kingdom,1.2000000000000002,2010-11,True
535666,POST,POSTAGE,7,2010-11-28 11:52:00,18.0,12621,Germany,126.0,2010-11,True
535789,POST,POSTAGE,2,2010-11-28 14:18:00,18.0,12605,Germany,36.0,2010-11,True
535794,POST,POSTAGE,4,2010-11-28 14:33:00,18.0,12481,Germany,72.0,2010-11,True
535799,M,MANUAL,6,2010-11-28 14:49:00,32.0,16720,United Kingdom,192.0,2010-11,True
C535800,M,MANUAL,-6,2010-11-28 14:54:00,32.0,16720,United Kingdom,-192.0,2010-11,True
535810,M,MANUAL,1,2010-11-28 15:14:00,0.42,16893,United Kingdom,0.42,2010-11,True
535835,DCGSSBOY,BOYS PARTY BAG,3,2010-11-29 09:46:00,3.36,,United Kingdom,10.08,2010-11,True
535835,DCGSSGIRL,GIRLS PARTY BAG,3,2010-11-29 09:46:00,3.36,,United Kingdom,10.08,2010-11,True
535835,DOT,DOTCOM POSTAGE,1,2010-11-29 09:46:00,525.96,,United Kingdom,525.96,2010-11,True
535837,POST,POSTAGE,1,2010-11-29 10:02:00,18.0,12600,Germany,18.0,2010-11,True
535879,POST,POSTAGE,5,2010-11-29 10:56:00,40.0,12358,Austria,200.0,2010-11,True
535948,DOT,DOTCOM POSTAGE,1,2010-11-29 12:00:00,183.32,,United Kingdom,183.32,2010-11,True
535952,DOT,DOTCOM POSTAGE,1,2010-11-29 12:06:00,219.66,,United Kingdom,219.66,2010-11,True
535951,DOT,DOTCOM POSTAGE,1,2010-11-29 12:06:00,194.17,,United Kingdom,194.17,2010-11,True
535961,M,MANUAL,1,2010-11-29 12:36:00,0.85,18034,United Kingdom,0.85,2010-11,True
535996,M,MANUAL,2,2010-11-29 13:53:00,0.65,17912,United Kingdom,1.3,2010-11,True
535996,M,MANUAL,3,2010-11-29 13:53:00,0.55,17912,United Kingdom,1.6500000000000001,2010-11,True
536019,C2,CARRIAGE,1,2010-11-29 15:49:00,50.0,14911,EIRE,50.0,2010-11,True
536031,DOT,DOTCOM POSTAGE,1,2010-11-29 16:45:00,630.48,,United Kingdom,630.48,2010-11,True
536075,POST,POSTAGE,2,2010-11-30 11:05:00,18.0,12734,France,36.0,2010-11,True
536112,POST,POSTAGE,2,2010-11-30 11:37:00,28.0,12782,Portugal,56.0,2010-11,True
536158,D,DISCOUNT,1,2010-11-30 11:57:00,32.29,13634,United Kingdom,32.29,2010-11,True
536162,M,MANUAL,8,2010-11-30 12:07:00,1.45,15939,United Kingdom,11.6,2010-11,True
536162,M,MANUAL,7,2010-11-30 12:07:00,1.45,15939,United Kingdom,10.15,2010-11,True
536162,M,MANUAL,9,2010-11-30 12:07:00,1.25,15939,United Kingdom,11.25,2010-11,True
536162,M,MANUAL,2,2010-11-30 12:07:00,1.25,15939,United Kingdom,2.5,2010-11,True
536162,M,MANUAL,4,2010-11-30 12:07:00,0.72,15939,United Kingdom,2.88,2010-11,True
536162,M,MANUAL,1,2010-11-30 12:07:00,0.72,15939,United Kingdom,0.72,2010-11,True
536162,M,MANUAL,1,2010-11-30 12:07:00,1.45,15939,United Kingdom,1.45,2010-11,True
C536164,M,MANUAL,-1,2010-11-30 12:09:00,1.45,15369,United Kingdom,-1.45,2010-11,True
C536164,M,MANUAL,-5,2010-11-30 12:09:00,0.72,15369,United Kingdom,-3.5999999999999996,2010-11,True
C536164,M,MANUAL,-11,2010-11-30 12:09:00,1.25,15369,United Kingdom,-13.75,2010-11,True
C536164,M,MANUAL,-15,2010-11-30 12:09:00,1.45,15369,United Kingdom,-21.75,2010-11,True
536226,M,MANUAL,1,2010-11-30 14:07:00,0.85,14605,United Kingdom,0.85,2010-11,True
536239,POST,POSTAGE,14,2010-11-30 14:30:00,18.0,12471,Germany,252.0,2010-11,True
536248,POST,POSTAGE,3,2010-11-30 14:48:00,18.0,12609,Germany,54.0,2010-11,True
536272,M,MANUAL,31,2010-11-30 16:01:00,0.21,15867,United Kingdom,6.51,2010-11,True
536370,POST,POSTAGE,3,2010-12-01 08:45:00,18.0,12583,France,54.0,2010-12,True
C536379,D,DISCOUNT,-1,2010-12-01 09:41:00,27.5,14527,United Kingdom,-27.5,2010-12,True
536403,POST,POSTAGE,1,2010-12-01 11:27:00,15.0,12791,Netherlands,15.0,2010-12,True
536527,POST,POSTAGE,1,2010-12-01 13:04:00,18.0,12662,Germany,18.0,2010-12,True
536540,C2,CARRIAGE,1,2010-12-01 14:05:00,50.0,14911,EIRE,50.0,2010-12,True
536544,DOT,DOTCOM POSTAGE,1,2010-12-01 14:32:00,569.77,,United Kingdom,569.77,2010-12,True
536569,M,MANUAL,1,2010-12-01 15:35:00,1.25,16274,United Kingdom,1.25,2010-12,True
536569,M,MANUAL,1,2010-12-01 15:35:00,18.95,16274,United Kingdom,18.95,2010-12,True
536592,DOT,DOTCOM POSTAGE,1,2010-12-01 17:06:00,607.49,,United Kingdom,607.49,2010-12,True
536779,BANK CHARGES,BANK CHARGES,1,2010-12-02 15:08:00,15.0,15823,United Kingdom,15.0,2010-12,True
536840,POST,POSTAGE,1,2010-12-02 18:27:00,18.0,12738,Germany,18.0,2010-12,True
536852,POST,POSTAGE,1,2010-12-03 09:51:00,18.0,12686,France,18.0,2010-12,True
536858,POST,POSTAGE,2,2010-12-03 10:36:00,40.0,13520,Switzerland,80.0,2010-12,True
536861,POST,POSTAGE,3,2010-12-03 10:44:00,18.0,12427,Germany,54.0,2010-12,True
536862,DOT,DOTCOM POSTAGE,1,2010-12-03 11:13:00,254.43,,United Kingdom,254.43,2010-12,True
536864,DOT,DOTCOM POSTAGE,1,2010-12-03 11:27:00,121.06,,United Kingdom,121.06,2010-12,True
536865,M,MANUAL,1,2010-12-03 11:28:00,2.55,,United Kingdom,2.55,2010-12,True
536865,DOT,DOTCOM POSTAGE,1,2010-12-03 11:28:00,498.47,,United Kingdom,498.47,2010-12,True
536876,DOT,DOTCOM POSTAGE,1,2010-12-03 11:36:00,887.52,,United Kingdom,887.52,2010-12,True
536967,POST,POSTAGE,1,2010-12-03 12:57:00,18.0,12600,Germany,18.0,2010-12,True
536974,POST,POSTAGE,2,2010-12-03 13:59:00,18.0,12682,France,36.0,2010-12,True
536981,M,MANUAL,2,2010-12-03 14:26:00,0.85,14723,United Kingdom,1.7,2010-12,True
536983,POST,POSTAGE,1,2010-12-03 14:30:00,18.0,12712,Germany,18.0,2010-12,True
536990,POST,POSTAGE,1,2010-12-03 15:14:00,28.0,12793,Portugal,28.0,2010-12,True
537022,POST,POSTAGE,2,2010-12-03 15:45:00,28.0,12725,Italy,56.0,2010-12,True
537026,POST,POSTAGE,2,2010-12-03 16:35:00,18.0,12395,Belgium,36.0,2010-12,True
537065,POST,POSTAGE,9,2010-12-05 11:57:00,18.0,12567,France,162.0,2010-12,True
537077,M,MANUAL,12,2010-12-05 11:59:00,0.42,17062,United Kingdom,5.04,2010-12,True
537137,M,MANUAL,36,2010-12-05 12:43:00,0.85,16327,United Kingdom,30.599999999999998,2010-12,True
537140,M,MANUAL,1,2010-12-05 12:53:00,0.42,12748,United Kingdom,0.42,2010-12,True
537140,M,MANUAL,1,2010-12-05 12:53:00,0.85,12748,United Kingdom,0.85,2010-12,True
C537164,D,DISCOUNT,-1,2010-12-05 13:21:00,29.29,14527,United Kingdom,-29.29,2010-12,True
537197,POST,POSTAGE,3,2010-12-05 14:02:00,18.0,12647,Germany,54.0,2010-12,True
537198,POST,POSTAGE,1,2010-12-05 14:03:00,18.0,12647,Germany,18.0,2010-12,True
537199,M,MANUAL,1,2010-12-05 14:06:00,0.65,15894,United Kingdom,0.65,2010-12,True
537201,POST,POSTAGE,6,2010-12-05 14:19:00,18.0,12472,Germany,108.0,2010-12,True
537208,M,MANUAL,4,2010-12-05 15:12:00,0.85,15889,United Kingdom,3.4,2010-12,True
537212,POST,POSTAGE,4,2010-12-05 15:21:00,18.0,12720,Germany,72.0,2010-12,True
537225,M,MANUAL,1,2010-12-05 16:41:00,1.0,12748,United Kingdom,1.0,2010-12,True
537237,DOT,DOTCOM POSTAGE,1,2010-12-06 09:58:00,863.74,,United Kingdom,863.74,2010-12,True
537240,DOT,DOTCOM POSTAGE,1,2010-12-06 10:08:00,940.87,,United Kingdom,940.87,2010-12,True
537246,POST,POSTAGE,1,2010-12-06 10:27:00,28.0,12808,Portugal,28.0,2010-12,True
537250,POST,POSTAGE,1,2010-12-06 10:43:00,18.0,12708,Germany,18.0,2010-12,True
537368,C2,CARRIAGE,1,2010-12-06 12:40:00,50.0,14911,EIRE,50.0,2010-12,True
537377,M,MANUAL,12,2010-12-06 13:01:00,0.19,15882,United Kingdom,2.2800000000000002,2010-12,True
537378,C2,CARRIAGE,1,2010-12-06 13:06:00,50.0,14911,EIRE,50.0,2010-12,True
537392,M,MANUAL,5,2010-12-06 13:58:00,1.25,17068,United Kingdom,6.25,2010-12,True
537396,M,MANUAL,1,2010-12-06 14:08:00,35.0,17223,United Kingdom,35.0,2010-12,True
C537414,POST,POSTAGE,-1,2010-12-06 15:09:00,4.41,16861,United Kingdom,-4.41,2010-12,True
537434,DOT,DOTCOM POSTAGE,1,2010-12-06 16:57:00,950.99,,United Kingdom,950.99,2010-12,True
537435,M,MANUAL,2,2010-12-06 16:58:00,5.95,17920,United Kingdom,11.9,2010-12,True
537463,POST,POSTAGE,4,2010-12-07 10:08:00,18.0,12681,France,72.0,2010-12,True
537468,POST,POSTAGE,3,2010-12-07 10:36:00,18.0,12567,France,54.0,2010-12,True
537534,M,MANUAL,1,2010-12-07 11:48:00,924.59,,United Kingdom,924.59,2010-12,True
C537572,BANK CHARGES,BANK CHARGES,-1,2010-12-07 12:00:00,95.38,,United Kingdom,-95.38,2010-12,True
C537581,S,SAMPLES,-1,2010-12-07 12:03:00,12.95,,United Kingdom,-12.95,2010-12,True
C537581,S,SAMPLES,-1,2010-12-07 12:03:00,52.0,,United Kingdom,-52.0,2010-12,True
537594,POST,POSTAGE,5,2010-12-07 12:28:00,18.0,12647,Germany,90.0,2010-12,True
C537597,D,DISCOUNT,-1,2010-12-07 12:34:00,281.0,15498,United Kingdom,-281.0,2010-12,True
C537600,AMAZONFEE,AMAZON FEE,-1,2010-12-07 12:41:00,1.0,,United Kingdom,-1.0,2010-12,True
C537610,M,MANUAL,-1,2010-12-07 13:23:00,631.31,,United Kingdom,-631.31,2010-12,True
C537613,M,MANUAL,-1,2010-12-07 13:28:00,313.78,,United Kingdom,-313.78,2010-12,True
C537630,AMAZONFEE,AMAZON FEE,-1,2010-12-07 15:04:00,13541.33,,United Kingdom,-13541.33,2010-12,True
537632,AMAZONFEE,AMAZON FEE,1,2010-12-07 15:08:00,13541.33,,United Kingdom,13541.33,2010-12,True
537638,DOT,DOTCOM POSTAGE,1,2010-12-07 15:28:00,836.14,,United Kingdom,836.14,2010-12,True
537641,DOT,DOTCOM POSTAGE,1,2010-12-07 15:32:00,229.74,,United Kingdom,229.74,2010-12,True
537642,DOT,DOTCOM POSTAGE,1,2010-12-07 15:33:00,448.0,,United Kingdom,448.0,2010-12,True
537643,DOT,DOTCOM POSTAGE,1,2010-12-07 15:34:00,593.15,,United Kingdom,593.15,2010-12,True
537645,DOT,DOTCOM POSTAGE,1,2010-12-07 15:34:00,607.96,,United Kingdom,607.96,2010-12,True
C537644,AMAZONFEE,AMAZON FEE,-1,2010-12-07 15:34:00,13474.79,,United Kingdom,-13474.79,2010-12,True
C537647,AMAZONFEE,AMAZON FEE,-1,2010-12-07 15:41:00,5519.25,,United Kingdom,-5519.25,2010-12,True
C537651,AMAZONFEE,AMAZON FEE,-1,2010-12-07 15:49:00,13541.33,,United Kingdom,-13541.33,2010-12,True
C537652,AMAZONFEE,AMAZON FEE,-1,2010-12-07 15:51:00,6706.71,,United Kingdom,-6706.71,2010-12,True
537666,DOT,DOTCOM POSTAGE,1,2010-12-07 18:36:00,701.95,,United Kingdom,701.95,2010-12,True
537673,POST,POSTAGE,7,2010-12-08 09:49:00,18.0,12709,Germany,126.0,2010-12,True
537693,POST,POSTAGE,1,2010-12-08 10:45:00,18.0,12441,France,18.0,2010-12,True
537800,M,MANUAL,12,2010-12-08 13:08:00,0.19,12748,United Kingdom,2.2800000000000002,2010-12,True
537804,M,MANUAL,12,2010-12-08 13:17:00,2.95,12748,United Kingdom,35.400000000000006,2010-12,True
537804,M,MANUAL,12,2010-12-08 13:17:00,0.19,12748,United Kingdom,2.2800000000000002,2010-12,True
537818,POST,POSTAGE,6,2010-12-08 13:53:00,28.0,12766,Portugal,168.0,2010-12,True
537823,DOT,DOTCOM POSTAGE,1,2010-12-08 14:25:00,729.42,,United Kingdom,729.42,2010-12,True
C537857,D,DISCOUNT,-1,2010-12-08 16:00:00,267.12,17340,United Kingdom,-267.12,2010-12,True
537892,POST,POSTAGE,1,2010-12-09 10:13:00,18.0,12481,Germany,18.0,2010-12,True
537894,POST,POSTAGE,2,2010-12-09 10:16:00,18.0,12621,Germany,36.0,2010-12,True
537897,POST,POSTAGE,1,2010-12-09 10:37:00,18.0,12683,France,18.0,2010-12,True
537915,POST,POSTAGE,1,2010-12-09 10:55:00,28.0,12797,Portugal,28.0,2010-12,True
537963,C2,CARRIAGE,1,2010-12-09 11:30:00,50.0,13369,United Kingdom,50.0,2010-12,True
537967,POST,POSTAGE,1,2010-12-09 11:31:00,18.0,12494,France,18.0,2010-12,True
537995,POST,POSTAGE,2,2010-12-09 11:39:00,18.0,12712,Germany,36.0,2010-12,True
538002,C2,CARRIAGE,1,2010-12-09 11:48:00,50.0,14932,Channel Islands,50.0,2010-12,True
538003,POST,POSTAGE,8,2010-12-09 12:05:00,18.0,12429,Denmark,144.0,2010-12,True
538008,POST,POSTAGE,5,2010-12-09 12:17:00,18.0,12683,France,90.0,2010-12,True
538071,DCGS0076,SUNJAR LED NIGHT NIGHT LIGHT,1,2010-12-09 14:09:00,16.13,,United Kingdom,16.13,2010-12,True
538071,DOT,DOTCOM POSTAGE,1,2010-12-09 14:09:00,885.94,,United Kingdom,885.94,2010-12,True
538093,POST,POSTAGE,5,2010-12-09 14:49:00,18.0,12682,France,90.0,2010-12,True
C538124,M,MANUAL,-4,2010-12-09 15:43:00,0.5,15329,United Kingdom,-2.0,2010-12,True
538147,M,MANUAL,1,2010-12-09 16:11:00,15.0,13090,United Kingdom,15.0,2010-12,True
538148,DOT,DOTCOM POSTAGE,1,2010-12-09 16:26:00,547.32,,United Kingdom,547.32,2010-12,True
538149,DOT,DOTCOM POSTAGE,1,2010-12-09 16:27:00,620.68,,United Kingdom,620.68,2010-12,True
538153,DOT,DOTCOM POSTAGE,1,2010-12-09 16:31:00,822.94,,United Kingdom,822.94,2010-12,True
538154,DOT,DOTCOM POSTAGE,1,2010-12-09 16:35:00,85.79,,United Kingdom,85.79,2010-12,True
538175,POST,POSTAGE,21,2010-12-10 09:48:00,18.0,12471,Germany,378.0,2010-12,True
538177,DOT,DOTCOM POSTAGE,1,2010-12-10 09:51:00,847.42,,United Kingdom,847.42,2010-12,True
C538189,M,MANUAL,-1,2010-12-10 10:35:00,133.08,,United Kingdom,-133.08,2010-12,True
538196,POST,POSTAGE,8,2010-12-10 10:56:00,18.0,12731,France,144.0,2010-12,True
538311,POST,POSTAGE,2,2010-12-10 13:48:00,28.0,12785,Portugal,56.0,2010-12,True
538349,DCGS0003,BOXED GLASS ASHTRAY,1,2010-12-10 14:59:00,2.51,,United Kingdom,2.51,2010-12,True
538349,DOT,DOTCOM POSTAGE,1,2010-12-10 14:59:00,907.47,,United Kingdom,907.47,2010-12,True
538524,DOT,DOTCOM POSTAGE,1,2010-12-13 09:35:00,641.86,,United Kingdom,641.86,2010-12,True
538525,POST,POSTAGE,5,2010-12-13 09:39:00,28.0,12540,Spain,140.0,2010-12,True
538566,DOT,DOTCOM POSTAGE,1,2010-12-13 11:21:00,584.59,,United Kingdom,584.59,2010-12,True
538597,M,MANUAL,1,2010-12-13 12:26:00,1.25,15555,United Kingdom,1.25,2010-12,True
C538680,BANK CHARGES,BANK CHARGES,-1,2010-12-13 17:10:00,966.92,,United Kingdom,-966.92,2010-12,True
C538681,M,MANUAL,-1,2010-12-13 17:12:00,316.3,,United Kingdom,-316.3,2010-12,True
C538682,M,MANUAL,-1,2010-12-13 17:14:00,1130.9,,United Kingdom,-1130.9,2010-12,True
538685,POST,POSTAGE,1,2010-12-14 09:39:00,15.0,15694,United Kingdom,15.0,2010-12,True
538707,M,MANUAL,2,2010-12-14 10:38:00,0.21,17894,United Kingdom,0.42,2010-12,True
C538806,M,MANUAL,-1,2010-12-14 11:59:00,4.25,15181,United Kingdom,-4.25,2010-12,True
538807,M,MANUAL,4,2010-12-14 12:06:00,0.21,17194,United Kingdom,0.84,2010-12,True
538807,M,MANUAL,1,2010-12-14 12:06:00,20.0,17194,United Kingdom,20.0,2010-12,True
538807,M,MANUAL,1,2010-12-14 12:06:00,5.0,17194,United Kingdom,5.0,2010-12,True
538880,DOT,DOTCOM POSTAGE,1,2010-12-14 15:52:00,113.45,,United Kingdom,113.45,2010-12,True
538881,DOT,DOTCOM POSTAGE,1,2010-12-14 15:54:00,198.17,,United Kingdom,198.17,2010-12,True
538883,DOT,DOTCOM POSTAGE,1,2010-12-14 15:56:00,340.72,,United Kingdom,340.72,2010-12,True
538884,DOT,DOTCOM POSTAGE,1,2010-12-14 15:56:00,146.85,,United Kingdom,146.85,2010-12,True
C538897,D,DISCOUNT,-1,2010-12-15 09:14:00,5.76,16422,United Kingdom,-5.76,2010-12,True
C538897,D,DISCOUNT,-1,2010-12-15 09:14:00,42.5,16422,United Kingdom,-42.5,2010-12,True
C539003,D,DISCOUNT,-1,2010-12-15 12:35:00,26.93,14527,United Kingdom,-26.93,2010-12,True
539014,M,MANUAL,48,2010-12-15 13:37:00,0.32,17692,United Kingdom,15.36,2010-12,True
539056,M,MANUAL,1,2010-12-15 16:38:00,1.45,16725,United Kingdom,1.45,2010-12,True
C539063,POST,POSTAGE,-1,2010-12-15 16:50:00,12.34,15107,United Kingdom,-12.34,2010-12,True
C539073,POST,POSTAGE,-1,2010-12-15 17:08:00,3.5,12971,United Kingdom,-3.5,2010-12,True
539317,M,MANUAL,2,2010-12-16 19:04:00,3.0,17392,United Kingdom,6.0,2010-12,True
539318,POST,POSTAGE,6,2010-12-16 19:09:00,40.0,12348,Finland,240.0,2010-12,True
539327,POST,POSTAGE,1,2010-12-17 09:24:00,18.0,12600,Germany,18.0,2010-12,True
539330,POST,POSTAGE,3,2010-12-17 09:38:00,40.0,12370,Austria,120.0,2010-12,True
539337,C2,CARRIAGE,1,2010-12-17 10:46:00,50.0,,EIRE,50.0,2010-12,True
539353,POST,POSTAGE,3,2010-12-17 11:30:00,28.0,12782,Portugal,84.0,2010-12,True
539391,POST,POSTAGE,2,2010-12-17 11:51:00,15.0,12417,Belgium,30.0,2010-12,True
539395,POST,POSTAGE,11,2010-12-17 11:52:00,18.0,12471,Germany,198.0,2010-12,True
539403,POST,POSTAGE,2,2010-12-17 12:21:00,18.0,12647,Germany,36.0,2010-12,True
539405,POST,POSTAGE,6,2010-12-17 12:38:00,18.0,12621,Germany,108.0,2010-12,True
539407,POST,POSTAGE,1,2010-12-17 12:56:00,18.0,12726,France,18.0,2010-12,True
539408,POST,POSTAGE,3,2010-12-17 12:56:00,18.0,12720,Germany,54.0,2010-12,True
C539409,POST,POSTAGE,-1,2010-12-17 12:58:00,18.0,12720,Germany,-18.0,2010-12,True
539421,C2,CARRIAGE,1,2010-12-17 14:21:00,50.0,14016,EIRE,50.0,2010-12,True
539434,DOT,DOTCOM POSTAGE,1,2010-12-17 14:41:00,510.79,,United Kingdom,510.79,2010-12,True
539435,POST,POSTAGE,1,2010-12-17 14:46:00,18.0,12691,France,18.0,2010-12,True
539436,DOT,DOTCOM POSTAGE,1,2010-12-17 14:49:00,565.37,,United Kingdom,565.37,2010-12,True
539437,DOT,DOTCOM POSTAGE,1,2010-12-17 14:54:00,803.55,,United Kingdom,803.55,2010-12,True
539446,POST,POSTAGE,9,2010-12-17 15:58:00,18.0,12705,Germany,162.0,2010-12,True
539447,POST,POSTAGE,3,2010-12-17 16:00:00,18.0,12395,Belgium,54.0,2010-12,True
539451,DCGS0003,BOXED GLASS ASHTRAY,1,2010-12-17 16:59:00,2.51,,United Kingdom,2.51,2010-12,True
539451,DOT,DOTCOM POSTAGE,1,2010-12-17 16:59:00,662.14,,United Kingdom,662.14,2010-12,True
539453,DOT,DOTCOM POSTAGE,1,2010-12-17 17:08:00,603.62,,United Kingdom,603.62,2010-12,True
539457,M,MANUAL,2,2010-12-17 17:24:00,1.0,,United Kingdom,2.0,2010-12,True
539466,POST,POSTAGE,4,2010-12-19 12:46:00,18.0,12668,Germany,72.0,2010-12,True
539473,C2,CARRIAGE,1,2010-12-19 14:24:00,50.0,14911,EIRE,50.0,2010-12,True
539491,POST,POSTAGE,1,2010-12-20 10:09:00,15.0,14646,Netherlands,15.0,2010-12,True
539492,gift_0001_40,DOTCOMGIFTSHOP GIFT VOUCHER £40.00,1,2010-12-20 10:14:00,34.04,,United Kingdom,34.04,2010-12,True
539492,DOT,DOTCOM POSTAGE,1,2010-12-20 10:14:00,396.81,,United Kingdom,396.81,2010-12,True
539551,POST,POSTAGE,1,2010-12-20 11:38:00,18.0,12721,France,18.0,2010-12,True
C539589,D,DISCOUNT,-1,2010-12-20 13:14:00,13.88,14527,United Kingdom,-13.88,2010-12,True
539595,DOT,DOTCOM POSTAGE,1,2010-12-20 13:43:00,350.78,,United Kingdom,350.78,2010-12,True
539607,POST,POSTAGE,5,2010-12-20 14:10:00,18.0,12681,France,90.0,2010-12,True
539631,DCGS0076,SUNJAR LED NIGHT NIGHT LIGHT,2,2010-12-20 15:03:00,16.13,,United Kingdom,32.26,2010-12,True
539631,DOT,DOTCOM POSTAGE,1,2010-12-20 15:03:00,250.83,,United Kingdom,250.83,2010-12,True
539636,POST,POSTAGE,6,2010-12-20 15:15:00,18.0,12481,Germany,108.0,2010-12,True
539651,M,MANUAL,1,2010-12-20 16:19:00,22.0,,United Kingdom,22.0,2010-12,True
539676,POST,POSTAGE,3,2010-12-21 10:54:00,15.0,12423,Belgium,45.0,2010-12,True
539688,C2,CARRIAGE,1,2010-12-21 11:00:00,150.0,12678,France,150.0,2010-12,True
539708,DOT,DOTCOM POSTAGE,1,2010-12-21 12:18:00,182.37,,United Kingdom,182.37,2010-12,True
C539712,POST,POSTAGE,-1,2010-12-21 12:40:00,5.75,15602,United Kingdom,-5.75,2010-12,True
539718,DCGS0070,CAMOUFLAGE DOG COLLAR,1,2010-12-21 13:06:00,12.72,,United Kingdom,12.72,2010-12,True
539718,DOT,DOTCOM POSTAGE,1,2010-12-21 13:06:00,112.37,,United Kingdom,112.37,2010-12,True
539727,POST,POSTAGE,1,2010-12-21 14:26:00,18.0,12678,France,18.0,2010-12,True
539735,DOT,DOTCOM POSTAGE,1,2010-12-21 15:17:00,164.55,,United Kingdom,164.55,2010-12,True
539736,m,MANUAL,1,2010-12-21 15:18:00,2.55,,United Kingdom,2.55,2010-12,True
539736,DOT,DOTCOM POSTAGE,1,2010-12-21 15:18:00,337.23,,United Kingdom,337.23,2010-12,True
539737,DOT,DOTCOM POSTAGE,1,2010-12-21 15:19:00,514.0,,United Kingdom,514.0,2010-12,True
539738,DOT,DOTCOM POSTAGE,1,2010-12-21 15:19:00,549.79,,United Kingdom,549.79,2010-12,True
539739,DOT,DOTCOM POSTAGE,1,2010-12-21 15:19:00,324.43,,United Kingdom,324.43,2010-12,True
539740,DOT,DOTCOM POSTAGE,1,2010-12-21 15:20:00,311.66,,United Kingdom,311.66,2010-12,True
539741,DOT,DOTCOM POSTAGE,1,2010-12-21 15:20:00,128.6,,United Kingdom,128.6,2010-12,True
539742,DOT,DOTCOM POSTAGE,1,2010-12-21 15:20:00,114.34,,United Kingdom,114.34,2010-12,True
539743,DOT,DOTCOM POSTAGE,1,2010-12-21 15:20:00,103.57,,United Kingdom,103.57,2010-12,True
539745,DOT,DOTCOM POSTAGE,1,2010-12-21 15:21:00,152.68,,United Kingdom,152.68,2010-12,True
539744,DOT,DOTCOM POSTAGE,1,2010-12-21 15:21:00,189.57,,United Kingdom,189.57,2010-12,True
539746,DOT,DOTCOM POSTAGE,1,2010-12-21 15:22:00,50.6,,United Kingdom,50.6,2010-12,True
539747,DOT,DOTCOM POSTAGE,1,2010-12-21 15:23:00,50.64,,United Kingdom,50.64,2010-12,True
539748,DOT,DOTCOM POSTAGE,1,2010-12-21 15:23:00,29.53,,United Kingdom,29.53,2010-12,True
539752,POST,POSTAGE,3,2010-12-21 15:43:00,35.0,12515,Italy,105.0,2010-12,True
539840,POST,POSTAGE,3,2010-12-22 14:28:00,15.0,12383,Belgium,45.0,2010-12,True
539856,M,MANUAL,1,2010-12-22 14:41:00,1298.4,,United Kingdom,1298.4,2010-12,True
539946,POST,POSTAGE,1,2010-12-23 11:46:00,18.0,13817,Germany,18.0,2010-12,True
539957,POST,POSTAGE,6,2010-12-23 12:58:00,18.0,12585,Germany,108.0,2010-12,True
539958,gift_0001_50,DOTCOMGIFTSHOP GIFT VOUCHER £50.00,1,2010-12-23 13:26:00,42.55,,United Kingdom,42.55,2010-12,True
539958,DOT,DOTCOM POSTAGE,1,2010-12-23 13:26:00,627.47,,United Kingdom,627.47,2010-12,True
539984,C2,CARRIAGE,1,2010-12-23 14:58:00,50.0,14911,EIRE,50.0,2010-12,True
539988,M,MANUAL,18,2010-12-23 16:06:00,0.2,18116,United Kingdom,3.6,2010-12,True
540021,M,MANUAL,1,2011-01-04 12:51:00,1.25,17841,United Kingdom,1.25,2011-01,True
540026,DOT,DOTCOM POSTAGE,1,2011-01-04 13:25:00,469.7,,United Kingdom,469.7,2011-01,True
540040,POST,POSTAGE,5,2011-01-04 14:20:00,40.0,12483,Sweden,200.0,2011-01,True
C540057,POST,POSTAGE,-1,2011-01-04 14:29:00,40.0,12483,Sweden,-40.0,2011-01,True
540073,M,MANUAL,6,2011-01-04 14:47:00,1.65,16814,United Kingdom,9.899999999999999,2011-01,True
540116,DOT,DOTCOM POSTAGE,1,2011-01-05 09:54:00,2.51,,United Kingdom,2.51,2011-01,True
C540117,AMAZONFEE,AMAZON FEE,-1,2011-01-05 09:55:00,16888.02,,United Kingdom,-16888.02,2011-01,True
C540118,AMAZONFEE,AMAZON FEE,-1,2011-01-05 09:57:00,16453.71,,United Kingdom,-16453.71,2011-01,True
540154,DOT,DOTCOM POSTAGE,1,2011-01-05 11:30:00,192.86,,United Kingdom,192.86,2011-01,True
C540164,C2,CARRIAGE,-1,2011-01-05 12:02:00,50.0,14911,EIRE,-50.0,2011-01,True
C540171,D,DISCOUNT,-1,2011-01-05 12:26:00,22.97,14527,United Kingdom,-22.97,2011-01,True
540178,POST,POSTAGE,3,2011-01-05 12:42:00,18.0,12681,France,54.0,2011-01,True
540238,gift_0001_30,DOTCOMGIFTSHOP GIFT VOUCHER £30.00,1,2011-01-05 14:44:00,25.53,,United Kingdom,25.53,2011-01,True
540238,DOT,DOTCOM POSTAGE,1,2011-01-05 14:44:00,109.19,,United Kingdom,109.19,2011-01,True
540238,gift_0001_20,DOTCOMGIFTSHOP GIFT VOUCHER £20.00,1,2011-01-05 14:44:00,17.02,,United Kingdom,17.02,2011-01,True
540239,POST,POSTAGE,4,2011-01-05 14:48:00,18.0,12682,France,72.0,2011-01,True
540242,M,MANUAL,1,2011-01-05 15:30:00,18.95,15046,United Kingdom,18.95,2011-01,True
540255,DOT,DOTCOM POSTAGE,1,2011-01-05 16:50:00,219.24,,United Kingdom,219.24,2011-01,True
C540266,M,MANUAL,-1,2011-01-06 11:05:00,458.29,,United Kingdom,-458.29,2011-01,True
C540266,POST,POSTAGE,-1,2011-01-06 11:05:00,35.09,,United Kingdom,-35.09,2011-01,True
C540271,M,MANUAL,-1,2011-01-06 11:51:00,1126.0,12503,Spain,-1126.0,2011-01,True
540278,M,MANUAL,1,2011-01-06 12:31:00,1.65,15719,United Kingdom,1.65,2011-01,True
C540307,M,MANUAL,-2,2011-01-06 12:58:00,21.95,15823,United Kingdom,-43.9,2011-01,True
540351,POST,POSTAGE,2,2011-01-06 14:26:00,18.0,12735,France,36.0,2011-01,True
540352,DOT,DOTCOM POSTAGE,1,2011-01-06 14:27:00,306.35,,United Kingdom,306.35,2011-01,True
540365,POST,POSTAGE,3,2011-01-06 16:12:00,18.0,12413,France,54.0,2011-01,True
C540367,POST,POSTAGE,-3,2011-01-06 16:17:00,18.0,12413,France,-54.0,2011-01,True
540410,POST,POSTAGE,3,2011-01-07 10:04:00,18.0,12530,Germany,54.0,2011-01,True
540414,POST,POSTAGE,3,2011-01-07 10:32:00,18.0,12481,Germany,54.0,2011-01,True
540418,DOT,DOTCOM POSTAGE,1,2011-01-07 11:04:00,369.95,,United Kingdom,369.95,2011-01,True
540455,POST,POSTAGE,3,2011-01-07 12:07:00,18.0,12583,France,54.0,2011-01,True
540458,POST,POSTAGE,8,2011-01-07 12:28:00,18.0,12501,Germany,144.0,2011-01,True
540463,POST,POSTAGE,2,2011-01-07 13:13:00,18.0,12489,France,36.0,2011-01,True
540468,DOT,DOTCOM POSTAGE,1,2011-01-07 13:55:00,278.97,,United Kingdom,278.97,2011-01,True
540469,POST,POSTAGE,4,2011-01-07 14:04:00,28.0,12484,Spain,112.0,2011-01,True
540480,POST,POSTAGE,4,2011-01-07 15:27:00,18.0,12480,Germany,72.0,2011-01,True
540519,POST,POSTAGE,2,2011-01-09 12:12:00,28.0,12793,Portugal,56.0,2011-01,True
540546,POST,POSTAGE,3,2011-01-09 15:56:00,28.0,12766,Portugal,84.0,2011-01,True
540547,C2,CARRIAGE,1,2011-01-09 16:07:00,50.0,14911,EIRE,50.0,2011-01,True
540551,DOT,DOTCOM POSTAGE,1,2011-01-10 09:43:00,557.0,,United Kingdom,557.0,2011-01,True
540553,POST,POSTAGE,1,2011-01-10 09:48:00,18.0,12500,Germany,18.0,2011-01,True
540562,POST,POSTAGE,3,2011-01-10 10:35:00,18.0,12524,Germany,54.0,2011-01,True
540566,M,MANUAL,1,2011-01-10 10:58:00,6.7,17811,United Kingdom,6.7,2011-01,True
540642,POST,POSTAGE,7,2011-01-10 13:22:00,18.0,12681,France,126.0,2011-01,True
540646,DOT,DOTCOM POSTAGE,1,2011-01-10 14:32:00,262.73,,United Kingdom,262.73,2011-01,True
540681,DOT,DOTCOM POSTAGE,1,2011-01-10 16:25:00,223.35,,United Kingdom,223.35,2011-01,True
540688,POST,POSTAGE,5,2011-01-11 07:57:00,18.0,12736,France,90.0,2011-01,True
540769,POST,POSTAGE,1,2011-01-11 10:38:00,18.0,12601,Germany,18.0,2011-01,True
540789,POST,POSTAGE,2,2011-01-11 11:48:00,18.0,12643,France,36.0,2011-01,True
C540793,POST,POSTAGE,-1,2011-01-11 11:53:00,3.0,14295,United Kingdom,-3.0,2011-01,True
540801,POST,POSTAGE,6,2011-01-11 12:25:00,28.0,12540,Spain,168.0,2011-01,True
540821,DOT,DOTCOM POSTAGE,1,2011-01-11 13:16:00,394.83,,United Kingdom,394.83,2011-01,True
540824,POST,POSTAGE,2,2011-01-11 13:31:00,18.0,12728,France,36.0,2011-01,True
540835,POST,POSTAGE,1,2011-01-11 15:00:00,18.0,12724,France,18.0,2011-01,True
540839,M,MANUAL,1,2011-01-11 15:42:00,12.75,16791,United Kingdom,12.75,2011-01,True
C540841,POST,POSTAGE,-1,2011-01-11 16:14:00,12.99,15602,United Kingdom,-12.99,2011-01,True
540848,DOT,DOTCOM POSTAGE,1,2011-01-12 09:26:00,491.93,,United Kingdom,491.93,2011-01,True
540900,POST,POSTAGE,2,2011-01-12 11:46:00,18.0,12712,Germany,36.0,2011-01,True
C540937,POST,POSTAGE,-1,2011-01-12 12:09:00,7.06,14748,United Kingdom,-7.06,2011-01,True
540971,POST,POSTAGE,4,2011-01-12 14:10:00,15.0,12383,Belgium,60.0,2011-01,True
540972,POST,POSTAGE,3,2011-01-12 14:13:00,18.0,12437,France,54.0,2011-01,True
540976,POST,POSTAGE,7,2011-01-12 15:00:00,18.0,12652,France,126.0,2011-01,True
540977,DOT,DOTCOM POSTAGE,1,2011-01-12 15:01:00,478.1,,United Kingdom,478.1,2011-01,True
540995,gift_0001_20,DOTCOMGIFTSHOP GIFT VOUCHER £20.00,1,2011-01-13 09:30:00,16.67,,United Kingdom,16.67,2011-01,True
540995,DOT,DOTCOM POSTAGE,1,2011-01-13 09:30:00,404.49,,United Kingdom,404.49,2011-01,True
541093,POST,POSTAGE,5,2011-01-13 13:21:00,18.0,12471,Germany,90.0,2011-01,True
541104,DOT,DOTCOM POSTAGE,1,2011-01-13 14:29:00,323.98,,United Kingdom,323.98,2011-01,True
541115,POST,POSTAGE,7,2011-01-13 15:34:00,28.0,12578,Italy,196.0,2011-01,True
541120,POST,POSTAGE,5,2011-01-14 09:13:00,18.0,12490,France,90.0,2011-01,True
541122,POST,POSTAGE,2,2011-01-14 09:23:00,18.0,12708,Germany,36.0,2011-01,True
541125,POST,POSTAGE,1,2011-01-14 10:06:00,18.0,12474,Germany,18.0,2011-01,True
541127,DOT,DOTCOM POSTAGE,1,2011-01-14 10:11:00,50.96,,United Kingdom,50.96,2011-01,True
541128,DOT,DOTCOM POSTAGE,1,2011-01-14 10:12:00,60.79,,United Kingdom,60.79,2011-01,True
541129,DOT,DOTCOM POSTAGE,1,2011-01-14 10:14:00,81.42,,United Kingdom,81.42,2011-01,True
541130,DOT,DOTCOM POSTAGE,1,2011-01-14 10:15:00,138.0,,United Kingdom,138.0,2011-01,True
541131,DOT,DOTCOM POSTAGE,1,2011-01-14 10:16:00,156.21,,United Kingdom,156.21,2011-01,True
541132,DOT,DOTCOM POSTAGE,1,2011-01-14 10:17:00,127.54,,United Kingdom,127.54,2011-01,True
541133,M,MANUAL,1,2011-01-14 10:17:00,2.5,,United Kingdom,2.5,2011-01,True
541133,DOT,DOTCOM POSTAGE,1,2011-01-14 10:17:00,120.88,,United Kingdom,120.88,2011-01,True
541138,POST,POSTAGE,6,2011-01-14 10:42:00,18.0,12553,France,108.0,2011-01,True
541219,DOT,DOTCOM POSTAGE,1,2011-01-14 14:06:00,391.32,,United Kingdom,391.32,2011-01,True
541224,POST,POSTAGE,1,2011-01-14 14:45:00,18.0,12474,Germany,18.0,2011-01,True
541265,M,MANUAL,2,2011-01-16 16:23:00,1.25,17609,United Kingdom,2.5,2011-01,True
541269,POST,POSTAGE,8,2011-01-17 11:01:00,18.0,12626,Germany,144.0,2011-01,True
C541284,M,MANUAL,-36,2011-01-17 12:45:00,0.87,17744,United Kingdom,-31.32,2011-01,True
541405,POST,POSTAGE,5,2011-01-17 15:17:00,18.0,12683,France,90.0,2011-01,True
541421,DOT,DOTCOM POSTAGE,1,2011-01-17 17:44:00,449.52,,United Kingdom,449.52,2011-01,True
541422,DOT,DOTCOM POSTAGE,1,2011-01-17 17:48:00,295.2,,United Kingdom,295.2,2011-01,True
541423,DOT,DOTCOM POSTAGE,1,2011-01-17 17:54:00,235.48,,United Kingdom,235.48,2011-01,True
541424,DOT,DOTCOM POSTAGE,1,2011-01-17 17:57:00,301.84,,United Kingdom,301.84,2011-01,True
541430,POST,POSTAGE,18,2011-01-18 09:50:00,18.0,12356,Portugal,324.0,2011-01,True
541434,C2,CARRIAGE,1,2011-01-18 10:22:00,50.0,14911,EIRE,50.0,2011-01,True
541480,POST,POSTAGE,1,2011-01-18 12:05:00,18.0,12527,Germany,18.0,2011-01,True
541485,M,MANUAL,12,2011-01-18 13:05:00,0.2,18118,United Kingdom,2.4000000000000004,2011-01,True
541491,POST,POSTAGE,3,2011-01-18 14:04:00,28.0,12510,Spain,84.0,2011-01,True
541495,DOT,DOTCOM POSTAGE,1,2011-01-18 14:59:00,116.71,,United Kingdom,116.71,2011-01,True
541496,DOT,DOTCOM POSTAGE,1,2011-01-18 15:00:00,101.0,,United Kingdom,101.0,2011-01,True
541497,DOT,DOTCOM POSTAGE,1,2011-01-18 15:19:00,243.21,,United Kingdom,243.21,2011-01,True
541505,BANK CHARGES,BANK CHARGES,1,2011-01-18 15:58:00,15.0,15939,United Kingdom,15.0,2011-01,True
541506,DOT,DOTCOM POSTAGE,1,2011-01-18 16:05:00,118.33,,United Kingdom,118.33,2011-01,True
541507,DOT,DOTCOM POSTAGE,1,2011-01-18 16:05:00,72.33,,United Kingdom,72.33,2011-01,True
541508,DOT,DOTCOM POSTAGE,1,2011-01-18 16:06:00,152.92,,United Kingdom,152.92,2011-01,True
541516,DOT,DOTCOM POSTAGE,1,2011-01-18 17:34:00,285.3,,United Kingdom,285.3,2011-01,True
541517,POST,POSTAGE,1,2011-01-19 08:34:00,18.0,12665,Germany,18.0,2011-01,True
541564,M,MANUAL,10,2011-01-19 11:38:00,0.38,16904,United Kingdom,3.8,2011-01,True
541567,POST,POSTAGE,3,2011-01-19 11:51:00,18.0,12681,France,54.0,2011-01,True
541569,POST,POSTAGE,3,2011-01-19 12:14:00,40.0,13520,Switzerland,120.0,2011-01,True
541584,DOT,DOTCOM POSTAGE,1,2011-01-19 14:12:00,118.25,,United Kingdom,118.25,2011-01,True
541592,DOT,DOTCOM POSTAGE,1,2011-01-19 15:08:00,470.12,,United Kingdom,470.12,2011-01,True
541607,POST,POSTAGE,1,2011-01-20 09:53:00,29.43,,United Kingdom,29.43,2011-01,True
541631,POST,POSTAGE,6,2011-01-20 10:48:00,18.0,12637,France,108.0,2011-01,True
C541650,M,MANUAL,-1,2011-01-20 11:44:00,544.4,,United Kingdom,-544.4,2011-01,True
C541651,M,MANUAL,-1,2011-01-20 11:48:00,1283.8,,United Kingdom,-1283.8,2011-01,True
C541653,BANK CHARGES,BANK CHARGES,-1,2011-01-20 11:50:00,1050.15,,United Kingdom,-1050.15,2011-01,True
541658,M,MANUAL,1,2011-01-20 12:16:00,2.55,15529,United Kingdom,2.55,2011-01,True
541675,POST,POSTAGE,2,2011-01-20 13:49:00,15.0,12402,Belgium,30.0,2011-01,True
541695,DOT,DOTCOM POSTAGE,1,2011-01-20 18:01:00,334.16,,United Kingdom,334.16,2011-01,True
541696,DOT,DOTCOM POSTAGE,1,2011-01-20 18:08:00,307.85,,United Kingdom,307.85,2011-01,True
541703,POST,POSTAGE,2,2011-01-21 09:52:00,28.0,12594,Italy,56.0,2011-01,True
541756,POST,POSTAGE,2,2011-01-21 11:42:00,40.0,12664,Finland,80.0,2011-01,True
541808,M,MANUAL,1,2011-01-21 14:51:00,10.0,16210,United Kingdom,10.0,2011-01,True
541810,DOT,DOTCOM POSTAGE,1,2011-01-21 15:00:00,157.08,,United Kingdom,157.08,2011-01,True
541811,DOT,DOTCOM POSTAGE,1,2011-01-21 15:01:00,171.04,,United Kingdom,171.04,2011-01,True
541827,DOT,DOTCOM POSTAGE,1,2011-01-21 17:05:00,403.81,,United Kingdom,403.81,2011-01,True
541830,DOT,DOTCOM POSTAGE,1,2011-01-21 17:09:00,214.42,,United Kingdom,214.42,2011-01,True
541857,POST,POSTAGE,6,2011-01-23 15:17:00,18.0,12727,France,108.0,2011-01,True
541869,DOT,DOTCOM POSTAGE,1,2011-01-24 09:35:00,144.45,,United Kingdom,144.45,2011-01,True
541870,DOT,DOTCOM POSTAGE,1,2011-01-24 09:39:00,105.71,,United Kingdom,105.71,2011-01,True
541871,DOT,DOTCOM POSTAGE,1,2011-01-24 09:41:00,127.09,,United Kingdom,127.09,2011-01,True
541877,POST,POSTAGE,2,2011-01-24 10:12:00,18.0,12559,Germany,36.0,2011-01,True
541878,DOT,DOTCOM POSTAGE,1,2011-01-24 10:28:00,161.08,,United Kingdom,161.08,2011-01,True
541879,DOT,DOTCOM POSTAGE,1,2011-01-24 10:31:00,80.46,,United Kingdom,80.46,2011-01,True
541962,POST,POSTAGE,2,2011-01-24 12:58:00,18.0,12693,Germany,36.0,2011-01,True
541965,POST,POSTAGE,7,2011-01-24 13:27:00,18.0,12625,Germany,126.0,2011-01,True
541969,DOT,DOTCOM POSTAGE,1,2011-01-24 13:46:00,163.67,,United Kingdom,163.67,2011-01,True
541971,DOT,DOTCOM POSTAGE,1,2011-01-24 13:48:00,124.16,,United Kingdom,124.16,2011-01,True
541979,C2,CARRIAGE,1,2011-01-24 14:54:00,50.0,14911,EIRE,50.0,2011-01,True
541980,POST,POSTAGE,1,2011-01-24 15:09:00,28.0,12421,Spain,28.0,2011-01,True
541983,M,MANUAL,1,2011-01-24 15:47:00,15.0,15797,United Kingdom,15.0,2011-01,True
541991,POST,POSTAGE,2,2011-01-25 09:11:00,15.0,12417,Belgium,30.0,2011-01,True
541993,DOT,DOTCOM POSTAGE,1,2011-01-25 09:37:00,150.25,,United Kingdom,150.25,2011-01,True
541998,POST,POSTAGE,1,2011-01-25 10:42:00,40.0,12348,Finland,40.0,2011-01,True
541999,DOT,DOTCOM POSTAGE,1,2011-01-25 10:45:00,216.11,,United Kingdom,216.11,2011-01,True
542080,POST,POSTAGE,5,2011-01-25 12:16:00,18.0,13815,Germany,90.0,2011-01,True
542115,DOT,DOTCOM POSTAGE,1,2011-01-25 14:01:00,247.54,,United Kingdom,247.54,2011-01,True
542128,POST,POSTAGE,2,2011-01-25 15:13:00,18.0,12609,Germany,36.0,2011-01,True
542132,POST,POSTAGE,2,2011-01-25 15:59:00,18.0,12691,France,36.0,2011-01,True
542147,POST,POSTAGE,4,2011-01-26 10:02:00,28.0,12782,Portugal,112.0,2011-01,True
542215,POST,POSTAGE,3,2011-01-26 12:27:00,18.0,12472,Germany,54.0,2011-01,True
542229,POST,POSTAGE,1,2011-01-26 13:38:00,18.0,12474,Germany,18.0,2011-01,True
542238,POST,POSTAGE,3,2011-01-26 14:35:00,28.0,12591,Italy,84.0,2011-01,True
542252,DOT,DOTCOM POSTAGE,1,2011-01-26 16:01:00,200.38,,United Kingdom,200.38,2011-01,True
542255,DOT,DOTCOM POSTAGE,1,2011-01-26 16:43:00,246.37,,United Kingdom,246.37,2011-01,True
542278,C2,CARRIAGE,1,2011-01-27 10:43:00,50.0,14911,EIRE,50.0,2011-01,True
542344,DOT,DOTCOM POSTAGE,1,2011-01-27 11:30:00,200.33,,United Kingdom,200.33,2011-01,True
C542348,M,MANUAL,-1,2011-01-27 12:09:00,1715.85,12539,Spain,-1715.85,2011-01,True
542369,POST,POSTAGE,1,2011-01-27 13:08:00,18.0,12645,Germany,18.0,2011-01,True
542371,POST,POSTAGE,2,2011-01-27 13:29:00,18.0,12468,Germany,36.0,2011-01,True
542375,POST,POSTAGE,2,2011-01-27 13:42:00,18.0,12626,Germany,36.0,2011-01,True
C542376,M,MANUAL,-1,2011-01-27 13:44:00,4.65,13777,United Kingdom,-4.65,2011-01,True
C542376,M,MANUAL,-2,2011-01-27 13:44:00,2.55,13777,United Kingdom,-5.1,2011-01,True
542398,M,MANUAL,1,2011-01-27 15:36:00,4.0,13174,United Kingdom,4.0,2011-01,True
542425,POST,POSTAGE,2,2011-01-28 09:20:00,18.0,12574,France,36.0,2011-01,True
542433,POST,POSTAGE,2,2011-01-28 10:45:00,18.0,12726,France,36.0,2011-01,True
542535,POST,POSTAGE,3,2011-01-28 13:37:00,18.0,12735,France,54.0,2011-01,True
C542540,POST,POSTAGE,-1,2011-01-28 14:20:00,4.41,,United Kingdom,-4.41,2011-01,True
C542540,DOT,DOTCOM POSTAGE,-1,2011-01-28 14:20:00,3.29,,United Kingdom,-3.29,2011-01,True
542541,DCGS0069,OOH LA LA DOGS COLLAR,1,2011-01-28 14:25:00,15.79,,United Kingdom,15.79,2011-01,True
542541,DOT,DOTCOM POSTAGE,1,2011-01-28 14:25:00,223.89,,United Kingdom,223.89,2011-01,True
542586,POST,POSTAGE,2,2011-01-28 15:45:00,40.0,12377,Switzerland,80.0,2011-01,True
542621,POST,POSTAGE,3,2011-01-31 09:05:00,18.0,12528,Germany,54.0,2011-01,True
542622,DCGS0003,BOXED GLASS ASHTRAY,1,2011-01-31 09:09:00,2.46,,United Kingdom,2.46,2011-01,True
542622,DOT,DOTCOM POSTAGE,1,2011-01-31 09:09:00,230.61,,United Kingdom,230.61,2011-01,True
542624,DOT,DOTCOM POSTAGE,1,2011-01-31 09:48:00,188.88,,United Kingdom,188.88,2011-01,True
542625,DOT,DOTCOM POSTAGE,1,2011-01-31 09:50:00,192.21,,United Kingdom,192.21,2011-01,True
542626,POST,POSTAGE,2,2011-01-31 09:51:00,18.0,12720,Germany,36.0,2011-01,True
542648,POST,POSTAGE,5,2011-01-31 11:46:00,18.0,12476,Germany,90.0,2011-01,True
542664,DOT,DOTCOM POSTAGE,1,2011-01-31 12:14:00,157.76,,United Kingdom,157.76,2011-01,True
542713,POST,POSTAGE,7,2011-01-31 13:27:00,18.0,12668,Germany,126.0,2011-01,True
542717,M,MANUAL,1,2011-01-31 14:07:00,2.95,17580,United Kingdom,2.95,2011-01,True
542720,POST,POSTAGE,1,2011-01-31 14:35:00,15.0,12778,Netherlands,15.0,2011-01,True
542735,POST,POSTAGE,3,2011-01-31 15:36:00,18.0,12681,France,54.0,2011-01,True
542782,POST,POSTAGE,2,2011-02-01 10:00:00,18.0,12712,Germany,36.0,2011-02,True
542794,DOT,DOTCOM POSTAGE,1,2011-02-01 10:56:00,86.77,,United Kingdom,86.77,2011-02,True
542887,POST,POSTAGE,1,2011-02-01 13:10:00,40.0,12373,Austria,40.0,2011-02,True
542894,POST,POSTAGE,2,2011-02-01 13:45:00,15.0,12775,Netherlands,30.0,2011-02,True
542904,POST,POSTAGE,3,2011-02-01 14:58:00,18.0,12682,France,54.0,2011-02,True
542905,POST,POSTAGE,1,2011-02-01 15:11:00,28.0,12540,Spain,28.0,2011-02,True
542906,DOT,DOTCOM POSTAGE,1,2011-02-01 15:12:00,189.59,,United Kingdom,189.59,2011-02,True
542911,POST,POSTAGE,1,2011-02-01 15:41:00,40.0,12676,Sweden,40.0,2011-02,True
C542916,M,MANUAL,-1,2011-02-01 16:21:00,4.0,15940,United Kingdom,-4.0,2011-02,True
542922,POST,POSTAGE,2,2011-02-02 09:06:00,18.0,12682,France,36.0,2011-02,True
542997,DOT,DOTCOM POSTAGE,1,2011-02-02 12:16:00,108.75,,United Kingdom,108.75,2011-02,True
542998,DOT,DOTCOM POSTAGE,1,2011-02-02 12:16:00,172.42,,United Kingdom,172.42,2011-02,True
542999,DOT,DOTCOM POSTAGE,1,2011-02-02 12:16:00,142.29,,United Kingdom,142.29,2011-02,True
543000,DOT,DOTCOM POSTAGE,1,2011-02-02 12:17:00,259.75,,United Kingdom,259.75,2011-02,True
543013,DOT,DOTCOM POSTAGE,1,2011-02-02 13:35:00,174.12,,United Kingdom,174.12,2011-02,True
543017,M,MANUAL,1,2011-02-02 14:17:00,15.0,13199,United Kingdom,15.0,2011-02,True
543027,POST,POSTAGE,1,2011-02-02 14:51:00,40.0,12414,Austria,40.0,2011-02,True
543030,POST,POSTAGE,1,2011-02-02 15:22:00,18.0,12437,France,18.0,2011-02,True
543037,POST,POSTAGE,1,2011-02-02 16:01:00,40.0,12350,Norway,40.0,2011-02,True
543048,POST,POSTAGE,3,2011-02-03 09:58:00,18.0,12600,Germany,54.0,2011-02,True
C543050,POST,POSTAGE,-1,2011-02-03 10:14:00,18.0,12625,Germany,-18.0,2011-02,True
543055,POST,POSTAGE,4,2011-02-03 10:41:00,28.0,12502,Spain,112.0,2011-02,True
543056,POST,POSTAGE,6,2011-02-03 10:47:00,18.0,12471,Germany,108.0,2011-02,True
543097,DOT,DOTCOM POSTAGE,1,2011-02-03 11:41:00,168.53,,United Kingdom,168.53,2011-02,True
543117,POST,POSTAGE,3,2011-02-03 13:30:00,15.0,12464,Belgium,45.0,2011-02,True
543121,POST,POSTAGE,2,2011-02-03 13:58:00,18.0,12662,Germany,36.0,2011-02,True
543134,M,MANUAL,1,2011-02-03 15:28:00,15.0,15885,United Kingdom,15.0,2011-02,True
543171,DOT,DOTCOM POSTAGE,1,2011-02-04 09:11:00,230.08,,United Kingdom,230.08,2011-02,True
543172,DOT,DOTCOM POSTAGE,1,2011-02-04 09:11:00,164.46,,United Kingdom,164.46,2011-02,True
C543175,POST,POSTAGE,-1,2011-02-04 09:46:00,18.0,12712,Germany,-18.0,2011-02,True
543178,C2,CARRIAGE,1,2011-02-04 10:31:00,50.0,14911,EIRE,50.0,2011-02,True
543180,POST,POSTAGE,4,2011-02-04 10:38:00,40.0,12410,Switzerland,160.0,2011-02,True
543182,DOT,DOTCOM POSTAGE,1,2011-02-04 10:40:00,208.12,,United Kingdom,208.12,2011-02,True
543188,POST,POSTAGE,6,2011-02-04 11:45:00,18.0,12567,France,108.0,2011-02,True
543200,DOT,DOTCOM POSTAGE,1,2011-02-04 13:03:00,166.92,,United Kingdom,166.92,2011-02,True
543201,DOT,DOTCOM POSTAGE,1,2011-02-04 13:03:00,212.04,,United Kingdom,212.04,2011-02,True
543345,DOT,DOTCOM POSTAGE,1,2011-02-07 12:29:00,183.09,,United Kingdom,183.09,2011-02,True
543358,DCGSSBOY,BOYS PARTY BAG,1,2011-02-07 14:04:00,3.29,,United Kingdom,3.29,2011-02,True
543358,DCGSSGIRL,GIRLS PARTY BAG,3,2011-02-07 14:04:00,3.29,,United Kingdom,9.870000000000001,2011-02,True
543358,DOT,DOTCOM POSTAGE,1,2011-02-07 14:04:00,218.26,,United Kingdom,218.26,2011-02,True
543387,POST,POSTAGE,10,2011-02-08 09:41:00,15.0,14646,Netherlands,150.0,2011-02,True
C543388,POST,POSTAGE,-3,2011-02-08 09:44:00,15.0,14646,Netherlands,-45.0,2011-02,True
543399,DOT,DOTCOM POSTAGE,1,2011-02-08 11:07:00,171.42,,United Kingdom,171.42,2011-02,True
543450,DOT,DOTCOM POSTAGE,1,2011-02-08 12:12:00,110.13,,United Kingdom,110.13,2011-02,True
543451,DOT,DOTCOM POSTAGE,1,2011-02-08 12:13:00,179.29,,United Kingdom,179.29,2011-02,True
543459,POST,POSTAGE,2,2011-02-08 13:28:00,18.0,12599,France,36.0,2011-02,True
543461,DOT,DOTCOM POSTAGE,1,2011-02-08 13:35:00,153.71,,United Kingdom,153.71,2011-02,True
543467,DOT,DOTCOM POSTAGE,1,2011-02-08 14:35:00,234.92,,United Kingdom,234.92,2011-02,True
543484,POST,POSTAGE,3,2011-02-09 10:11:00,18.0,12721,France,54.0,2011-02,True
543492,POST,POSTAGE,1,2011-02-09 10:41:00,18.0,12720,Germany,18.0,2011-02,True
543530,DOT,DOTCOM POSTAGE,1,2011-02-09 12:46:00,213.15,,United Kingdom,213.15,2011-02,True
543532,DOT,DOTCOM POSTAGE,1,2011-02-09 12:59:00,225.17,,United Kingdom,225.17,2011-02,True
543533,DOT,DOTCOM POSTAGE,1,2011-02-09 13:00:00,254.08,,United Kingdom,254.08,2011-02,True
543537,POST,POSTAGE,1,2011-02-09 13:50:00,15.0,12401,Belgium,15.0,2011-02,True
543541,POST,POSTAGE,6,2011-02-09 14:44:00,28.0,12462,Spain,168.0,2011-02,True
543543,M,MANUAL,1,2011-02-09 15:33:00,2.95,17843,United Kingdom,2.95,2011-02,True
543543,M,MANUAL,24,2011-02-09 15:33:00,0.2,17843,United Kingdom,4.800000000000001,2011-02,True
543546,DOT,DOTCOM POSTAGE,1,2011-02-09 16:52:00,206.15,,United Kingdom,206.15,2011-02,True
543550,POST,POSTAGE,1,2011-02-10 09:43:00,18.0,12601,Germany,18.0,2011-02,True
C543624,M,MANUAL,-200,2011-02-10 15:33:00,0.41,12931,United Kingdom,-82.0,2011-02,True
543625,POST,POSTAGE,2,2011-02-10 15:38:00,18.0,12583,France,36.0,2011-02,True
543629,DOT,DOTCOM POSTAGE,1,2011-02-10 15:55:00,208.92,,United Kingdom,208.92,2011-02,True
543660,DOT,DOTCOM POSTAGE,1,2011-02-11 10:40:00,248.48,,United Kingdom,248.48,2011-02,True
543732,DOT,DOTCOM POSTAGE,1,2011-02-11 12:02:00,198.21,,United Kingdom,198.21,2011-02,True
543733,POST,POSTAGE,1,2011-02-11 12:16:00,15.0,12395,Belgium,15.0,2011-02,True
C543743,M,MANUAL,-1,2011-02-11 13:39:00,4.5,12505,Italy,-4.5,2011-02,True
C543749,M,MANUAL,-1,2011-02-11 13:55:00,71.46,13672,United Kingdom,-71.46,2011-02,True
C543752,D,DISCOUNT,-1,2011-02-11 14:12:00,64.27,14031,United Kingdom,-64.27,2011-02,True
C543758,D,DISCOUNT,-1,2011-02-11 15:07:00,65.91,15299,United Kingdom,-65.91,2011-02,True
C543789,M,MANUAL,-1,2011-02-11 17:10:00,856.48,17450,United Kingdom,-856.48,2011-02,True
C543789,D,DISCOUNT,-1,2011-02-11 17:10:00,84.8,17450,United Kingdom,-84.8,2011-02,True
C543789,M,MANUAL,-1,2011-02-11 17:10:00,190.8,17450,United Kingdom,-190.8,2011-02,True
543822,POST,POSTAGE,3,2011-02-14 09:24:00,28.0,12507,Spain,84.0,2011-02,True
543826,DOT,DOTCOM POSTAGE,1,2011-02-14 09:41:00,168.19,,United Kingdom,168.19,2011-02,True
543833,POST,POSTAGE,1,2011-02-14 10:24:00,18.0,12476,Germany,18.0,2011-02,True
C543835,M,MANUAL,-8,2011-02-14 10:40:00,1.95,12963,United Kingdom,-15.6,2011-02,True
C543838,POST,POSTAGE,-1,2011-02-14 10:59:00,7.06,15827,United Kingdom,-7.06,2011-02,True
C543840,D,DISCOUNT,-1,2011-02-14 11:19:00,70.01,14527,United Kingdom,-70.01,2011-02,True
C543841,M,MANUAL,-1,2011-02-14 11:20:00,208.16,17095,United Kingdom,-208.16,2011-02,True
543900,POST,POSTAGE,3,2011-02-14 12:11:00,18.0,12621,Germany,54.0,2011-02,True
543899,C2,CARRIAGE,1,2011-02-14 12:11:00,15.0,,EIRE,15.0,2011-02,True
543909,DOT,DOTCOM POSTAGE,1,2011-02-14 12:32:00,127.24,,United Kingdom,127.24,2011-02,True
543985,DOT,DOTCOM POSTAGE,1,2011-02-15 09:44:00,138.5,,United Kingdom,138.5,2011-02,True
C543992,POST,POSTAGE,-1,2011-02-15 10:29:00,18.0,12583,France,-18.0,2011-02,True
C544047,M,MANUAL,-1,2011-02-15 12:36:00,1435.79,,United Kingdom,-1435.79,2011-02,True
C544049,BANK CHARGES,BANK CHARGES,-1,2011-02-15 12:39:00,566.37,,United Kingdom,-566.37,2011-02,True
C544054,M,MANUAL,-1,2011-02-15 12:41:00,869.55,,United Kingdom,-869.55,2011-02,True
544069,POST,POSTAGE,2,2011-02-15 14:17:00,18.0,12616,France,36.0,2011-02,True
544087,M,MANUAL,1,2011-02-15 17:02:00,3.75,17530,United Kingdom,3.75,2011-02,True
544087,M,MANUAL,2,2011-02-15 17:02:00,0.42,17530,United Kingdom,0.84,2011-02,True
544089,gift_0001_20,DOTCOMGIFTSHOP GIFT VOUCHER £20.00,1,2011-02-15 17:51:00,16.67,,United Kingdom,16.67,2011-02,True
544089,DOT,DOTCOM POSTAGE,1,2011-02-15 17:51:00,111.86,,United Kingdom,111.86,2011-02,True
544115,POST,POSTAGE,5,2011-02-16 11:45:00,18.0,12727,France,90.0,2011-02,True
C544117,POST,POSTAGE,-1,2011-02-16 11:48:00,18.0,12727,France,-18.0,2011-02,True
544157,POST,POSTAGE,2,2011-02-16 12:46:00,18.0,12372,Denmark,36.0,2011-02,True
544186,DOT,DOTCOM POSTAGE,1,2011-02-16 15:56:00,149.49,,United Kingdom,149.49,2011-02,True
544193,POST,POSTAGE,5,2011-02-17 08:23:00,15.0,12431,Belgium,75.0,2011-02,True
544200,POST,POSTAGE,2,2011-02-17 10:08:00,18.0,12494,France,36.0,2011-02,True
544201,DOT,DOTCOM POSTAGE,1,2011-02-17 10:11:00,213.08,,United Kingdom,213.08,2011-02,True
544202,DOT,DOTCOM POSTAGE,1,2011-02-17 10:29:00,143.04,,United Kingdom,143.04,2011-02,True
544203,POST,POSTAGE,3,2011-02-17 10:30:00,15.0,12362,Belgium,45.0,2011-02,True
544204,DOT,DOTCOM POSTAGE,1,2011-02-17 10:30:00,132.25,,United Kingdom,132.25,2011-02,True
544205,DOT,DOTCOM POSTAGE,1,2011-02-17 10:31:00,207.79,,United Kingdom,207.79,2011-02,True
544206,DOT,DOTCOM POSTAGE,1,2011-02-17 10:33:00,159.46,,United Kingdom,159.46,2011-02,True
544207,DOT,DOTCOM POSTAGE,1,2011-02-17 10:34:00,185.83,,United Kingdom,185.83,2011-02,True
544208,DOT,DOTCOM POSTAGE,1,2011-02-17 10:34:00,135.75,,United Kingdom,135.75,2011-02,True
544210,C2,CARRIAGE,1,2011-02-17 11:01:00,50.0,14911,EIRE,50.0,2011-02,True
544281,POST,POSTAGE,1,2011-02-17 12:23:00,18.0,12500,Germany,18.0,2011-02,True
544302,POST,POSTAGE,1,2011-02-17 13:16:00,18.0,12654,Germany,18.0,2011-02,True
544323,gift_0001_30,DOTCOMGIFTSHOP GIFT VOUCHER £30.00,1,2011-02-17 15:51:00,25.0,,United Kingdom,25.0,2011-02,True
544323,DOT,DOTCOM POSTAGE,1,2011-02-17 15:51:00,179.94,,United Kingdom,179.94,2011-02,True
544331,POST,POSTAGE,1,2011-02-17 17:05:00,15.0,12455,Cyprus,15.0,2011-02,True
544355,POST,POSTAGE,5,2011-02-18 10:53:00,18.0,12714,France,90.0,2011-02,True
544390,C2,CARRIAGE,1,2011-02-18 11:36:00,50.0,14911,EIRE,50.0,2011-02,True
544399,POST,POSTAGE,1,2011-02-18 12:28:00,28.0,12594,Italy,28.0,2011-02,True
544407,M,MANUAL,1,2011-02-18 13:26:00,15.0,14606,United Kingdom,15.0,2011-02,True
544434,gift_0001_30,DOTCOMGIFTSHOP GIFT VOUCHER £30.00,1,2011-02-18 16:12:00,25.0,,United Kingdom,25.0,2011-02,True
544434,DOT,DOTCOM POSTAGE,1,2011-02-18 16:12:00,149.02,,United Kingdom,149.02,2011-02,True
C544437,M,MANUAL,-1,2011-02-18 17:19:00,82.5,16027,United Kingdom,-82.5,2011-02,True
544464,M,MANUAL,4,2011-02-20 14:38:00,0.85,17323,United Kingdom,3.4,2011-02,True
544474,POST,POSTAGE,1,2011-02-21 09:52:00,15.0,12423,Belgium,15.0,2011-02,True
544483,POST,POSTAGE,5,2011-02-21 10:53:00,18.0,12524,Germany,90.0,2011-02,True
544495,POST,POSTAGE,6,2011-02-21 11:42:00,28.0,12766,Portugal,168.0,2011-02,True
544573,POST,POSTAGE,5,2011-02-21 13:40:00,18.0,12621,Germany,90.0,2011-02,True
C544575,BANK CHARGES,BANK CHARGES,-1,2011-02-21 13:58:00,134.76,,United Kingdom,-134.76,2011-02,True
C544576,BANK CHARGES,BANK CHARGES,-1,2011-02-21 14:01:00,149.16,,United Kingdom,-149.16,2011-02,True
C544577,M,MANUAL,-1,2011-02-21 14:02:00,320.69,12365,Cyprus,-320.69,2011-02,True
544578,M,MANUAL,1,2011-02-21 14:04:00,320.69,12365,Cyprus,320.69,2011-02,True
C544580,S,SAMPLES,-1,2011-02-21 14:25:00,5.74,,United Kingdom,-5.74,2011-02,True
C544580,S,SAMPLES,-1,2011-02-21 14:25:00,11.08,,United Kingdom,-11.08,2011-02,True
C544580,S,SAMPLES,-1,2011-02-21 14:25:00,5.79,,United Kingdom,-5.79,2011-02,True
C544580,S,SAMPLES,-1,2011-02-21 14:25:00,6.7,,United Kingdom,-6.7,2011-02,True
C544580,S,SAMPLES,-1,2011-02-21 14:25:00,8.74,,United Kingdom,-8.74,2011-02,True
C544580,S,SAMPLES,-1,2011-02-21 14:25:00,9.74,,United Kingdom,-9.74,2011-02,True
C544580,S,SAMPLES,-1,2011-02-21 14:25:00,9.99,,United Kingdom,-9.99,2011-02,True
C544580,S,SAMPLES,-1,2011-02-21 14:25:00,20.98,,United Kingdom,-20.98,2011-02,True
C544580,S,SAMPLES,-1,2011-02-21 14:25:00,7.69,,United Kingdom,-7.69,2011-02,True
C544580,S,SAMPLES,-1,2011-02-21 14:25:00,5.44,,United Kingdom,-5.44,2011-02,True
C544580,S,SAMPLES,-1,2011-02-21 14:25:00,7.0,,United Kingdom,-7.0,2011-02,True
C544580,S,SAMPLES,-1,2011-02-21 14:25:00,10.0,,United Kingdom,-10.0,2011-02,True
C544580,S,SAMPLES,-1,2011-02-21 14:25:00,19.5,,United Kingdom,-19.5,2011-02,True
C544580,S,SAMPLES,-1,2011-02-21 14:25:00,20.55,,United Kingdom,-20.55,2011-02,True
C544580,S,SAMPLES,-1,2011-02-21 14:25:00,29.99,,United Kingdom,-29.99,2011-02,True
C544581,S,SAMPLES,-1,2011-02-21 14:32:00,12.94,,United Kingdom,-12.94,2011-02,True
C544581,S,SAMPLES,-1,2011-02-21 14:32:00,92.0,,United Kingdom,-92.0,2011-02,True
C544581,S,SAMPLES,-1,2011-02-21 14:32:00,107.99,,United Kingdom,-107.99,2011-02,True
C544581,S,SAMPLES,-1,2011-02-21 14:32:00,55.0,,United Kingdom,-55.0,2011-02,True
C544583,S,SAMPLES,-1,2011-02-21 14:48:00,128.56,,United Kingdom,-128.56,2011-02,True
C544583,S,SAMPLES,-1,2011-02-21 14:48:00,39.5,,United Kingdom,-39.5,2011-02,True
C544583,S,SAMPLES,-1,2011-02-21 14:48:00,37.49,,United Kingdom,-37.49,2011-02,True
C544583,S,SAMPLES,-1,2011-02-21 14:48:00,31.98,,United Kingdom,-31.98,2011-02,True
C544583,S,SAMPLES,-1,2011-02-21 14:48:00,2.8,,United Kingdom,-2.8,2011-02,True
C544583,S,SAMPLES,-1,2011-02-21 14:48:00,4.59,,United Kingdom,-4.59,2011-02,True
C544583,S,SAMPLES,-1,2011-02-21 14:48:00,95.0,,United Kingdom,-95.0,2011-02,True
C544584,BANK CHARGES,BANK CHARGES,-1,2011-02-21 14:52:00,109.84,,United Kingdom,-109.84,2011-02,True
544585,POST,POSTAGE,1,2011-02-21 14:58:00,18.0,12523,France,18.0,2011-02,True
C544587,AMAZONFEE,AMAZON FEE,-1,2011-02-21 15:07:00,5575.28,,United Kingdom,-5575.28,2011-02,True
C544589,AMAZONFEE,AMAZON FEE,-1,2011-02-21 15:11:00,5258.77,,United Kingdom,-5258.77,2011-02,True
544598,DOT,DOTCOM POSTAGE,1,2011-02-21 18:10:00,144.15,,United Kingdom,144.15,2011-02,True
544599,DCGSSBOY,BOYS PARTY BAG,1,2011-02-21 18:15:00,3.29,,United Kingdom,3.29,2011-02,True
544599,DOT,DOTCOM POSTAGE,1,2011-02-21 18:15:00,198.77,,United Kingdom,198.77,2011-02,True
C544671,S,SAMPLES,-1,2011-02-22 15:45:00,21.9,,United Kingdom,-21.9,2011-02,True
544673,M,MANUAL,25,2011-02-22 15:46:00,0.42,13421,United Kingdom,10.5,2011-02,True
544681,DOT,DOTCOM POSTAGE,1,2011-02-22 16:28:00,140.19,,United Kingdom,140.19,2011-02,True
544684,DOT,DOTCOM POSTAGE,1,2011-02-22 16:32:00,172.99,,United Kingdom,172.99,2011-02,True
544766,DOT,DOTCOM POSTAGE,1,2011-02-23 11:09:00,136.38,,United Kingdom,136.38,2011-02,True
544768,DOT,DOTCOM POSTAGE,1,2011-02-23 11:10:00,134.04,,United Kingdom,134.04,2011-02,True
544767,DOT,DOTCOM POSTAGE,1,2011-02-23 11:10:00,100.17,,United Kingdom,100.17,2011-02,True
544770,DOT,DOTCOM POSTAGE,1,2011-02-23 11:11:00,124.79,,United Kingdom,124.79,2011-02,True
544771,DOT,DOTCOM POSTAGE,1,2011-02-23 11:12:00,137.33,,United Kingdom,137.33,2011-02,True
544772,DOT,DOTCOM POSTAGE,1,2011-02-23 11:12:00,161.04,,United Kingdom,161.04,2011-02,True
544811,POST,POSTAGE,3,2011-02-23 15:53:00,18.0,12471,Germany,54.0,2011-02,True
544812,DOT,DOTCOM POSTAGE,1,2011-02-23 15:58:00,170.54,,United Kingdom,170.54,2011-02,True
C544814,M,MANUAL,-1,2011-02-23 16:36:00,30.19,15590,United Kingdom,-30.19,2011-02,True
544817,POST,POSTAGE,2,2011-02-23 16:44:00,18.0,12437,France,36.0,2011-02,True
544819,M,MANUAL,6,2011-02-23 17:15:00,5.0,12748,United Kingdom,30.0,2011-02,True
544886,POST,POSTAGE,1,2011-02-24 11:42:00,40.0,12582,Finland,40.0,2011-02,True
544928,DOT,DOTCOM POSTAGE,1,2011-02-24 18:07:00,189.91,,United Kingdom,189.91,2011-02,True
544933,POST,POSTAGE,6,2011-02-25 08:44:00,18.0,12633,Germany,108.0,2011-02,True
544934,C2,CARRIAGE,1,2011-02-25 09:01:00,50.0,13345,United Kingdom,50.0,2011-02,True
544996,POST,POSTAGE,2,2011-02-25 11:53:00,18.0,12474,Germany,36.0,2011-02,True
545017,POST,POSTAGE,1,2011-02-25 13:51:00,15.0,12361,Belgium,15.0,2011-02,True
545024,DOT,DOTCOM POSTAGE,1,2011-02-25 14:38:00,79.67,,United Kingdom,79.67,2011-02,True
545025,DOT,DOTCOM POSTAGE,1,2011-02-25 14:40:00,137.96,,United Kingdom,137.96,2011-02,True
545034,POST,POSTAGE,1,2011-02-25 16:42:00,40.0,13493,Switzerland,40.0,2011-02,True
545051,POST,POSTAGE,1,2011-02-27 11:58:00,18.0,12599,France,18.0,2011-02,True
545078,DOT,DOTCOM POSTAGE,1,2011-02-28 10:15:00,147.49,,United Kingdom,147.49,2011-02,True
545084,POST,POSTAGE,2,2011-02-28 10:55:00,40.0,12458,Switzerland,80.0,2011-02,True
545086,POST,POSTAGE,1,2011-02-28 11:43:00,18.0,12678,France,18.0,2011-02,True
545105,POST,POSTAGE,6,2011-02-28 11:58:00,18.0,12598,France,108.0,2011-02,True
545140,POST,POSTAGE,2,2011-02-28 12:08:00,15.0,12464,Belgium,30.0,2011-02,True
545160,M,MANUAL,1,2011-02-28 13:31:00,48.0,,United Kingdom,48.0,2011-02,True
545176,M,MANUAL,1,2011-02-28 14:19:00,764.12,,United Kingdom,764.12,2011-02,True
545180,POST,POSTAGE,1,2011-02-28 14:42:00,18.0,12728,France,18.0,2011-02,True
545181,POST,POSTAGE,1,2011-02-28 14:45:00,18.0,12509,France,18.0,2011-02,True
545182,M,MANUAL,17,2011-02-28 14:48:00,0.2,14046,United Kingdom,3.4000000000000004,2011-02,True
545191,POST,POSTAGE,1,2011-02-28 15:39:00,28.0,12811,Portugal,28.0,2011-02,True
545215,DOT,DOTCOM POSTAGE,1,2011-02-28 16:47:00,265.19,,United Kingdom,265.19,2011-02,True
545216,DOT,DOTCOM POSTAGE,1,2011-02-28 16:50:00,157.08,,United Kingdom,157.08,2011-02,True
545217,DOT,DOTCOM POSTAGE,1,2011-02-28 16:59:00,172.62,,United Kingdom,172.62,2011-02,True
545235,POST,POSTAGE,2,2011-03-01 10:31:00,18.0,12683,France,36.0,2011-03,True
545301,POST,POSTAGE,4,2011-03-01 12:26:00,18.0,12679,France,72.0,2011-03,True
545314,POST,POSTAGE,4,2011-03-01 14:11:00,15.0,12866,Belgium,60.0,2011-03,True
545315,DOT,DOTCOM POSTAGE,1,2011-03-01 14:14:00,75.58,,United Kingdom,75.58,2011-03,True
545316,DOT,DOTCOM POSTAGE,1,2011-03-01 14:14:00,36.08,,United Kingdom,36.08,2011-03,True
545317,DOT,DOTCOM POSTAGE,1,2011-03-01 14:14:00,148.67,,United Kingdom,148.67,2011-03,True
545323,POST,POSTAGE,1,2011-03-01 14:57:00,40.0,12352,Norway,40.0,2011-03,True
C545329,M,MANUAL,-1,2011-03-01 15:47:00,280.05,12352,Norway,-280.05,2011-03,True
C545329,M,MANUAL,-1,2011-03-01 15:47:00,183.75,12352,Norway,-183.75,2011-03,True
C545330,M,MANUAL,-1,2011-03-01 15:49:00,376.5,12352,Norway,-376.5,2011-03,True
545332,M,MANUAL,1,2011-03-01 15:52:00,376.5,12352,Norway,376.5,2011-03,True
545332,M,MANUAL,1,2011-03-01 15:52:00,280.05,12352,Norway,280.05,2011-03,True
545332,M,MANUAL,1,2011-03-01 15:52:00,183.75,12352,Norway,183.75,2011-03,True
545333,DOT,DOTCOM POSTAGE,1,2011-03-01 16:22:00,155.31,,United Kingdom,155.31,2011-03,True
545336,M,MANUAL,2,2011-03-01 16:53:00,275.6,12428,Finland,551.2,2011-03,True
545464,DOT,DOTCOM POSTAGE,1,2011-03-03 09:10:00,201.64,,United Kingdom,201.64,2011-03,True
C545476,D,DISCOUNT,-1,2011-03-03 11:05:00,30.38,14527,United Kingdom,-30.38,2011-03,True
C545478,D,DISCOUNT,-720,2011-03-03 11:08:00,0.01,16422,United Kingdom,-7.2,2011-03,True
545515,POST,POSTAGE,3,2011-03-03 12:06:00,18.0,12727,France,54.0,2011-03,True
545517,POST,POSTAGE,1,2011-03-03 12:20:00,18.0,12727,France,18.0,2011-03,True
545533,POST,POSTAGE,2,2011-03-03 14:04:00,18.0,12524,Germany,36.0,2011-03,True
545536,POST,POSTAGE,3,2011-03-03 14:12:00,15.0,12417,Belgium,45.0,2011-03,True
545557,POST,POSTAGE,1,2011-03-03 15:30:00,18.0,12500,Germany,18.0,2011-03,True
545568,DOT,DOTCOM POSTAGE,1,2011-03-03 16:22:00,226.19,,United Kingdom,226.19,2011-03,True
545570,POST,POSTAGE,1,2011-03-03 16:28:00,40.0,12817,Austria,40.0,2011-03,True
545583,POST,POSTAGE,2,2011-03-04 09:08:00,18.0,12553,France,36.0,2011-03,True
545585,POST,POSTAGE,1,2011-03-04 09:32:00,28.0,12541,Spain,28.0,2011-03,True
545595,M,MANUAL,1,2011-03-04 10:39:00,0.85,14570,United Kingdom,0.85,2011-03,True
545634,C2,CARRIAGE,1,2011-03-04 12:12:00,50.0,14911,EIRE,50.0,2011-03,True
545647,POST,POSTAGE,1,2011-03-04 12:46:00,28.0,12547,Spain,28.0,2011-03,True
545664,POST,POSTAGE,3,2011-03-04 15:15:00,28.0,12584,Italy,84.0,2011-03,True
545667,DOT,DOTCOM POSTAGE,1,2011-03-04 16:07:00,176.48,,United Kingdom,176.48,2011-03,True
C545677,M,MANUAL,-2,2011-03-06 10:48:00,10.65,14543,United Kingdom,-21.3,2011-03,True
C545677,M,MANUAL,-1,2011-03-06 10:48:00,12.75,14543,United Kingdom,-12.75,2011-03,True
545706,POST,POSTAGE,1,2011-03-07 09:10:00,18.0,12712,Germany,18.0,2011-03,True
545709,POST,POSTAGE,1,2011-03-07 09:49:00,18.0,12708,Germany,18.0,2011-03,True
545714,DOT,DOTCOM POSTAGE,1,2011-03-07 10:12:00,130.58,,United Kingdom,130.58,2011-03,True
545715,DOT,DOTCOM POSTAGE,1,2011-03-07 10:13:00,180.92,,United Kingdom,180.92,2011-03,True
545717,DOT,DOTCOM POSTAGE,1,2011-03-07 10:15:00,147.13,,United Kingdom,147.13,2011-03,True
545716,DOT,DOTCOM POSTAGE,1,2011-03-07 10:15:00,192.29,,United Kingdom,192.29,2011-03,True
C545739,M,MANUAL,-1,2011-03-07 11:46:00,45.57,12754,Japan,-45.57,2011-03,True
C545740,POST,POSTAGE,-1,2011-03-07 11:47:00,8.65,18257,United Kingdom,-8.65,2011-03,True
545854,C2,CARRIAGE,1,2011-03-07 13:51:00,50.0,14817,United Kingdom,50.0,2011-03,True
C545884,M,MANUAL,-1,2011-03-07 15:49:00,537.83,,United Kingdom,-537.83,2011-03,True
C545886,M,MANUAL,-1,2011-03-07 15:53:00,222.59,,United Kingdom,-222.59,2011-03,True
C545887,BANK CHARGES,BANK CHARGES,-1,2011-03-07 15:54:00,326.68,,United Kingdom,-326.68,2011-03,True
545889,M,MANUAL,1,2011-03-07 16:14:00,45.0,15291,United Kingdom,45.0,2011-03,True
C545891,M,MANUAL,-1,2011-03-07 16:40:00,16.05,12754,Japan,-16.05,2011-03,True
C545892,M,MANUAL,-1,2011-03-07 16:41:00,17.55,12755,Japan,-17.55,2011-03,True
545895,gift_0001_10,DOTCOMGIFTSHOP GIFT VOUCHER £10.00,1,2011-03-07 17:14:00,8.33,,United Kingdom,8.33,2011-03,True
545895,DOT,DOTCOM POSTAGE,1,2011-03-07 17:14:00,249.02,,United Kingdom,249.02,2011-03,True
545897,DCGSSBOY,BOYS PARTY BAG,5,2011-03-07 17:22:00,3.29,,United Kingdom,16.45,2011-03,True
545897,DCGSSGIRL,GIRLS PARTY BAG,5,2011-03-07 17:22:00,3.29,,United Kingdom,16.45,2011-03,True
545897,DOT,DOTCOM POSTAGE,1,2011-03-07 17:22:00,218.64,,United Kingdom,218.64,2011-03,True
545901,M,MANUAL,2,2011-03-07 17:52:00,1.25,15834,United Kingdom,2.5,2011-03,True
545916,POST,POSTAGE,2,2011-03-08 11:46:00,18.0,12528,Germany,36.0,2011-03,True
545933,C2,CARRIAGE,1,2011-03-08 12:04:00,50.0,13908,United Kingdom,50.0,2011-03,True
545988,POST,POSTAGE,1,2011-03-08 12:52:00,18.0,12662,Germany,18.0,2011-03,True
545994,POST,POSTAGE,2,2011-03-08 13:50:00,18.0,12623,Germany,36.0,2011-03,True
545995,M,MANUAL,6,2011-03-08 13:54:00,2.1,15023,United Kingdom,12.600000000000001,2011-03,True
546007,DOT,DOTCOM POSTAGE,1,2011-03-08 15:34:00,146.1,,United Kingdom,146.1,2011-03,True
546008,DOT,DOTCOM POSTAGE,1,2011-03-08 15:43:00,187.89,,United Kingdom,187.89,2011-03,True
546027,POST,POSTAGE,2,2011-03-09 08:09:00,15.0,12759,Netherlands,30.0,2011-03,True
546035,M,MANUAL,1,2011-03-09 09:50:00,7.95,12924,United Kingdom,7.95,2011-03,True
C546106,D,DISCOUNT,-1,2011-03-09 12:21:00,9.87,14527,United Kingdom,-9.87,2011-03,True
546117,M,MANUAL,12,2011-03-09 13:56:00,1.0,16771,United Kingdom,12.0,2011-03,True
546134,POST,POSTAGE,2,2011-03-09 15:35:00,40.0,13493,Switzerland,80.0,2011-03,True
546136,DOT,DOTCOM POSTAGE,1,2011-03-09 16:32:00,199.33,,United Kingdom,199.33,2011-03,True
546172,C2,CARRIAGE,1,2011-03-10 10:32:00,50.0,14156,EIRE,50.0,2011-03,True
C546203,POST,POSTAGE,-1,2011-03-10 11:13:00,4.5,16839,United Kingdom,-4.5,2011-03,True
C546204,POST,POSTAGE,-1,2011-03-10 11:13:00,1.72,13599,United Kingdom,-1.72,2011-03,True
C546205,POST,POSTAGE,-1,2011-03-10 11:14:00,2.84,18223,United Kingdom,-2.84,2011-03,True
546303,POST,POSTAGE,1,2011-03-10 15:30:00,8.62,,United Kingdom,8.62,2011-03,True
546306,DCGSSBOY,BOYS PARTY BAG,1,2011-03-10 16:16:00,3.29,,United Kingdom,3.29,2011-03,True
546306,DCGSSGIRL,GIRLS PARTY BAG,2,2011-03-10 16:16:00,3.29,,United Kingdom,6.58,2011-03,True
546306,DOT,DOTCOM POSTAGE,1,2011-03-10 16:16:00,147.03,,United Kingdom,147.03,2011-03,True
C546325,M,MANUAL,-1,2011-03-11 10:15:00,1687.17,14911,EIRE,-1687.17,2011-03,True
C546327,M,MANUAL,-1,2011-03-11 10:18:00,1687.17,14911,EIRE,-1687.17,2011-03,True
546328,M,MANUAL,1,2011-03-11 10:19:00,1687.17,14911,EIRE,1687.17,2011-03,True
546329,M,MANUAL,1,2011-03-11 10:22:00,1687.17,14911,EIRE,1687.17,2011-03,True
C546363,POST,POSTAGE,-1,2011-03-11 11:30:00,7.06,16912,United Kingdom,-7.06,2011-03,True
546365,POST,POSTAGE,5,2011-03-11 11:35:00,18.0,12520,Germany,90.0,2011-03,True
546373,POST,POSTAGE,2,2011-03-11 12:00:00,18.0,12583,France,36.0,2011-03,True
546374,M,MANUAL,1,2011-03-11 12:05:00,10.0,17194,United Kingdom,10.0,2011-03,True
546406,DOT,DOTCOM POSTAGE,1,2011-03-11 16:21:00,201.37,,United Kingdom,201.37,2011-03,True
546418,M,MANUAL,24,2011-03-13 10:57:00,0.42,17315,United Kingdom,10.08,2011-03,True
546426,M,MANUAL,1,2011-03-13 13:46:00,2.0,13708,United Kingdom,2.0,2011-03,True
546428,POST,POSTAGE,2,2011-03-13 14:55:00,18.0,12681,France,36.0,2011-03,True
546433,POST,POSTAGE,1,2011-03-14 08:37:00,15.0,12778,Netherlands,15.0,2011-03,True
546434,POST,POSTAGE,4,2011-03-14 08:41:00,18.0,12383,Belgium,72.0,2011-03,True
546479,POST,POSTAGE,3,2011-03-14 11:38:00,18.0,12682,France,54.0,2011-03,True
546509,C2,CARRIAGE,1,2011-03-14 12:15:00,50.0,14911,EIRE,50.0,2011-03,True
546541,C2,CARRIAGE,1,2011-03-14 15:11:00,50.0,14911,EIRE,50.0,2011-03,True
546543,M,MANUAL,1,2011-03-14 15:40:00,0.85,17841,United Kingdom,0.85,2011-03,True
C546557,M,MANUAL,-1,2011-03-15 09:44:00,2583.76,,Hong Kong,-2583.76,2011-03,True
546558,M,MANUAL,1,2011-03-15 09:50:00,2583.76,,Hong Kong,2583.76,2011-03,True
546650,DOT,DOTCOM POSTAGE,1,2011-03-15 14:17:00,111.79,,United Kingdom,111.79,2011-03,True
546651,DOT,DOTCOM POSTAGE,1,2011-03-15 14:17:00,112.67,,United Kingdom,112.67,2011-03,True
546649,DOT,DOTCOM POSTAGE,1,2011-03-15 14:17:00,133.13,,United Kingdom,133.13,2011-03,True
546652,DOT,DOTCOM POSTAGE,1,2011-03-15 14:18:00,167.58,,United Kingdom,167.58,2011-03,True
546653,DOT,DOTCOM POSTAGE,1,2011-03-15 14:18:00,155.46,,United Kingdom,155.46,2011-03,True
546654,DOT,DOTCOM POSTAGE,1,2011-03-15 14:18:00,125.96,,United Kingdom,125.96,2011-03,True
546655,DOT,DOTCOM POSTAGE,1,2011-03-15 14:19:00,122.58,,United Kingdom,122.58,2011-03,True
546656,DOT,DOTCOM POSTAGE,1,2011-03-15 14:19:00,172.54,,United Kingdom,172.54,2011-03,True
546678,POST,POSTAGE,3,2011-03-15 16:39:00,18.0,12681,France,54.0,2011-03,True
546737,C2,CARRIAGE,1,2011-03-16 11:52:00,50.0,13358,United Kingdom,50.0,2011-03,True
546742,M,MANUAL,12,2011-03-16 12:26:00,0.42,12849,United Kingdom,5.04,2011-03,True
546742,M,MANUAL,6,2011-03-16 12:26:00,2.1,12849,United Kingdom,12.600000000000001,2011-03,True
546755,POST,POSTAGE,5,2011-03-16 13:29:00,28.0,12502,Spain,140.0,2011-03,True
546759,POST,POSTAGE,2,2011-03-16 13:58:00,18.0,12712,Germany,36.0,2011-03,True
546760,POST,POSTAGE,3,2011-03-16 14:00:00,28.0,12597,Spain,84.0,2011-03,True
546765,POST,POSTAGE,1,2011-03-16 14:37:00,18.0,12437,France,18.0,2011-03,True
546843,POST,POSTAGE,2,2011-03-17 12:40:00,18.0,12472,Germany,36.0,2011-03,True
546851,POST,POSTAGE,7,2011-03-17 13:23:00,18.0,12480,Germany,126.0,2011-03,True
C546859,M,MANUAL,-102,2011-03-17 14:39:00,5.45,17603,United Kingdom,-555.9,2011-03,True
546861,C2,CARRIAGE,1,2011-03-17 15:03:00,50.0,14911,EIRE,50.0,2011-03,True
546866,M,MANUAL,2,2011-03-17 15:47:00,2.5,14462,United Kingdom,5.0,2011-03,True
C546870,M,MANUAL,-2,2011-03-17 16:07:00,2.5,14462,United Kingdom,-5.0,2011-03,True
C546879,M,MANUAL,-96,2011-03-17 17:14:00,0.91,16422,United Kingdom,-87.36,2011-03,True
546884,DOT,DOTCOM POSTAGE,1,2011-03-17 18:08:00,303.0,,United Kingdom,303.0,2011-03,True
546888,DOT,DOTCOM POSTAGE,1,2011-03-17 18:15:00,237.89,,United Kingdom,237.89,2011-03,True
546891,DOT,DOTCOM POSTAGE,1,2011-03-17 18:18:00,227.3,,United Kingdom,227.3,2011-03,True
546892,DOT,DOTCOM POSTAGE,1,2011-03-17 18:20:00,192.44,,United Kingdom,192.44,2011-03,True
546896,DOT,DOTCOM POSTAGE,1,2011-03-17 18:24:00,255.04,,United Kingdom,255.04,2011-03,True
C546905,M,MANUAL,-48,2011-03-17 18:42:00,0.45,15061,United Kingdom,-21.6,2011-03,True
C546907,M,MANUAL,-25,2011-03-17 18:46:00,0.67,16422,United Kingdom,-16.75,2011-03,True
546919,POST,POSTAGE,1,2011-03-18 09:55:00,18.0,12500,Germany,18.0,2011-03,True
546920,POST,POSTAGE,8,2011-03-18 09:55:00,18.0,12471,Germany,144.0,2011-03,True
546925,POST,POSTAGE,3,2011-03-18 10:09:00,18.0,12647,Germany,54.0,2011-03,True
546933,M,MANUAL,1,2011-03-18 11:02:00,498.79,,United Kingdom,498.79,2011-03,True
C546943,BANK CHARGES,BANK CHARGES,-1,2011-03-18 11:11:00,56.93,,United Kingdom,-56.93,2011-03,True
C546948,S,SAMPLES,-1,2011-03-18 11:20:00,50.99,,United Kingdom,-50.99,2011-03,True
C546948,S,SAMPLES,-1,2011-03-18 11:20:00,65.85,,United Kingdom,-65.85,2011-03,True
546950,M,MANUAL,4,2011-03-18 11:24:00,0.5,16511,United Kingdom,2.0,2011-03,True
546973,DOT,DOTCOM POSTAGE,1,2011-03-18 12:07:00,122.5,,United Kingdom,122.5,2011-03,True
546976,DOT,DOTCOM POSTAGE,1,2011-03-18 12:08:00,184.96,,United Kingdom,184.96,2011-03,True
546974,DOT,DOTCOM POSTAGE,1,2011-03-18 12:08:00,131.46,,United Kingdom,131.46,2011-03,True
C546975,M,MANUAL,-1,2011-03-18 12:08:00,19.05,,United Kingdom,-19.05,2011-03,True
546977,DOT,DOTCOM POSTAGE,1,2011-03-18 12:08:00,218.08,,United Kingdom,218.08,2011-03,True
C546987,AMAZONFEE,AMAZON FEE,-1,2011-03-18 12:56:00,5693.05,,United Kingdom,-5693.05,2011-03,True
C546989,AMAZONFEE,AMAZON FEE,-1,2011-03-18 12:59:00,5225.03,,United Kingdom,-5225.03,2011-03,True
547005,POST,POSTAGE,4,2011-03-18 14:20:00,18.0,12474,Germany,72.0,2011-03,True
547042,DOT,DOTCOM POSTAGE,1,2011-03-20 11:00:00,279.84,,United Kingdom,279.84,2011-03,True
547048,C2,CARRIAGE,1,2011-03-20 11:52:00,50.0,14911,EIRE,50.0,2011-03,True
C547054,M,MANUAL,-1,2011-03-20 12:11:00,6.95,16444,United Kingdom,-6.95,2011-03,True
547061,POST,POSTAGE,1,2011-03-20 13:21:00,15.0,12407,Belgium,15.0,2011-03,True
547071,POST,POSTAGE,2,2011-03-20 13:59:00,18.0,12693,Germany,36.0,2011-03,True
547085,POST,POSTAGE,1,2011-03-20 15:41:00,18.0,12600,Germany,18.0,2011-03,True
547086,POST,POSTAGE,3,2011-03-20 15:46:00,40.0,12428,Finland,120.0,2011-03,True
547087,POST,POSTAGE,1,2011-03-20 15:58:00,18.0,12726,France,18.0,2011-03,True
547109,POST,POSTAGE,2,2011-03-21 11:46:00,15.0,12423,Belgium,30.0,2011-03,True
547248,DOT,DOTCOM POSTAGE,1,2011-03-22 09:23:00,197.33,,United Kingdom,197.33,2011-03,True
547249,DCGSSBOY,BOYS PARTY BAG,6,2011-03-22 09:27:00,3.29,,United Kingdom,19.740000000000002,2011-03,True
547249,DCGSSGIRL,GIRLS PARTY BAG,17,2011-03-22 09:27:00,3.29,,United Kingdom,55.93,2011-03,True
547249,DOT,DOTCOM POSTAGE,1,2011-03-22 09:27:00,192.43,,United Kingdom,192.43,2011-03,True
547250,DCGSSGIRL,GIRLS PARTY BAG,2,2011-03-22 09:30:00,3.29,,United Kingdom,6.58,2011-03,True
547250,DOT,DOTCOM POSTAGE,1,2011-03-22 09:30:00,253.24,,United Kingdom,253.24,2011-03,True
547327,POST,POSTAGE,3,2011-03-22 11:28:00,18.0,12681,France,54.0,2011-03,True
547365,POST,POSTAGE,1,2011-03-22 12:36:00,15.0,12775,Netherlands,15.0,2011-03,True
547379,POST,POSTAGE,6,2011-03-22 15:13:00,18.0,12720,Germany,108.0,2011-03,True
547383,POST,POSTAGE,3,2011-03-22 15:42:00,18.0,12613,Germany,54.0,2011-03,True
547384,POST,POSTAGE,1,2011-03-22 15:46:00,18.0,12613,Germany,18.0,2011-03,True
547385,DOT,DOTCOM POSTAGE,1,2011-03-22 15:48:00,110.6,,United Kingdom,110.6,2011-03,True
547386,DOT,DOTCOM POSTAGE,1,2011-03-22 15:52:00,131.22,,United Kingdom,131.22,2011-03,True
547390,POST,POSTAGE,1,2011-03-22 16:08:00,40.0,12352,Norway,40.0,2011-03,True
547398,DOT,DOTCOM POSTAGE,1,2011-03-22 16:55:00,141.42,,United Kingdom,141.42,2011-03,True
547397,DOT,DOTCOM POSTAGE,1,2011-03-22 16:55:00,146.29,,United Kingdom,146.29,2011-03,True
547399,DOT,DOTCOM POSTAGE,1,2011-03-22 16:55:00,155.25,,United Kingdom,155.25,2011-03,True
547400,DOT,DOTCOM POSTAGE,1,2011-03-22 16:56:00,116.67,,United Kingdom,116.67,2011-03,True
547412,POST,POSTAGE,1,2011-03-23 09:42:00,15.0,12399,Belgium,15.0,2011-03,True
547444,POST,POSTAGE,1,2011-03-23 10:55:00,1.0,12811,Portugal,1.0,2011-03,True
547493,POST,POSTAGE,9,2011-03-23 12:06:00,40.0,12818,Austria,360.0,2011-03,True
547492,POST,POSTAGE,1,2011-03-23 12:06:00,18.0,12604,France,18.0,2011-03,True
547504,POST,POSTAGE,8,2011-03-23 13:33:00,18.0,12683,France,144.0,2011-03,True
547517,POST,POSTAGE,3,2011-03-23 14:33:00,15.0,12395,Belgium,45.0,2011-03,True
547520,POST,POSTAGE,3,2011-03-23 14:55:00,18.0,12564,France,54.0,2011-03,True
547547,DOT,DOTCOM POSTAGE,1,2011-03-23 15:30:00,115.42,,United Kingdom,115.42,2011-03,True
547552,DOT,DOTCOM POSTAGE,1,2011-03-23 15:55:00,169.29,,United Kingdom,169.29,2011-03,True
547551,DOT,DOTCOM POSTAGE,1,2011-03-23 15:55:00,128.25,,United Kingdom,128.25,2011-03,True
547566,POST,POSTAGE,1,2011-03-24 09:42:00,27.0,12811,Portugal,27.0,2011-03,True
547571,C2,CARRIAGE,1,2011-03-24 09:52:00,50.0,16265,United Kingdom,50.0,2011-03,True
547645,POST,POSTAGE,1,2011-03-24 11:40:00,40.0,12676,Sweden,40.0,2011-03,True
547684,POST,POSTAGE,5,2011-03-24 14:46:00,15.0,12408,Belgium,75.0,2011-03,True
547702,C2,CARRIAGE,1,2011-03-24 16:45:00,50.0,14911,EIRE,50.0,2011-03,True
547703,POST,POSTAGE,8,2011-03-24 17:10:00,28.0,12540,Spain,224.0,2011-03,True
547715,POST,POSTAGE,2,2011-03-25 08:50:00,18.0,12520,Germany,36.0,2011-03,True
547722,POST,POSTAGE,3,2011-03-25 10:19:00,18.0,12553,France,54.0,2011-03,True
547788,DOT,DOTCOM POSTAGE,1,2011-03-25 12:00:00,175.28,,United Kingdom,175.28,2011-03,True
547790,POST,POSTAGE,3,2011-03-25 12:04:00,28.0,12545,Spain,84.0,2011-03,True
547796,POST,POSTAGE,9,2011-03-25 12:34:00,15.0,14646,Netherlands,135.0,2011-03,True
547810,M,MANUAL,1,2011-03-25 14:00:00,0.85,,United Kingdom,0.85,2011-03,True
547815,POST,POSTAGE,1,2011-03-25 14:19:00,40.0,13520,Switzerland,40.0,2011-03,True
547821,POST,POSTAGE,4,2011-03-25 14:50:00,18.0,12621,Germany,72.0,2011-03,True
547822,POST,POSTAGE,16,2011-03-25 14:53:00,18.0,12668,Germany,288.0,2011-03,True
547825,POST,POSTAGE,1,2011-03-25 15:01:00,15.0,12778,Netherlands,15.0,2011-03,True
547830,DOT,DOTCOM POSTAGE,1,2011-03-25 15:50:00,220.71,,United Kingdom,220.71,2011-03,True
547863,POST,POSTAGE,2,2011-03-27 13:07:00,18.0,12728,France,36.0,2011-03,True
547873,M,MANUAL,1,2011-03-27 15:33:00,14.95,13240,United Kingdom,14.95,2011-03,True
547882,C2,CARRIAGE,1,2011-03-28 07:53:00,50.0,14911,EIRE,50.0,2011-03,True
547888,C2,CARRIAGE,1,2011-03-28 09:59:00,50.0,13368,United Kingdom,50.0,2011-03,True
547892,POST,POSTAGE,6,2011-03-28 10:15:00,18.0,12669,France,108.0,2011-03,True
547897,POST,POSTAGE,2,2011-03-28 11:36:00,28.0,12792,Portugal,56.0,2011-03,True
C547899,POST,POSTAGE,-1,2011-03-28 11:51:00,55.89,,United Kingdom,-55.89,2011-03,True
C547899,M,MANUAL,-1,2011-03-28 11:51:00,1486.12,,United Kingdom,-1486.12,2011-03,True
547901,AMAZONFEE,AMAZON FEE,1,2011-03-28 11:57:00,219.76,,United Kingdom,219.76,2011-03,True
C547904,AMAZONFEE,AMAZON FEE,-1,2011-03-28 12:02:00,219.76,,United Kingdom,-219.76,2011-03,True
C547905,POST,POSTAGE,-1,2011-03-28 12:10:00,18.66,,United Kingdom,-18.66,2011-03,True
C547905,M,MANUAL,-1,2011-03-28 12:10:00,416.75,,United Kingdom,-416.75,2011-03,True
547906,M,MANUAL,2,2011-03-28 12:13:00,0.5,14410,United Kingdom,1.0,2011-03,True
C547908,M,MANUAL,-1,2011-03-28 12:18:00,646.46,,United Kingdom,-646.46,2011-03,True
C547908,POST,POSTAGE,-1,2011-03-28 12:18:00,38.45,,United Kingdom,-38.45,2011-03,True
C547913,POST,POSTAGE,-1,2011-03-28 12:34:00,13.39,,United Kingdom,-13.39,2011-03,True
C547913,M,MANUAL,-1,2011-03-28 12:34:00,325.0,,United Kingdom,-325.0,2011-03,True
547914,POST,POSTAGE,1,2011-03-28 12:35:00,18.0,12594,Italy,18.0,2011-03,True
C547915,POST,POSTAGE,-1,2011-03-28 12:37:00,29.7,,United Kingdom,-29.7,2011-03,True
C547915,M,MANUAL,-1,2011-03-28 12:37:00,165.29,,United Kingdom,-165.29,2011-03,True
547925,POST,POSTAGE,4,2011-03-28 13:57:00,18.0,12481,Germany,72.0,2011-03,True
C547930,POST,POSTAGE,-1,2011-03-28 14:00:00,18.0,12594,Italy,-18.0,2011-03,True
547931,POST,POSTAGE,1,2011-03-28 14:01:00,28.0,12594,Italy,28.0,2011-03,True
547934,POST,POSTAGE,1,2011-03-28 14:07:00,18.0,12474,Germany,18.0,2011-03,True
547941,POST,POSTAGE,1,2011-03-28 14:46:00,150.0,16692,United Kingdom,150.0,2011-03,True
547964,DOT,DOTCOM POSTAGE,1,2011-03-28 15:45:00,184.6,,United Kingdom,184.6,2011-03,True
547967,DOT,DOTCOM POSTAGE,1,2011-03-28 15:49:00,229.79,,United Kingdom,229.79,2011-03,True
547993,C2,CARRIAGE,1,2011-03-29 09:59:00,50.0,,EIRE,50.0,2011-03,True
548163,DOT,DOTCOM POSTAGE,1,2011-03-29 13:43:00,231.79,,United Kingdom,231.79,2011-03,True
548165,DOT,DOTCOM POSTAGE,1,2011-03-29 13:44:00,142.83,,United Kingdom,142.83,2011-03,True
548164,DOT,DOTCOM POSTAGE,1,2011-03-29 13:44:00,173.42,,United Kingdom,173.42,2011-03,True
548166,DOT,DOTCOM POSTAGE,1,2011-03-29 13:45:00,180.17,,United Kingdom,180.17,2011-03,True
548167,DOT,DOTCOM POSTAGE,1,2011-03-29 13:45:00,181.88,,United Kingdom,181.88,2011-03,True
548168,DOT,DOTCOM POSTAGE,1,2011-03-29 13:46:00,144.75,,United Kingdom,144.75,2011-03,True
548191,DOT,DOTCOM POSTAGE,1,2011-03-29 15:20:00,23.53,,United Kingdom,23.53,2011-03,True
548194,DOT,DOTCOM POSTAGE,1,2011-03-29 15:30:00,226.92,,United Kingdom,226.92,2011-03,True
548203,M,MANUAL,1,2011-03-29 16:41:00,238.12,,United Kingdom,238.12,2011-03,True
548212,POST,POSTAGE,4,2011-03-30 09:12:00,40.0,12456,Switzerland,160.0,2011-03,True
548219,POST,POSTAGE,1,2011-03-30 09:46:00,3.95,,United Kingdom,3.95,2011-03,True
548320,POST,POSTAGE,2,2011-03-30 12:54:00,18.0,12709,Germany,36.0,2011-03,True
548327,M,MANUAL,1,2011-03-30 13:05:00,1.65,16788,United Kingdom,1.65,2011-03,True
C548350,POST,POSTAGE,-1,2011-03-30 14:49:00,2.7,15648,United Kingdom,-2.7,2011-03,True
548363,POST,POSTAGE,10,2011-03-30 15:48:00,40.0,12428,Finland,400.0,2011-03,True
548373,DOT,DOTCOM POSTAGE,1,2011-03-30 16:34:00,299.76,,United Kingdom,299.76,2011-03,True
C548411,D,DISCOUNT,-1,2011-03-31 10:36:00,162.24,13316,United Kingdom,-162.24,2011-03,True
548412,POST,POSTAGE,1,2011-03-31 10:38:00,18.0,12601,Germany,18.0,2011-03,True
548449,C2,CARRIAGE,1,2011-03-31 11:08:00,50.0,14911,EIRE,50.0,2011-03,True
C548454,M,MANUAL,-1,2011-03-31 11:42:00,5.7,16422,United Kingdom,-5.7,2011-03,True
C548454,M,MANUAL,-1,2011-03-31 11:42:00,7.88,16422,United Kingdom,-7.88,2011-03,True
C548454,M,MANUAL,-1,2011-03-31 11:42:00,0.22,16422,United Kingdom,-0.22,2011-03,True
C548454,M,MANUAL,-1,2011-03-31 11:42:00,57.6,16422,United Kingdom,-57.6,2011-03,True
C548456,M,MANUAL,-1,2011-03-31 11:49:00,57.6,16422,United Kingdom,-57.6,2011-03,True
548461,M,MANUAL,2,2011-03-31 12:08:00,0.5,14527,United Kingdom,1.0,2011-03,True
C548462,D,DISCOUNT,-1,2011-03-31 12:11:00,14.52,14527,United Kingdom,-14.52,2011-03,True
C548469,M,MANUAL,-1,2011-03-31 12:32:00,12.75,14543,United Kingdom,-12.75,2011-03,True
C548469,M,MANUAL,-2,2011-03-31 12:32:00,10.95,14543,United Kingdom,-21.9,2011-03,True
548470,POST,POSTAGE,2,2011-03-31 12:36:00,28.0,12782,Portugal,56.0,2011-03,True
548504,DOT,DOTCOM POSTAGE,1,2011-03-31 14:33:00,274.75,,United Kingdom,274.75,2011-03,True
548505,DOT,DOTCOM POSTAGE,1,2011-03-31 14:34:00,236.88,,United Kingdom,236.88,2011-03,True
548514,DOT,DOTCOM POSTAGE,1,2011-03-31 16:03:00,282.88,,United Kingdom,282.88,2011-03,True
548515,M,MANUAL,3,2011-03-31 16:19:00,0.65,,United Kingdom,1.9500000000000002,2011-03,True
548516,DOT,DOTCOM POSTAGE,1,2011-03-31 16:28:00,197.3,,United Kingdom,197.3,2011-03,True
548522,DOT,DOTCOM POSTAGE,1,2011-03-31 16:43:00,290.59,,United Kingdom,290.59,2011-03,True
C548543,M,MANUAL,-12,2011-03-31 18:44:00,3.75,14525,United Kingdom,-45.0,2011-03,True
548568,M,MANUAL,1,2011-04-01 10:43:00,12.75,14543,United Kingdom,12.75,2011-04,True
548568,M,MANUAL,2,2011-04-01 10:43:00,10.95,14543,United Kingdom,21.9,2011-04,True
548621,M,MANUAL,3,2011-04-01 11:54:00,0.65,16960,United Kingdom,1.9500000000000002,2011-04,True
548631,M,MANUAL,1,2011-04-01 12:24:00,1.0,13184,United Kingdom,1.0,2011-04,True
548654,POST,POSTAGE,7,2011-04-01 13:47:00,18.0,12569,Germany,126.0,2011-04,True
548661,POST,POSTAGE,1,2011-04-01 14:28:00,350.0,12415,Australia,350.0,2011-04,True
548663,DOT,DOTCOM POSTAGE,1,2011-04-01 14:44:00,244.46,,United Kingdom,244.46,2011-04,True
548725,POST,POSTAGE,1,2011-04-04 09:08:00,134.0,12678,France,134.0,2011-04,True
548737,POST,POSTAGE,4,2011-04-04 11:18:00,18.0,12682,France,72.0,2011-04,True
548745,POST,POSTAGE,3,2011-04-04 12:10:00,18.0,12471,Germany,54.0,2011-04,True
548813,M,MANUAL,1,2011-04-04 13:03:00,162.6,12744,Singapore,162.6,2011-04,True
548813,M,MANUAL,1,2011-04-04 13:03:00,2382.92,12744,Singapore,2382.92,2011-04,True
548813,M,MANUAL,1,2011-04-04 13:03:00,239.3,12744,Singapore,239.3,2011-04,True
548813,M,MANUAL,1,2011-04-04 13:03:00,1252.95,12744,Singapore,1252.95,2011-04,True
548820,M,MANUAL,1,2011-04-04 13:04:00,2053.07,12744,Singapore,2053.07,2011-04,True
C548830,M,MANUAL,-1,2011-04-04 13:08:00,162.6,12744,Singapore,-162.6,2011-04,True
C548830,M,MANUAL,-1,2011-04-04 13:08:00,2382.92,12744,Singapore,-2382.92,2011-04,True
C548830,M,MANUAL,-1,2011-04-04 13:08:00,239.3,12744,Singapore,-239.3,2011-04,True
C548830,M,MANUAL,-1,2011-04-04 13:08:00,1252.95,12744,Singapore,-1252.95,2011-04,True
C548834,M,MANUAL,-1,2011-04-04 13:09:00,2053.07,12744,Singapore,-2053.07,2011-04,True
548858,C2,CARRIAGE,1,2011-04-04 13:29:00,50.0,14911,EIRE,50.0,2011-04,True
548860,M,MANUAL,1,2011-04-04 13:38:00,2.0,13263,United Kingdom,2.0,2011-04,True
548893,gift_0001_40,DOTCOMGIFTSHOP GIFT VOUCHER £40.00,1,2011-04-04 15:54:00,33.33,,United Kingdom,33.33,2011-04,True
548893,DOT,DOTCOM POSTAGE,1,2011-04-04 15:54:00,336.52,,United Kingdom,336.52,2011-04,True
548894,DOT,DOTCOM POSTAGE,1,2011-04-04 16:01:00,278.92,,United Kingdom,278.92,2011-04,True
548913,M,MANUAL,1,2011-04-05 09:45:00,1136.3,12669,France,1136.3,2011-04,True
C548914,M,MANUAL,-1,2011-04-05 09:46:00,1136.3,12669,France,-1136.3,2011-04,True
548955,POST,POSTAGE,1,2011-04-05 10:47:00,40.0,12348,Finland,40.0,2011-04,True
549023,DOT,DOTCOM POSTAGE,1,2011-04-05 16:27:00,185.28,,United Kingdom,185.28,2011-04,True
549155,DOT,DOTCOM POSTAGE,1,2011-04-06 17:08:00,187.21,,United Kingdom,187.21,2011-04,True
C549184,POST,POSTAGE,-1,2011-04-07 09:28:00,40.0,12428,Finland,-40.0,2011-04,True
549193,POST,POSTAGE,2,2011-04-07 10:24:00,18.0,12580,Germany,36.0,2011-04,True
549242,C2,CARRIAGE,1,2011-04-07 11:41:00,50.0,14911,EIRE,50.0,2011-04,True
549245,M,MANUAL,2,2011-04-07 11:59:00,0.85,15005,United Kingdom,1.7,2011-04,True
549249,POST,POSTAGE,2,2011-04-07 12:04:00,15.0,12423,Belgium,30.0,2011-04,True
549274,POST,POSTAGE,3,2011-04-07 13:07:00,18.0,12721,France,54.0,2011-04,True
549295,DOT,DOTCOM POSTAGE,1,2011-04-07 19:49:00,252.57,,United Kingdom,252.57,2011-04,True
549325,POST,POSTAGE,2,2011-04-08 10:32:00,50.0,12717,Greece,100.0,2011-04,True
549434,POST,POSTAGE,4,2011-04-08 12:30:00,18.0,12647,Germany,72.0,2011-04,True
C549452,D,DISCOUNT,-1,2011-04-08 14:17:00,1867.86,17940,United Kingdom,-1867.86,2011-04,True
549468,M,MANUAL,1,2011-04-08 14:27:00,1867.86,17940,United Kingdom,1867.86,2011-04,True
549524,DCGSSGIRL,GIRLS PARTY BAG,1,2011-04-08 15:42:00,3.29,,United Kingdom,3.29,2011-04,True
549524,DOT,DOTCOM POSTAGE,1,2011-04-08 15:42:00,183.2,,United Kingdom,183.2,2011-04,True
549525,DOT,DOTCOM POSTAGE,1,2011-04-08 15:44:00,134.66,,United Kingdom,134.66,2011-04,True
C549532,POST,POSTAGE,-1,2011-04-08 17:07:00,7.06,16217,United Kingdom,-7.06,2011-04,True
549559,POST,POSTAGE,3,2011-04-10 13:25:00,15.0,12447,Belgium,45.0,2011-04,True
549588,POST,POSTAGE,3,2011-04-11 10:04:00,40.0,12428,Finland,120.0,2011-04,True
549680,POST,POSTAGE,2,2011-04-11 13:02:00,18.0,12701,Germany,36.0,2011-04,True
549682,POST,POSTAGE,2,2011-04-11 13:22:00,28.0,12596,Spain,56.0,2011-04,True
549684,S,SAMPLES,1,2011-04-11 13:24:00,30.0,,United Kingdom,30.0,2011-04,True
549689,POST,POSTAGE,1,2011-04-11 13:40:00,4.95,15971,United Kingdom,4.95,2011-04,True
549717,BANK CHARGES,BANK CHARGES,1,2011-04-11 14:56:00,15.0,14606,United Kingdom,15.0,2011-04,True
549721,C2,CARRIAGE,1,2011-04-11 15:35:00,50.0,14911,EIRE,50.0,2011-04,True
549730,M,MANUAL,1,2011-04-11 16:35:00,1.5,15867,United Kingdom,1.5,2011-04,True
549739,M,MANUAL,1,2011-04-12 09:35:00,308.82,15935,United Kingdom,308.82,2011-04,True
549825,POST,POSTAGE,2,2011-04-12 12:47:00,18.0,12463,Belgium,36.0,2011-04,True
C549827,POST,POSTAGE,-2,2011-04-12 12:55:00,3.0,12463,Belgium,-6.0,2011-04,True
549914,C2,CARRIAGE,1,2011-04-13 09:32:00,50.0,14931,Channel Islands,50.0,2011-04,True
C549930,M,MANUAL,-1,2011-04-13 10:36:00,15.05,16454,United Kingdom,-15.05,2011-04,True
C549931,M,MANUAL,-1,2011-04-13 10:40:00,97.35,,United Kingdom,-97.35,2011-04,True
C549945,POST,POSTAGE,-1,2011-04-13 12:39:00,5.95,18270,United Kingdom,-5.95,2011-04,True
549981,M,MANUAL,6,2011-04-13 15:49:00,0.39,16348,United Kingdom,2.34,2011-04,True
549989,M,MANUAL,1,2011-04-13 16:58:00,2.55,13221,United Kingdom,2.55,2011-04,True
550002,POST,POSTAGE,1,2011-04-14 09:30:00,18.0,12709,Germany,18.0,2011-04,True
550004,POST,POSTAGE,4,2011-04-14 09:56:00,18.0,12569,Germany,72.0,2011-04,True
C550009,M,MANUAL,-1,2011-04-14 10:24:00,57.6,16422,United Kingdom,-57.6,2011-04,True
550145,POST,POSTAGE,3,2011-04-14 14:15:00,18.0,12637,France,54.0,2011-04,True
C550147,POST,POSTAGE,-3,2011-04-14 14:23:00,18.0,12637,France,-54.0,2011-04,True
550162,POST,POSTAGE,2,2011-04-14 16:23:00,18.0,12569,Germany,36.0,2011-04,True
550178,POST,POSTAGE,2,2011-04-14 17:25:00,18.0,12662,Germany,36.0,2011-04,True
550187,POST,POSTAGE,2,2011-04-14 18:40:00,18.0,13811,Germany,36.0,2011-04,True
550188,POST,POSTAGE,3,2011-04-14 18:57:00,40.0,12457,Switzerland,120.0,2011-04,True
550192,POST,POSTAGE,3,2011-04-15 08:45:00,40.0,12582,Finland,120.0,2011-04,True
550193,PADS,PADS TO MATCH ALL CUSHIONS,1,2011-04-15 09:27:00,0.001,13952,United Kingdom,0.001,2011-04,True
550203,DOT,DOTCOM POSTAGE,1,2011-04-15 10:37:00,77.96,,United Kingdom,77.96,2011-04,True
550204,DOT,DOTCOM POSTAGE,1,2011-04-15 10:37:00,74.75,,United Kingdom,74.75,2011-04,True
550205,DOT,DOTCOM POSTAGE,1,2011-04-15 10:37:00,137.08,,United Kingdom,137.08,2011-04,True
550206,DOT,DOTCOM POSTAGE,1,2011-04-15 10:38:00,155.33,,United Kingdom,155.33,2011-04,True
550207,DOT,DOTCOM POSTAGE,1,2011-04-15 10:38:00,145.46,,United Kingdom,145.46,2011-04,True
550208,DOT,DOTCOM POSTAGE,1,2011-04-15 10:39:00,210.42,,United Kingdom,210.42,2011-04,True
550209,DOT,DOTCOM POSTAGE,1,2011-04-15 10:39:00,164.33,,United Kingdom,164.33,2011-04,True
550210,DOT,DOTCOM POSTAGE,1,2011-04-15 10:40:00,202.42,,United Kingdom,202.42,2011-04,True
550212,DOT,DOTCOM POSTAGE,1,2011-04-15 10:41:00,106.04,,United Kingdom,106.04,2011-04,True
550211,DOT,DOTCOM POSTAGE,1,2011-04-15 10:41:00,110.92,,United Kingdom,110.92,2011-04,True
550213,DOT,DOTCOM POSTAGE,1,2011-04-15 10:42:00,105.21,,United Kingdom,105.21,2011-04,True
550214,DOT,DOTCOM POSTAGE,1,2011-04-15 10:43:00,175.13,,United Kingdom,175.13,2011-04,True
550215,DOT,DOTCOM POSTAGE,1,2011-04-15 10:43:00,213.08,,United Kingdom,213.08,2011-04,True
550277,POST,POSTAGE,3,2011-04-15 12:48:00,40.0,12639,Sweden,120.0,2011-04,True
550281,POST,POSTAGE,1,2011-04-15 13:48:00,40.0,12457,Switzerland,40.0,2011-04,True
550284,POST,POSTAGE,1,2011-04-15 14:10:00,15.0,12383,Belgium,15.0,2011-04,True
550302,C2,CARRIAGE,1,2011-04-17 10:17:00,50.0,14156,EIRE,50.0,2011-04,True
550313,POST,POSTAGE,2,2011-04-17 11:21:00,18.0,12681,France,36.0,2011-04,True
550354,M,MANUAL,1,2011-04-18 10:28:00,222.75,13811,Germany,222.75,2011-04,True
C550355,M,MANUAL,-1,2011-04-18 10:29:00,222.75,13811,Germany,-222.75,2011-04,True
C550365,POST,POSTAGE,-1,2011-04-18 11:31:00,11.0,12731,France,-11.0,2011-04,True
550440,POST,POSTAGE,2,2011-04-18 12:25:00,15.0,12407,Belgium,30.0,2011-04,True
550458,DCGSSBOY,BOYS PARTY BAG,1,2011-04-18 13:13:00,3.29,,United Kingdom,3.29,2011-04,True
550458,DOT,DOTCOM POSTAGE,1,2011-04-18 13:13:00,156.45,,United Kingdom,156.45,2011-04,True
550469,M,MANUAL,18,2011-04-18 13:46:00,0.1,16399,United Kingdom,1.8,2011-04,True
550470,DOT,DOTCOM POSTAGE,1,2011-04-18 13:49:00,2.29,,United Kingdom,2.29,2011-04,True
550471,DOT,DOTCOM POSTAGE,1,2011-04-18 13:52:00,28.66,,United Kingdom,28.66,2011-04,True
550474,gift_0001_20,DOTCOMGIFTSHOP GIFT VOUCHER £20.00,2,2011-04-18 13:58:00,16.67,,United Kingdom,33.34,2011-04,True
550474,DOT,DOTCOM POSTAGE,1,2011-04-18 13:58:00,46.86,,United Kingdom,46.86,2011-04,True
550488,M,MANUAL,4,2011-04-18 14:27:00,0.83,16729,United Kingdom,3.32,2011-04,True
550496,DOT,DOTCOM POSTAGE,1,2011-04-18 15:05:00,84.21,,United Kingdom,84.21,2011-04,True
550499,DOT,DOTCOM POSTAGE,1,2011-04-18 15:16:00,148.67,,United Kingdom,148.67,2011-04,True
550500,DOT,DOTCOM POSTAGE,1,2011-04-18 15:26:00,222.02,,United Kingdom,222.02,2011-04,True
550513,M,MANUAL,1,2011-04-18 16:37:00,7.95,16928,United Kingdom,7.95,2011-04,True
550527,POST,POSTAGE,11,2011-04-19 10:48:00,18.0,12476,Germany,198.0,2011-04,True
C550529,M,MANUAL,-1,2011-04-19 10:49:00,158.21,18102,United Kingdom,-158.21,2011-04,True
C550540,POST,POSTAGE,-1,2011-04-19 11:31:00,3.82,14339,United Kingdom,-3.82,2011-04,True
550541,DOT,DOTCOM POSTAGE,1,2011-04-19 11:33:00,187.1,,United Kingdom,187.1,2011-04,True
550542,gift_0001_10,DOTCOMGIFTSHOP GIFT VOUCHER £10.00,1,2011-04-19 11:37:00,8.33,,United Kingdom,8.33,2011-04,True
550542,gift_0001_20,DOTCOMGIFTSHOP GIFT VOUCHER £20.00,1,2011-04-19 11:37:00,16.67,,United Kingdom,16.67,2011-04,True
550542,DOT,DOTCOM POSTAGE,1,2011-04-19 11:37:00,176.52,,United Kingdom,176.52,2011-04,True
550617,C2,CARRIAGE,1,2011-04-19 13:03:00,50.0,13376,United Kingdom,50.0,2011-04,True
550618,C2,CARRIAGE,1,2011-04-19 13:09:00,50.0,14156,EIRE,50.0,2011-04,True
550620,POST,POSTAGE,6,2011-04-19 13:39:00,18.0,12585,Germany,108.0,2011-04,True
550625,POST,POSTAGE,2,2011-04-19 14:02:00,18.0,12619,Germany,36.0,2011-04,True
550633,M,MANUAL,1,2011-04-19 14:57:00,3.0,17449,United Kingdom,3.0,2011-04,True
550636,DOT,DOTCOM POSTAGE,1,2011-04-19 15:37:00,149.67,,United Kingdom,149.67,2011-04,True
550638,DOT,DOTCOM POSTAGE,1,2011-04-19 15:44:00,192.67,,United Kingdom,192.67,2011-04,True
550661,POST,POSTAGE,4,2011-04-20 09:20:00,18.0,12656,France,72.0,2011-04,True
550665,POST,POSTAGE,2,2011-04-20 09:31:00,18.0,12530,Germany,36.0,2011-04,True
C550787,POST,POSTAGE,-1,2011-04-20 14:08:00,21.78,17450,United Kingdom,-21.78,2011-04,True
C550787,POST,POSTAGE,-1,2011-04-20 14:08:00,3.96,17450,United Kingdom,-3.96,2011-04,True
550827,POST,POSTAGE,3,2011-04-21 10:16:00,18.0,12670,France,54.0,2011-04,True
550899,POST,POSTAGE,4,2011-04-21 12:07:00,40.0,13505,Switzerland,160.0,2011-04,True
550924,POST,POSTAGE,1,2011-04-21 14:33:00,40.0,12664,Finland,40.0,2011-04,True
C550932,BANK CHARGES,BANK CHARGES,-1,2011-04-21 15:12:00,475.69,,United Kingdom,-475.69,2011-04,True
C550933,M,MANUAL,-1,2011-04-21 15:13:00,678.03,,United Kingdom,-678.03,2011-04,True
C550935,M,MANUAL,-1,2011-04-21 15:15:00,194.97,,United Kingdom,-194.97,2011-04,True
550946,POST,POSTAGE,1,2011-04-21 15:52:00,18.0,12708,Germany,18.0,2011-04,True
550953,DOT,DOTCOM POSTAGE,1,2011-04-21 16:17:00,283.0,,United Kingdom,283.0,2011-04,True
550957,M,MANUAL,1,2011-04-21 16:37:00,1.95,18283,United Kingdom,1.95,2011-04,True
550960,POST,POSTAGE,1,2011-04-21 16:39:00,18.0,12622,Germany,18.0,2011-04,True
550986,DOT,DOTCOM POSTAGE,1,2011-04-21 18:06:00,221.16,,United Kingdom,221.16,2011-04,True
550987,DOT,DOTCOM POSTAGE,1,2011-04-21 18:10:00,163.83,,United Kingdom,163.83,2011-04,True
550998,POST,POSTAGE,1,2011-04-26 09:12:00,40.0,12414,Austria,40.0,2011-04,True
551004,DOT,DOTCOM POSTAGE,1,2011-04-26 09:48:00,176.71,,United Kingdom,176.71,2011-04,True
551006,DOT,DOTCOM POSTAGE,1,2011-04-26 09:48:00,138.08,,United Kingdom,138.08,2011-04,True
551005,DOT,DOTCOM POSTAGE,1,2011-04-26 09:48:00,172.63,,United Kingdom,172.63,2011-04,True
551007,DOT,DOTCOM POSTAGE,1,2011-04-26 09:49:00,125.88,,United Kingdom,125.88,2011-04,True
551008,DOT,DOTCOM POSTAGE,1,2011-04-26 09:50:00,122.5,,United Kingdom,122.5,2011-04,True
551009,DOT,DOTCOM POSTAGE,1,2011-04-26 09:50:00,264.0,,United Kingdom,264.0,2011-04,True
551010,DOT,DOTCOM POSTAGE,1,2011-04-26 09:52:00,119.13,,United Kingdom,119.13,2011-04,True
551013,POST,POSTAGE,2,2011-04-26 10:54:00,18.0,15108,European Community,36.0,2011-04,True
551016,M,MANUAL,2,2011-04-26 11:09:00,1.65,17975,United Kingdom,3.3,2011-04,True
551054,POST,POSTAGE,2,2011-04-26 11:44:00,28.0,12429,Austria,56.0,2011-04,True
551173,DOT,DOTCOM POSTAGE,1,2011-04-26 16:54:00,133.64,,United Kingdom,133.64,2011-04,True
551174,DOT,DOTCOM POSTAGE,1,2011-04-26 17:02:00,111.73,,United Kingdom,111.73,2011-04,True
C551179,M,MANUAL,-15,2011-04-26 17:29:00,0.24,16422,United Kingdom,-3.5999999999999996,2011-04,True
551187,C2,CARRIAGE,1,2011-04-27 10:02:00,50.0,14911,EIRE,50.0,2011-04,True
C551190,D,DISCOUNT,-1,2011-04-27 10:22:00,120.0,17940,United Kingdom,-120.0,2011-04,True
551258,POST,POSTAGE,8,2011-04-27 12:02:00,18.0,12621,Germany,144.0,2011-04,True
C551265,D,DISCOUNT,-1,2011-04-27 12:06:00,11.76,14527,United Kingdom,-11.76,2011-04,True
551268,M,MANUAL,48,2011-04-27 12:08:00,0.19,16965,United Kingdom,9.120000000000001,2011-04,True
551270,M,MANUAL,1,2011-04-27 12:35:00,2.55,15891,United Kingdom,2.55,2011-04,True
551277,M,MANUAL,1,2011-04-27 13:06:00,1.25,13637,United Kingdom,1.25,2011-04,True
551278,POST,POSTAGE,1,2011-04-27 13:13:00,40.0,12483,Sweden,40.0,2011-04,True
551339,DOT,DOTCOM POSTAGE,1,2011-04-27 17:18:00,102.5,,United Kingdom,102.5,2011-04,True
551340,DCGS0004,HAYNES CAMPER SHOULDER BAG,1,2011-04-27 17:23:00,16.63,,United Kingdom,16.63,2011-04,True
551340,DOT,DOTCOM POSTAGE,1,2011-04-27 17:23:00,181.34,,United Kingdom,181.34,2011-04,True
551345,POST,POSTAGE,6,2011-04-28 09:03:00,15.0,14646,Netherlands,90.0,2011-04,True
551346,POST,POSTAGE,3,2011-04-28 09:12:00,15.0,12362,Belgium,45.0,2011-04,True
C551386,M,MANUAL,-1,2011-04-28 11:38:00,1.01,16422,United Kingdom,-1.01,2011-04,True
551389,POST,POSTAGE,1,2011-04-28 11:45:00,18.0,12437,France,18.0,2011-04,True
551398,POST,POSTAGE,3,2011-04-28 13:09:00,28.0,12417,Spain,84.0,2011-04,True
551419,M,MANUAL,1,2011-04-28 13:51:00,400.0,12748,United Kingdom,400.0,2011-04,True
551467,POST,POSTAGE,1,2011-04-28 16:20:00,18.0,12600,Germany,18.0,2011-04,True
551468,DOT,DOTCOM POSTAGE,1,2011-04-28 16:21:00,143.18,,United Kingdom,143.18,2011-04,True
C551526,M,MANUAL,-1,2011-05-01 12:38:00,1.95,16401,United Kingdom,-1.95,2011-05,True
551529,POST,POSTAGE,8,2011-05-01 13:18:00,18.0,12524,Germany,144.0,2011-05,True
551544,POST,POSTAGE,4,2011-05-03 09:33:00,18.0,12683,France,72.0,2011-05,True
C551551,M,MANUAL,-1,2011-05-03 10:08:00,0.29,17841,United Kingdom,-0.29,2011-05,True
551552,POST,POSTAGE,2,2011-05-03 10:09:00,18.0,12598,France,36.0,2011-05,True
551649,POST,POSTAGE,2,2011-05-03 12:02:00,20.0,12643,France,40.0,2011-05,True
551652,POST,POSTAGE,2,2011-05-03 12:03:00,1.0,12643,France,2.0,2011-05,True
C551685,POST,POSTAGE,-1,2011-05-03 12:51:00,8142.75,16029,United Kingdom,-8142.75,2011-05,True
551697,POST,POSTAGE,1,2011-05-03 13:46:00,8142.75,16029,United Kingdom,8142.75,2011-05,True
C551699,M,MANUAL,-1,2011-05-03 14:12:00,6930.0,16029,United Kingdom,-6930.0,2011-05,True
551714,M,MANUAL,1,2011-05-03 15:15:00,25.95,16806,United Kingdom,25.95,2011-05,True
551718,DOT,DOTCOM POSTAGE,1,2011-05-03 16:06:00,160.37,,United Kingdom,160.37,2011-05,True
551719,DOT,DOTCOM POSTAGE,1,2011-05-03 16:09:00,178.12,,United Kingdom,178.12,2011-05,True
551818,POST,POSTAGE,4,2011-05-04 11:57:00,18.0,12569,Germany,72.0,2011-05,True
551820,POST,POSTAGE,2,2011-05-04 12:11:00,18.0,12645,Germany,36.0,2011-05,True
551868,POST,POSTAGE,8,2011-05-04 16:29:00,28.0,12540,Spain,224.0,2011-05,True
551886,POST,POSTAGE,1,2011-05-05 09:23:00,18.0,12569,Germany,18.0,2011-05,True
551887,POST,POSTAGE,2,2011-05-05 09:29:00,18.0,12593,France,36.0,2011-05,True
551945,BANK CHARGES,BANK CHARGES,1,2011-05-05 11:09:00,15.0,16714,United Kingdom,15.0,2011-05,True
551950,C2,CARRIAGE,1,2011-05-05 11:38:00,50.0,14911,EIRE,50.0,2011-05,True
551982,M,MANUAL,3,2011-05-05 13:56:00,2.1,15023,United Kingdom,6.300000000000001,2011-05,True
551985,POST,POSTAGE,1,2011-05-05 14:38:00,15.0,12395,Belgium,15.0,2011-05,True
551995,DCGS0003,BOXED GLASS ASHTRAY,1,2011-05-05 15:42:00,2.46,,United Kingdom,2.46,2011-05,True
551995,DOT,DOTCOM POSTAGE,1,2011-05-05 15:42:00,55.64,,United Kingdom,55.64,2011-05,True
551997,DCGSSGIRL,GIRLS PARTY BAG,2,2011-05-05 15:47:00,3.29,,United Kingdom,6.58,2011-05,True
551997,DOT,DOTCOM POSTAGE,1,2011-05-05 15:47:00,43.57,,United Kingdom,43.57,2011-05,True
552000,DOT,DOTCOM POSTAGE,1,2011-05-05 15:56:00,49.62,,United Kingdom,49.62,2011-05,True
552008,POST,POSTAGE,4,2011-05-05 17:13:00,18.0,12476,Germany,72.0,2011-05,True
552040,POST,POSTAGE,4,2011-05-06 08:19:00,28.0,12502,Spain,112.0,2011-05,True
552188,POST,POSTAGE,2,2011-05-06 14:01:00,15.0,12394,Belgium,30.0,2011-05,True
552202,POST,POSTAGE,1,2011-05-06 14:51:00,40.0,12414,Austria,40.0,2011-05,True
C552203,M,MANUAL,-1,2011-05-06 14:56:00,189.44,,United Kingdom,-189.44,2011-05,True
552229,DOT,DOTCOM POSTAGE,1,2011-05-06 15:40:00,21.74,,United Kingdom,21.74,2011-05,True
552230,DOT,DOTCOM POSTAGE,1,2011-05-06 15:43:00,0.0,,United Kingdom,0.0,2011-05,True
552232,gift_0001_50,DOTCOMGIFTSHOP GIFT VOUCHER £50.00,1,2011-05-06 15:54:00,41.67,,United Kingdom,41.67,2011-05,True
552232,DOT,DOTCOM POSTAGE,1,2011-05-06 15:54:00,36.71,,United Kingdom,36.71,2011-05,True
552234,DCGSSBOY,BOYS PARTY BAG,7,2011-05-06 16:01:00,3.29,,United Kingdom,23.03,2011-05,True
552234,DCGSSGIRL,GIRLS PARTY BAG,2,2011-05-06 16:01:00,3.29,,United Kingdom,6.58,2011-05,True
552234,DOT,DOTCOM POSTAGE,1,2011-05-06 16:01:00,174.24,,United Kingdom,174.24,2011-05,True
552259,M,MANUAL,1,2011-05-08 11:13:00,1.0,15796,United Kingdom,1.0,2011-05,True
552315,POST,POSTAGE,6,2011-05-08 16:10:00,18.0,12700,France,108.0,2011-05,True
C552317,POST,POSTAGE,-2,2011-05-08 16:12:00,18.0,12700,France,-36.0,2011-05,True
552325,POST,POSTAGE,2,2011-05-09 09:47:00,18.0,12490,France,36.0,2011-05,True
552337,POST,POSTAGE,3,2011-05-09 11:34:00,18.0,12621,Germany,54.0,2011-05,True
C552343,M,MANUAL,-1,2011-05-09 12:09:00,125.0,15521,United Kingdom,-125.0,2011-05,True
C552423,D,DISCOUNT,-1,2011-05-09 12:44:00,11.84,14527,United Kingdom,-11.84,2011-05,True
C552455,M,MANUAL,-1,2011-05-09 14:38:00,587.08,,United Kingdom,-587.08,2011-05,True
C552458,BANK CHARGES,BANK CHARGES,-1,2011-05-09 14:41:00,440.29,,United Kingdom,-440.29,2011-05,True
C552459,M,MANUAL,-1,2011-05-09 14:44:00,598.59,,United Kingdom,-598.59,2011-05,True
552464,POST,POSTAGE,1,2011-05-09 15:12:00,18.0,12726,France,18.0,2011-05,True
552493,DOT,DOTCOM POSTAGE,1,2011-05-09 16:21:00,226.61,,United Kingdom,226.61,2011-05,True
552508,DOT,DOTCOM POSTAGE,1,2011-05-09 16:27:00,198.6,,United Kingdom,198.6,2011-05,True
552514,DOT,DOTCOM POSTAGE,1,2011-05-09 16:30:00,205.45,,United Kingdom,205.45,2011-05,True
552520,DOT,DOTCOM POSTAGE,1,2011-05-09 16:34:00,189.84,,United Kingdom,189.84,2011-05,True
552543,POST,POSTAGE,2,2011-05-10 10:22:00,15.0,12399,Belgium,30.0,2011-05,True
552549,M,MANUAL,1,2011-05-10 10:39:00,334.71,15674,United Kingdom,334.71,2011-05,True
C552553,M,MANUAL,-1,2011-05-10 10:51:00,334.71,15674,United Kingdom,-334.71,2011-05,True
C552569,D,DISCOUNT,-240,2011-05-10 12:06:00,0.03,12901,United Kingdom,-7.199999999999999,2011-05,True
552631,POST,POSTAGE,2,2011-05-10 12:55:00,18.0,12684,France,36.0,2011-05,True
552649,POST,POSTAGE,1,2011-05-10 13:44:00,18.0,12592,Germany,18.0,2011-05,True
C552650,D,DISCOUNT,-18,2011-05-10 14:03:00,1.45,16672,United Kingdom,-26.099999999999998,2011-05,True
552656,POST,POSTAGE,3,2011-05-10 14:46:00,18.0,12712,Germany,54.0,2011-05,True
552660,DOT,DOTCOM POSTAGE,1,2011-05-10 15:03:00,184.92,,United Kingdom,184.92,2011-05,True
552662,DOT,DOTCOM POSTAGE,1,2011-05-10 15:04:00,161.88,,United Kingdom,161.88,2011-05,True
552663,DOT,DOTCOM POSTAGE,1,2011-05-10 15:04:00,133.17,,United Kingdom,133.17,2011-05,True
552665,DOT,DOTCOM POSTAGE,1,2011-05-10 15:05:00,101.92,,United Kingdom,101.92,2011-05,True
552667,DOT,DOTCOM POSTAGE,1,2011-05-10 15:05:00,118.38,,United Kingdom,118.38,2011-05,True
552666,DOT,DOTCOM POSTAGE,1,2011-05-10 15:05:00,109.25,,United Kingdom,109.25,2011-05,True
552668,DOT,DOTCOM POSTAGE,1,2011-05-10 15:05:00,168.63,,United Kingdom,168.63,2011-05,True
552670,DOT,DOTCOM POSTAGE,1,2011-05-10 15:06:00,181.83,,United Kingdom,181.83,2011-05,True
552671,DOT,DOTCOM POSTAGE,1,2011-05-10 15:06:00,146.29,,United Kingdom,146.29,2011-05,True
552672,DOT,DOTCOM POSTAGE,1,2011-05-10 15:06:00,135.67,,United Kingdom,135.67,2011-05,True
552673,DOT,DOTCOM POSTAGE,1,2011-05-10 15:07:00,95.38,,United Kingdom,95.38,2011-05,True
552675,DOT,DOTCOM POSTAGE,1,2011-05-10 15:07:00,166.88,,United Kingdom,166.88,2011-05,True
552677,DOT,DOTCOM POSTAGE,1,2011-05-10 15:07:00,202.96,,United Kingdom,202.96,2011-05,True
552676,DOT,DOTCOM POSTAGE,1,2011-05-10 15:07:00,202.29,,United Kingdom,202.29,2011-05,True
552674,DOT,DOTCOM POSTAGE,1,2011-05-10 15:07:00,132.29,,United Kingdom,132.29,2011-05,True
552681,DOT,DOTCOM POSTAGE,1,2011-05-10 15:08:00,166.08,,United Kingdom,166.08,2011-05,True
552678,DOT,DOTCOM POSTAGE,1,2011-05-10 15:08:00,201.5,,United Kingdom,201.5,2011-05,True
552687,DOT,DOTCOM POSTAGE,1,2011-05-10 15:09:00,246.5,,United Kingdom,246.5,2011-05,True
552683,DOT,DOTCOM POSTAGE,1,2011-05-10 15:09:00,131.42,,United Kingdom,131.42,2011-05,True
552684,DOT,DOTCOM POSTAGE,1,2011-05-10 15:09:00,161.96,,United Kingdom,161.96,2011-05,True
552702,DOT,DOTCOM POSTAGE,1,2011-05-10 16:00:00,120.92,,United Kingdom,120.92,2011-05,True
552731,POST,POSTAGE,2,2011-05-11 10:43:00,18.0,12372,Denmark,36.0,2011-05,True
C552744,POST,POSTAGE,-1,2011-05-11 11:15:00,3.15,16297,United Kingdom,-3.15,2011-05,True
552845,POST,POSTAGE,6,2011-05-11 14:37:00,15.0,14646,Netherlands,90.0,2011-05,True
552844,POST,POSTAGE,2,2011-05-11 14:37:00,18.0,12649,Germany,36.0,2011-05,True
552846,POST,POSTAGE,1,2011-05-11 14:38:00,18.0,14646,Netherlands,18.0,2011-05,True
552857,DOT,DOTCOM POSTAGE,1,2011-05-11 15:34:00,175.69,,United Kingdom,175.69,2011-05,True
C552863,M,MANUAL,-1,2011-05-11 16:52:00,5.1,13012,United Kingdom,-5.1,2011-05,True
552871,POST,POSTAGE,2,2011-05-12 08:52:00,18.0,12693,Germany,36.0,2011-05,True
552874,POST,POSTAGE,7,2011-05-12 09:40:00,18.0,12621,Germany,126.0,2011-05,True
C552876,M,MANUAL,-1,2011-05-12 09:48:00,929.9,13235,United Kingdom,-929.9,2011-05,True
552878,POST,POSTAGE,8,2011-05-12 09:54:00,18.0,12625,Germany,144.0,2011-05,True
552884,POST,POSTAGE,1,2011-05-12 10:15:00,15.0,12395,Belgium,15.0,2011-05,True
552946,POST,POSTAGE,1,2011-05-12 11:50:00,18.0,12683,France,18.0,2011-05,True
552980,POST,POSTAGE,1,2011-05-12 14:52:00,523.0,12590,Germany,523.0,2011-05,True
C552995,M,MANUAL,-1350,2011-05-12 15:19:00,0.16,18133,United Kingdom,-216.0,2011-05,True
553002,M,MANUAL,2,2011-05-12 15:26:00,1.95,13263,United Kingdom,3.9,2011-05,True
553013,DOT,DOTCOM POSTAGE,1,2011-05-12 18:19:00,189.68,,United Kingdom,189.68,2011-05,True
553018,M,MANUAL,1,2011-05-12 19:02:00,557.72,12757,Portugal,557.72,2011-05,True
C553019,M,MANUAL,-1,2011-05-12 19:04:00,557.72,12757,Portugal,-557.72,2011-05,True
C553033,POST,POSTAGE,-1,2011-05-12 19:50:00,3.5,13883,United Kingdom,-3.5,2011-05,True
553035,M,MANUAL,1,2011-05-12 20:13:00,1.45,17337,United Kingdom,1.45,2011-05,True
553037,POST,POSTAGE,4,2011-05-13 08:10:00,18.0,12471,Germany,72.0,2011-05,True
553044,POST,POSTAGE,2,2011-05-13 09:24:00,18.0,12682,France,36.0,2011-05,True
553161,POST,POSTAGE,1,2011-05-13 15:48:00,18.0,12681,France,18.0,2011-05,True
553162,DOT,DOTCOM POSTAGE,1,2011-05-13 15:53:00,152.19,,United Kingdom,152.19,2011-05,True
553189,M,MANUAL,2,2011-05-15 13:14:00,1.65,15033,United Kingdom,3.3,2011-05,True
553195,POST,POSTAGE,1,2011-05-15 13:45:00,18.0,12599,France,18.0,2011-05,True
553203,C2,CARRIAGE,1,2011-05-15 16:10:00,50.0,14911,EIRE,50.0,2011-05,True
553208,POST,POSTAGE,2,2011-05-16 09:10:00,18.0,12674,France,36.0,2011-05,True
553316,POST,POSTAGE,1,2011-05-16 12:04:00,18.0,12682,France,18.0,2011-05,True
C553354,AMAZONFEE,AMAZON FEE,-1,2011-05-16 13:54:00,5876.4,,United Kingdom,-5876.4,2011-05,True
C553355,AMAZONFEE,AMAZON FEE,-1,2011-05-16 13:58:00,7006.83,,United Kingdom,-7006.83,2011-05,True
553357,M,MANUAL,2,2011-05-16 14:17:00,15.0,12684,France,30.0,2011-05,True
C553370,POST,POSTAGE,-1,2011-05-16 14:30:00,19.29,,United Kingdom,-19.29,2011-05,True
C553370,M,MANUAL,-1,2011-05-16 14:30:00,260.7,,United Kingdom,-260.7,2011-05,True
C553372,POST,POSTAGE,-1,2011-05-16 14:37:00,35.65,,United Kingdom,-35.65,2011-05,True
C553372,M,MANUAL,-1,2011-05-16 14:37:00,293.08,,United Kingdom,-293.08,2011-05,True
C553373,POST,POSTAGE,-1,2011-05-16 14:48:00,16.85,,United Kingdom,-16.85,2011-05,True
C553373,M,MANUAL,-1,2011-05-16 14:48:00,233.37,,United Kingdom,-233.37,2011-05,True
C553376,POST,POSTAGE,-1,2011-05-16 14:56:00,18.75,,United Kingdom,-18.75,2011-05,True
C553376,M,MANUAL,-1,2011-05-16 14:56:00,273.79,,United Kingdom,-273.79,2011-05,True
C553378,POST,POSTAGE,-1,2011-05-16 15:02:00,27.42,,United Kingdom,-27.42,2011-05,True
C553378,M,MANUAL,-1,2011-05-16 15:02:00,269.7,,United Kingdom,-269.7,2011-05,True
553387,gift_0001_10,DOTCOMGIFTSHOP GIFT VOUCHER £10.00,1,2011-05-16 16:33:00,8.33,,United Kingdom,8.33,2011-05,True
553387,DOT,DOTCOM POSTAGE,1,2011-05-16 16:33:00,182.67,,United Kingdom,182.67,2011-05,True
553389,gift_0001_10,DOTCOMGIFTSHOP GIFT VOUCHER £10.00,1,2011-05-16 16:37:00,8.33,,United Kingdom,8.33,2011-05,True
553389,DOT,DOTCOM POSTAGE,1,2011-05-16 16:37:00,113.99,,United Kingdom,113.99,2011-05,True
553393,DOT,DOTCOM POSTAGE,1,2011-05-16 16:46:00,66.38,,United Kingdom,66.38,2011-05,True
C553407,POST,POSTAGE,-1,2011-05-17 08:58:00,40.0,15768,United Kingdom,-40.0,2011-05,True
553411,POST,POSTAGE,3,2011-05-17 09:28:00,18.0,12714,France,54.0,2011-05,True
C553414,POST,POSTAGE,-1,2011-05-17 09:57:00,18.0,12600,Germany,-18.0,2011-05,True
553415,POST,POSTAGE,2,2011-05-17 10:02:00,18.0,12463,Belgium,36.0,2011-05,True
C553482,D,DISCOUNT,-1,2011-05-17 12:07:00,9.84,14527,United Kingdom,-9.84,2011-05,True
C553510,POST,POSTAGE,-1,2011-05-17 13:46:00,1.0,14342,United Kingdom,-1.0,2011-05,True
C553511,BANK CHARGES,BANK CHARGES,-1,2011-05-17 13:49:00,86.9,,United Kingdom,-86.9,2011-05,True
C553513,S,SAMPLES,-1,2011-05-17 13:58:00,9.99,,United Kingdom,-9.99,2011-05,True
C553513,S,SAMPLES,-1,2011-05-17 13:58:00,103.58,,United Kingdom,-103.58,2011-05,True
553521,M,MANUAL,1,2011-05-17 14:35:00,452.45,,United Kingdom,452.45,2011-05,True
C553528,BANK CHARGES,BANK CHARGES,-1,2011-05-17 14:58:00,82.73,,United Kingdom,-82.73,2011-05,True
C553531,S,SAMPLES,-1,2011-05-17 15:09:00,2.98,,United Kingdom,-2.98,2011-05,True
C553531,S,SAMPLES,-1,2011-05-17 15:09:00,5.0,,United Kingdom,-5.0,2011-05,True
C553531,S,SAMPLES,-1,2011-05-17 15:09:00,16.0,,United Kingdom,-16.0,2011-05,True
C553531,S,SAMPLES,-1,2011-05-17 15:09:00,86.99,,United Kingdom,-86.99,2011-05,True
C553531,S,SAMPLES,-1,2011-05-17 15:09:00,15.5,,United Kingdom,-15.5,2011-05,True
C553531,S,SAMPLES,-1,2011-05-17 15:09:00,76.0,,United Kingdom,-76.0,2011-05,True
C553531,S,SAMPLES,-1,2011-05-17 15:09:00,87.01,,United Kingdom,-87.01,2011-05,True
553539,M,MANUAL,1,2011-05-17 15:27:00,465.87,,United Kingdom,465.87,2011-05,True
553541,DOT,DOTCOM POSTAGE,1,2011-05-17 15:33:00,248.13,,United Kingdom,248.13,2011-05,True
553542,DOT,DOTCOM POSTAGE,1,2011-05-17 15:34:00,204.63,,United Kingdom,204.63,2011-05,True
553543,DOT,DOTCOM POSTAGE,1,2011-05-17 15:35:00,154.5,,United Kingdom,154.5,2011-05,True
553544,DOT,DOTCOM POSTAGE,1,2011-05-17 15:36:00,124.08,,United Kingdom,124.08,2011-05,True
553545,DOT,DOTCOM POSTAGE,1,2011-05-17 15:37:00,105.96,,United Kingdom,105.96,2011-05,True
553547,POST,POSTAGE,4,2011-05-17 15:48:00,18.0,12474,Germany,72.0,2011-05,True
553549,DOT,DOTCOM POSTAGE,1,2011-05-17 16:09:00,179.67,,United Kingdom,179.67,2011-05,True
553559,M,MANUAL,1,2011-05-17 17:12:00,293.0,14931,Channel Islands,293.0,2011-05,True
C553560,M,MANUAL,-1,2011-05-17 17:14:00,293.0,14931,Channel Islands,-293.0,2011-05,True
553566,POST,POSTAGE,3,2011-05-18 09:09:00,18.0,12690,France,54.0,2011-05,True
553577,POST,POSTAGE,2,2011-05-18 10:34:00,18.0,12437,France,36.0,2011-05,True
C553665,D,DISCOUNT,-1,2011-05-18 12:16:00,15.96,14527,United Kingdom,-15.96,2011-05,True
553666,POST,POSTAGE,2,2011-05-18 12:18:00,18.0,12679,France,36.0,2011-05,True
C553669,POST,POSTAGE,-1,2011-05-18 12:24:00,3.71,15128,United Kingdom,-3.71,2011-05,True
553674,POST,POSTAGE,1,2011-05-18 12:50:00,40.0,12483,Sweden,40.0,2011-05,True
553679,C2,CARRIAGE,1,2011-05-18 13:09:00,50.0,14565,United Kingdom,50.0,2011-05,True
553682,POST,POSTAGE,4,2011-05-18 13:20:00,15.0,14646,Netherlands,60.0,2011-05,True
553718,DOT,DOTCOM POSTAGE,1,2011-05-18 16:14:00,176.8,,United Kingdom,176.8,2011-05,True
553731,POST,POSTAGE,4,2011-05-19 08:26:00,18.0,12481,Germany,72.0,2011-05,True
553741,POST,POSTAGE,3,2011-05-19 09:37:00,18.0,12520,Germany,54.0,2011-05,True
553766,DOT,DOTCOM POSTAGE,1,2011-05-19 10:44:00,205.5,,United Kingdom,205.5,2011-05,True
553767,DOT,DOTCOM POSTAGE,1,2011-05-19 10:46:00,162.75,,United Kingdom,162.75,2011-05,True
553768,DOT,DOTCOM POSTAGE,1,2011-05-19 10:47:00,236.46,,United Kingdom,236.46,2011-05,True
C553841,D,DISCOUNT,-48,2011-05-19 12:19:00,0.2,16029,United Kingdom,-9.600000000000001,2011-05,True
553842,POST,POSTAGE,2,2011-05-19 12:24:00,18.0,12524,Germany,36.0,2011-05,True
553843,POST,POSTAGE,2,2011-05-19 12:29:00,18.0,12553,France,36.0,2011-05,True
C553865,S,SAMPLES,-1,2011-05-19 14:10:00,16.5,,United Kingdom,-16.5,2011-05,True
553884,POST,POSTAGE,1,2011-05-19 15:36:00,18.0,12600,Germany,18.0,2011-05,True
553885,POST,POSTAGE,1,2011-05-19 15:41:00,18.0,12601,Germany,18.0,2011-05,True
553890,DOT,DOTCOM POSTAGE,1,2011-05-19 16:32:00,167.03,,United Kingdom,167.03,2011-05,True
553897,C2,CARRIAGE,1,2011-05-19 17:23:00,50.0,14911,EIRE,50.0,2011-05,True
553921,C2,CARRIAGE,1,2011-05-20 09:08:00,50.0,13376,United Kingdom,50.0,2011-05,True
553931,C2,CARRIAGE,1,2011-05-20 10:27:00,50.0,14911,EIRE,50.0,2011-05,True
553997,POST,POSTAGE,9,2011-05-20 11:34:00,18.0,12656,France,162.0,2011-05,True
C554002,POST,POSTAGE,-1,2011-05-20 12:09:00,6.5,13692,United Kingdom,-6.5,2011-05,True
C554010,POST,POSTAGE,-1,2011-05-20 12:44:00,75.0,17940,United Kingdom,-75.0,2011-05,True
554038,POST,POSTAGE,2,2011-05-20 14:23:00,15.0,12775,Netherlands,30.0,2011-05,True
554054,DOT,DOTCOM POSTAGE,1,2011-05-20 15:29:00,124.27,,United Kingdom,124.27,2011-05,True
554097,POST,POSTAGE,5,2011-05-22 13:01:00,18.0,12567,France,90.0,2011-05,True
C554100,M,MANUAL,-1,2011-05-22 13:27:00,0.85,15555,United Kingdom,-0.85,2011-05,True
554104,POST,POSTAGE,4,2011-05-22 14:03:00,18.0,12705,Germany,72.0,2011-05,True
554106,POST,POSTAGE,4,2011-05-22 14:05:00,18.0,12710,Germany,72.0,2011-05,True
554109,POST,POSTAGE,2,2011-05-22 14:33:00,18.0,12682,France,36.0,2011-05,True
C554127,M,MANUAL,-96,2011-05-23 09:24:00,5.0,17949,United Kingdom,-480.0,2011-05,True
554132,POST,POSTAGE,4,2011-05-23 09:43:00,40.0,12360,Austria,160.0,2011-05,True
554134,POST,POSTAGE,2,2011-05-23 09:48:00,18.0,12583,France,36.0,2011-05,True
554137,POST,POSTAGE,2,2011-05-23 10:13:00,18.0,12708,Germany,36.0,2011-05,True
554147,POST,POSTAGE,2,2011-05-23 10:48:00,15.0,12423,Belgium,30.0,2011-05,True
C554154,M,MANUAL,-1,2011-05-23 11:24:00,1241.98,12757,Portugal,-1241.98,2011-05,True
554155,M,MANUAL,1,2011-05-23 11:26:00,1241.98,12757,Portugal,1241.98,2011-05,True
554159,POST,POSTAGE,2,2011-05-23 11:48:00,15.0,12464,Belgium,30.0,2011-05,True
554280,C2,CARRIAGE,1,2011-05-23 13:35:00,50.0,14817,United Kingdom,50.0,2011-05,True
554285,DOT,DOTCOM POSTAGE,1,2011-05-23 14:15:00,156.92,,United Kingdom,156.92,2011-05,True
554293,DOT,DOTCOM POSTAGE,1,2011-05-23 14:19:00,159.63,,United Kingdom,159.63,2011-05,True
554301,M,MANUAL,1,2011-05-23 14:46:00,1241.98,12757,Portugal,1241.98,2011-05,True
C554302,M,MANUAL,-1,2011-05-23 14:50:00,1241.98,12757,Portugal,-1241.98,2011-05,True
C554303,M,MANUAL,-1,2011-05-23 14:52:00,15.0,12757,Portugal,-15.0,2011-05,True
554305,M,MANUAL,1,2011-05-23 14:58:00,557.72,12757,Portugal,557.72,2011-05,True
C554308,M,MANUAL,-1,2011-05-23 15:00:00,557.72,12757,Portugal,-557.72,2011-05,True
554310,DOT,DOTCOM POSTAGE,1,2011-05-23 15:25:00,249.91,,United Kingdom,249.91,2011-05,True
554324,POST,POSTAGE,1,2011-05-23 15:38:00,18.0,12712,Germany,18.0,2011-05,True
554325,POST,POSTAGE,3,2011-05-23 15:38:00,18.0,12621,Germany,54.0,2011-05,True
554356,POST,POSTAGE,2,2011-05-24 09:25:00,18.0,12670,France,36.0,2011-05,True
554363,POST,POSTAGE,2,2011-05-24 10:19:00,18.0,12647,Germany,36.0,2011-05,True
554511,DOT,DOTCOM POSTAGE,1,2011-05-24 15:52:00,162.67,,United Kingdom,162.67,2011-05,True
554512,DOT,DOTCOM POSTAGE,1,2011-05-24 15:54:00,194.12,,United Kingdom,194.12,2011-05,True
554514,DOT,DOTCOM POSTAGE,1,2011-05-24 15:58:00,214.29,,United Kingdom,214.29,2011-05,True
C554516,D,DISCOUNT,-1,2011-05-24 16:50:00,13.88,14527,United Kingdom,-13.88,2011-05,True
C554535,M,MANUAL,-1,2011-05-24 17:36:00,60.0,17940,United Kingdom,-60.0,2011-05,True
C554544,M,MANUAL,-1,2011-05-25 09:34:00,102.64,,United Kingdom,-102.64,2011-05,True
554555,POST,POSTAGE,2,2011-05-25 10:08:00,18.0,12437,France,36.0,2011-05,True
554648,POST,POSTAGE,3,2011-05-25 12:44:00,18.0,12562,France,54.0,2011-05,True
554650,POST,POSTAGE,3,2011-05-25 12:54:00,18.0,12681,France,54.0,2011-05,True
554654,POST,POSTAGE,3,2011-05-25 13:34:00,40.0,12815,Poland,120.0,2011-05,True
554694,DOT,DOTCOM POSTAGE,1,2011-05-25 17:06:00,202.77,,United Kingdom,202.77,2011-05,True
554699,POST,POSTAGE,3,2011-05-26 09:17:00,18.0,12613,Germany,54.0,2011-05,True
554711,POST,POSTAGE,1,2011-05-26 10:41:00,18.0,12654,Germany,18.0,2011-05,True
554714,DOT,DOTCOM POSTAGE,1,2011-05-26 10:44:00,155.25,,United Kingdom,155.25,2011-05,True
554770,C2,CARRIAGE,1,2011-05-26 11:40:00,50.0,14911,EIRE,50.0,2011-05,True
554792,POST,POSTAGE,1,2011-05-26 12:38:00,28.0,12547,Spain,28.0,2011-05,True
554794,POST,POSTAGE,2,2011-05-26 12:41:00,18.0,12720,Germany,36.0,2011-05,True
554826,C2,CARRIAGE,2,2011-05-26 14:53:00,18.0,12493,France,36.0,2011-05,True
554840,POST,POSTAGE,2,2011-05-26 17:16:00,18.0,12684,France,36.0,2011-05,True
554861,POST,POSTAGE,5,2011-05-27 10:29:00,18.0,12633,Germany,90.0,2011-05,True
554924,POST,POSTAGE,1,2011-05-27 12:54:00,4.0,12748,United Kingdom,4.0,2011-05,True
554933,M,MANUAL,2,2011-05-27 13:26:00,0.3,13232,United Kingdom,0.6,2011-05,True
554938,POST,POSTAGE,4,2011-05-27 13:34:00,15.0,12876,Belgium,60.0,2011-05,True
554940,POST,POSTAGE,2,2011-05-27 13:49:00,18.0,12494,France,36.0,2011-05,True
554957,DOT,DOTCOM POSTAGE,1,2011-05-27 15:17:00,75.75,,United Kingdom,75.75,2011-05,True
554958,DOT,DOTCOM POSTAGE,1,2011-05-27 15:17:00,167.88,,United Kingdom,167.88,2011-05,True
554959,DOT,DOTCOM POSTAGE,1,2011-05-27 15:18:00,58.5,,United Kingdom,58.5,2011-05,True
554960,DOT,DOTCOM POSTAGE,1,2011-05-27 15:18:00,148.75,,United Kingdom,148.75,2011-05,True
554961,DOT,DOTCOM POSTAGE,1,2011-05-27 15:19:00,164.29,,United Kingdom,164.29,2011-05,True
554985,POST,POSTAGE,4,2011-05-29 12:26:00,18.0,12426,Germany,72.0,2011-05,True
555003,POST,POSTAGE,1,2011-05-31 09:36:00,15.0,12787,Netherlands,15.0,2011-05,True
555096,POST,POSTAGE,3,2011-05-31 13:32:00,18.0,12682,France,54.0,2011-05,True
555095,POST,POSTAGE,7,2011-05-31 13:32:00,28.0,12540,Spain,196.0,2011-05,True
555106,POST,POSTAGE,2,2011-05-31 14:14:00,15.0,12790,Netherlands,30.0,2011-05,True
555110,M,MANUAL,2,2011-05-31 14:34:00,1.65,17841,United Kingdom,3.3,2011-05,True
555147,POST,POSTAGE,4,2011-05-31 15:41:00,40.0,13505,Switzerland,160.0,2011-05,True
555149,gift_0001_30,DOTCOMGIFTSHOP GIFT VOUCHER £30.00,1,2011-05-31 15:49:00,25.0,,United Kingdom,25.0,2011-05,True
555149,DOT,DOTCOM POSTAGE,1,2011-05-31 15:49:00,154.01,,United Kingdom,154.01,2011-05,True
555150,DOT,DOTCOM POSTAGE,1,2011-05-31 15:53:00,183.55,,United Kingdom,183.55,2011-05,True
555161,POST,POSTAGE,1,2011-06-01 09:26:00,15.0,12423,Belgium,15.0,2011-06,True
555162,POST,POSTAGE,4,2011-06-01 10:15:00,18.0,12473,Germany,72.0,2011-06,True
C555163,POST,POSTAGE,-2,2011-06-01 10:18:00,18.0,12473,Germany,-36.0,2011-06,True
555264,M,MANUAL,1,2011-06-01 16:03:00,3.95,17757,United Kingdom,3.95,2011-06,True
555275,DOT,DOTCOM POSTAGE,1,2011-06-01 17:18:00,205.29,,United Kingdom,205.29,2011-06,True
555276,DOT,DOTCOM POSTAGE,1,2011-06-01 17:28:00,185.88,,United Kingdom,185.88,2011-06,True
555277,DOT,DOTCOM POSTAGE,1,2011-06-01 17:30:00,124.87,,United Kingdom,124.87,2011-06,True
555278,DOT,DOTCOM POSTAGE,1,2011-06-01 17:33:00,97.96,,United Kingdom,97.96,2011-06,True
555320,DOT,DOTCOM POSTAGE,1,2011-06-02 11:00:00,98.54,,United Kingdom,98.54,2011-06,True
555321,DOT,DOTCOM POSTAGE,1,2011-06-02 11:01:00,56.79,,United Kingdom,56.79,2011-06,True
555322,DOT,DOTCOM POSTAGE,1,2011-06-02 11:01:00,88.71,,United Kingdom,88.71,2011-06,True
555324,DOT,DOTCOM POSTAGE,1,2011-06-02 11:02:00,124.08,,United Kingdom,124.08,2011-06,True
555325,DOT,DOTCOM POSTAGE,1,2011-06-02 11:02:00,47.67,,United Kingdom,47.67,2011-06,True
555323,DOT,DOTCOM POSTAGE,1,2011-06-02 11:02:00,46.0,,United Kingdom,46.0,2011-06,True
555326,DOT,DOTCOM POSTAGE,1,2011-06-02 11:03:00,79.67,,United Kingdom,79.67,2011-06,True
555327,DOT,DOTCOM POSTAGE,1,2011-06-02 11:03:00,158.63,,United Kingdom,158.63,2011-06,True
C555339,M,MANUAL,-1,2011-06-02 11:32:00,11.7,16422,United Kingdom,-11.7,2011-06,True
555397,DOT,DOTCOM POSTAGE,1,2011-06-02 17:26:00,216.8,,United Kingdom,216.8,2011-06,True
555403,POST,POSTAGE,1,2011-06-02 18:06:00,40.0,12676,Sweden,40.0,2011-06,True
555407,POST,POSTAGE,1,2011-06-03 07:48:00,15.0,12775,Netherlands,15.0,2011-06,True
555417,POST,POSTAGE,1,2011-06-03 10:17:00,18.0,12601,Germany,18.0,2011-06,True
555470,POST,POSTAGE,1,2011-06-03 11:33:00,28.0,12455,Spain,28.0,2011-06,True
555510,DOT,DOTCOM POSTAGE,1,2011-06-03 17:09:00,181.45,,United Kingdom,181.45,2011-06,True
555523,POST,POSTAGE,2,2011-06-05 11:36:00,18.0,12468,Germany,36.0,2011-06,True
555531,POST,POSTAGE,11,2011-06-05 11:53:00,18.0,12678,France,198.0,2011-06,True
555547,POST,POSTAGE,4,2011-06-05 13:13:00,18.0,12681,France,72.0,2011-06,True
555553,POST,POSTAGE,2,2011-06-05 13:45:00,18.0,12662,Germany,36.0,2011-06,True
555569,POST,POSTAGE,5,2011-06-05 15:29:00,18.0,12727,France,90.0,2011-06,True
555572,POST,POSTAGE,6,2011-06-05 15:37:00,15.0,12449,Belgium,90.0,2011-06,True
555574,POST,POSTAGE,3,2011-06-05 15:46:00,15.0,12417,Belgium,45.0,2011-06,True
555589,POST,POSTAGE,2,2011-06-06 09:36:00,15.0,12802,Netherlands,30.0,2011-06,True
C555597,D,DISCOUNT,-1,2011-06-06 10:19:00,42.0,15796,United Kingdom,-42.0,2011-06,True
555648,M,MANUAL,12,2011-06-06 13:46:00,0.39,14623,United Kingdom,4.68,2011-06,True
555719,POST,POSTAGE,5,2011-06-06 15:31:00,18.0,12609,Germany,90.0,2011-06,True
555721,POST,POSTAGE,3,2011-06-06 16:01:00,15.0,15108,European Community,45.0,2011-06,True
555722,DOT,DOTCOM POSTAGE,1,2011-06-06 16:06:00,208.89,,United Kingdom,208.89,2011-06,True
555726,POST,POSTAGE,2,2011-06-06 16:23:00,28.0,12540,Spain,56.0,2011-06,True
555739,POST,POSTAGE,3,2011-06-07 09:49:00,15.0,12380,Belgium,45.0,2011-06,True
555851,M,MANUAL,1,2011-06-07 13:37:00,3.75,13050,United Kingdom,3.75,2011-06,True
555858,C2,CARRIAGE,1,2011-06-07 14:12:00,50.0,14911,EIRE,50.0,2011-06,True
555869,POST,POSTAGE,1,2011-06-07 14:54:00,5.15,,United Kingdom,5.15,2011-06,True
555923,DOT,DOTCOM POSTAGE,1,2011-06-07 17:09:00,222.18,,United Kingdom,222.18,2011-06,True
555924,DOT,DOTCOM POSTAGE,1,2011-06-07 17:12:00,174.78,,United Kingdom,174.78,2011-06,True
555925,DOT,DOTCOM POSTAGE,1,2011-06-07 17:13:00,173.59,,United Kingdom,173.59,2011-06,True
555928,POST,POSTAGE,2,2011-06-08 08:02:00,15.0,12383,Belgium,30.0,2011-06,True
555931,POST,POSTAGE,4,2011-06-08 08:31:00,40.0,17828,Malta,160.0,2011-06,True
555937,POST,POSTAGE,3,2011-06-08 09:39:00,18.0,12683,France,54.0,2011-06,True
555941,POST,POSTAGE,1,2011-06-08 10:10:00,18.0,12726,France,18.0,2011-06,True
555943,POST,POSTAGE,3,2011-06-08 10:15:00,40.0,13520,Switzerland,120.0,2011-06,True
C556037,D,DISCOUNT,-1,2011-06-08 12:37:00,20.92,14527,United Kingdom,-20.92,2011-06,True
556070,M,MANUAL,1,2011-06-08 14:51:00,129.38,17873,United Kingdom,129.38,2011-06,True
556082,DOT,DOTCOM POSTAGE,1,2011-06-08 15:22:00,212.96,,United Kingdom,212.96,2011-06,True
556081,DOT,DOTCOM POSTAGE,1,2011-06-08 15:22:00,169.29,,United Kingdom,169.29,2011-06,True
556083,DOT,DOTCOM POSTAGE,1,2011-06-08 15:23:00,89.79,,United Kingdom,89.79,2011-06,True
556085,DOT,DOTCOM POSTAGE,1,2011-06-08 15:23:00,151.33,,United Kingdom,151.33,2011-06,True
556086,DOT,DOTCOM POSTAGE,1,2011-06-08 15:24:00,53.33,,United Kingdom,53.33,2011-06,True
556087,DOT,DOTCOM POSTAGE,1,2011-06-08 15:24:00,110.13,,United Kingdom,110.13,2011-06,True
556088,DOT,DOTCOM POSTAGE,1,2011-06-08 15:24:00,36.13,,United Kingdom,36.13,2011-06,True
556091,DOT,DOTCOM POSTAGE,1,2011-06-08 15:25:00,84.63,,United Kingdom,84.63,2011-06,True
556089,DOT,DOTCOM POSTAGE,1,2011-06-08 15:25:00,93.75,,United Kingdom,93.75,2011-06,True
556090,DOT,DOTCOM POSTAGE,1,2011-06-08 15:25:00,61.79,,United Kingdom,61.79,2011-06,True
556092,DOT,DOTCOM POSTAGE,1,2011-06-08 15:25:00,97.79,,United Kingdom,97.79,2011-06,True
556093,DOT,DOTCOM POSTAGE,1,2011-06-08 15:26:00,224.42,,United Kingdom,224.42,2011-06,True
556094,DOT,DOTCOM POSTAGE,1,2011-06-08 15:26:00,98.75,,United Kingdom,98.75,2011-06,True
556095,DOT,DOTCOM POSTAGE,1,2011-06-08 15:27:00,192.54,,United Kingdom,192.54,2011-06,True
556108,DOT,DOTCOM POSTAGE,1,2011-06-08 17:59:00,275.98,,United Kingdom,275.98,2011-06,True
556114,POST,POSTAGE,1,2011-06-09 09:36:00,18.0,12569,Germany,18.0,2011-06,True
556118,POST,POSTAGE,2,2011-06-09 09:54:00,18.0,13811,Germany,36.0,2011-06,True
556126,C2,CARRIAGE,1,2011-06-09 10:23:00,50.0,14911,EIRE,50.0,2011-06,True
556194,POST,POSTAGE,2,2011-06-09 12:20:00,18.0,12483,Sweden,36.0,2011-06,True
556203,POST,POSTAGE,1,2011-06-09 13:09:00,15.0,12399,Belgium,15.0,2011-06,True
556206,C2,CARRIAGE,1,2011-06-09 13:46:00,50.0,14911,EIRE,50.0,2011-06,True
556222,M,MANUAL,12,2011-06-09 14:23:00,0.38,17522,United Kingdom,4.5600000000000005,2011-06,True
556235,POST,POSTAGE,1,2011-06-09 15:29:00,15.0,12778,Netherlands,15.0,2011-06,True
556237,DOT,DOTCOM POSTAGE,1,2011-06-09 15:34:00,275.34,,United Kingdom,275.34,2011-06,True
556241,POST,POSTAGE,8,2011-06-09 16:04:00,28.0,12597,Spain,224.0,2011-06,True
556243,DOT,DOTCOM POSTAGE,1,2011-06-09 16:07:00,237.33,,United Kingdom,237.33,2011-06,True
556258,POST,POSTAGE,3,2011-06-09 17:48:00,18.0,12694,France,54.0,2011-06,True
556259,POST,POSTAGE,4,2011-06-09 17:53:00,18.0,12721,France,72.0,2011-06,True
C556265,D,DISCOUNT,-1,2011-06-09 19:24:00,28.04,16684,United Kingdom,-28.04,2011-06,True
C556274,M,MANUAL,-1,2011-06-09 19:46:00,600.0,15299,United Kingdom,-600.0,2011-06,True
C556281,POST,POSTAGE,-1,2011-06-09 20:32:00,4.05,14040,United Kingdom,-4.05,2011-06,True
556305,POST,POSTAGE,4,2011-06-10 10:38:00,18.0,12643,France,72.0,2011-06,True
C556324,POST,POSTAGE,-1,2011-06-10 11:15:00,5.0,14287,United Kingdom,-5.0,2011-06,True
556428,DOT,DOTCOM POSTAGE,1,2011-06-10 13:23:00,130.71,,United Kingdom,130.71,2011-06,True
556429,DOT,DOTCOM POSTAGE,1,2011-06-10 13:23:00,61.63,,United Kingdom,61.63,2011-06,True
556427,DOT,DOTCOM POSTAGE,1,2011-06-10 13:23:00,91.33,,United Kingdom,91.33,2011-06,True
556431,DOT,DOTCOM POSTAGE,1,2011-06-10 13:24:00,9.08,,United Kingdom,9.08,2011-06,True
556443,POST,POSTAGE,4,2011-06-10 15:28:00,18.0,12712,Germany,72.0,2011-06,True
C556445,M,MANUAL,-1,2011-06-10 15:31:00,38970.0,15098,United Kingdom,-38970.0,2011-06,True
556459,DOT,DOTCOM POSTAGE,1,2011-06-10 17:25:00,171.46,,United Kingdom,171.46,2011-06,True
556463,POST,POSTAGE,2,2011-06-12 10:47:00,18.0,12583,France,36.0,2011-06,True
556469,POST,POSTAGE,3,2011-06-12 11:37:00,18.0,12516,Germany,54.0,2011-06,True
556507,POST,POSTAGE,8,2011-06-13 09:55:00,18.0,12567,France,144.0,2011-06,True
556509,POST,POSTAGE,2,2011-06-13 10:33:00,18.0,12708,Germany,36.0,2011-06,True
556513,DOT,DOTCOM POSTAGE,1,2011-06-13 10:45:00,101.17,,United Kingdom,101.17,2011-06,True
556515,DOT,DOTCOM POSTAGE,1,2011-06-13 10:45:00,61.71,,United Kingdom,61.71,2011-06,True
556514,POST,POSTAGE,1,2011-06-13 10:45:00,3.3,,United Kingdom,3.3,2011-06,True
556516,DOT,DOTCOM POSTAGE,1,2011-06-13 10:46:00,87.04,,United Kingdom,87.04,2011-06,True
556517,POST,POSTAGE,5,2011-06-13 10:52:00,18.0,12481,Germany,90.0,2011-06,True
556519,POST,POSTAGE,1,2011-06-13 10:54:00,2.02,16794,United Kingdom,2.02,2011-06,True
556527,M,MANUAL,4,2011-06-13 11:33:00,1.65,16205,United Kingdom,6.6,2011-06,True
556526,POST,POSTAGE,1,2011-06-13 11:33:00,18.0,12732,France,18.0,2011-06,True
556529,POST,POSTAGE,4,2011-06-13 11:41:00,18.0,12714,France,72.0,2011-06,True
556573,M,MANUAL,1,2011-06-13 13:32:00,4.25,14667,United Kingdom,4.25,2011-06,True
556578,POST,POSTAGE,7,2011-06-13 14:13:00,18.0,12472,Germany,126.0,2011-06,True
556636,DOT,DOTCOM POSTAGE,1,2011-06-13 15:30:00,188.54,,United Kingdom,188.54,2011-06,True
556671,M,MANUAL,1,2011-06-13 16:33:00,2.5,17841,United Kingdom,2.5,2011-06,True
C556675,M,MANUAL,-1,2011-06-13 17:13:00,20.0,16013,United Kingdom,-20.0,2011-06,True
556784,M,MANUAL,1,2011-06-14 13:15:00,0.39,14461,United Kingdom,0.39,2011-06,True
C556796,D,DISCOUNT,-96,2011-06-14 14:40:00,0.7,16013,United Kingdom,-67.19999999999999,2011-06,True
C556807,POST,POSTAGE,-1,2011-06-14 15:43:00,14.95,,United Kingdom,-14.95,2011-06,True
C556807,M,MANUAL,-1,2011-06-14 15:43:00,91.58,,United Kingdom,-91.58,2011-06,True
556812,DOT,DOTCOM POSTAGE,1,2011-06-14 17:25:00,239.67,,United Kingdom,239.67,2011-06,True
556813,DOT,DOTCOM POSTAGE,1,2011-06-14 17:28:00,191.78,,United Kingdom,191.78,2011-06,True
556816,POST,POSTAGE,3,2011-06-15 09:01:00,18.0,12437,France,54.0,2011-06,True
556819,POST,POSTAGE,4,2011-06-15 10:21:00,18.0,12682,France,72.0,2011-06,True
556821,DOT,DOTCOM POSTAGE,1,2011-06-15 10:22:00,50.96,,United Kingdom,50.96,2011-06,True
556824,DOT,DOTCOM POSTAGE,1,2011-06-15 10:24:00,65.79,,United Kingdom,65.79,2011-06,True
556823,DOT,DOTCOM POSTAGE,1,2011-06-15 10:24:00,20.5,,United Kingdom,20.5,2011-06,True
556825,DOT,DOTCOM POSTAGE,1,2011-06-15 10:24:00,117.42,,United Kingdom,117.42,2011-06,True
556826,DOT,DOTCOM POSTAGE,1,2011-06-15 10:25:00,277.0,,United Kingdom,277.0,2011-06,True
556829,POST,POSTAGE,3,2011-06-15 10:51:00,28.0,12809,Portugal,84.0,2011-06,True
C556870,M,MANUAL,-1,2011-06-15 11:47:00,306.6,,United Kingdom,-306.6,2011-06,True
C556874,BANK CHARGES,BANK CHARGES,-1,2011-06-15 11:49:00,464.52,,United Kingdom,-464.52,2011-06,True
C556875,M,MANUAL,-1,2011-06-15 11:51:00,702.38,,United Kingdom,-702.38,2011-06,True
C556877,D,DISCOUNT,-1,2011-06-15 12:00:00,129.9,15498,United Kingdom,-129.9,2011-06,True
556883,C2,CARRIAGE,1,2011-06-15 12:24:00,50.0,13343,United Kingdom,50.0,2011-06,True
556886,POST,POSTAGE,2,2011-06-15 12:34:00,18.0,12624,France,36.0,2011-06,True
C556904,D,DISCOUNT,-1,2011-06-15 12:56:00,14.42,14527,United Kingdom,-14.42,2011-06,True
C556919,POST,POSTAGE,-1,2011-06-15 13:46:00,2.17,17511,United Kingdom,-2.17,2011-06,True
556932,DOT,DOTCOM POSTAGE,1,2011-06-15 15:41:00,141.03,,United Kingdom,141.03,2011-06,True
556955,gift_0001_20,TO PUSH ORDER THROUGHA S STOCK WAS,10,2011-06-16 09:04:00,0.0,,United Kingdom,0.0,2011-06,True
556969,C2,CARRIAGE,1,2011-06-16 10:11:00,25.0,16257,United Kingdom,25.0,2011-06,True
557007,POST,POSTAGE,7,2011-06-16 11:30:00,28.0,12484,Spain,196.0,2011-06,True
557027,POST,POSTAGE,2,2011-06-16 13:24:00,40.0,12816,Poland,80.0,2011-06,True
557055,POST,POSTAGE,2,2011-06-16 14:45:00,18.0,12621,Germany,36.0,2011-06,True
557069,POST,POSTAGE,3,2011-06-16 15:22:00,18.0,12562,France,54.0,2011-06,True
557112,DOT,DOTCOM POSTAGE,1,2011-06-16 16:31:00,273.01,,United Kingdom,273.01,2011-06,True
557136,C2,CARRIAGE,1,2011-06-17 09:23:00,50.0,14911,EIRE,50.0,2011-06,True
557147,POST,POSTAGE,4,2011-06-17 10:51:00,15.0,12408,Belgium,60.0,2011-06,True
557232,POST,POSTAGE,2,2011-06-17 14:28:00,18.0,12463,Belgium,36.0,2011-06,True
557295,POST,POSTAGE,1,2011-06-19 13:37:00,18.0,12724,France,18.0,2011-06,True
557297,POST,POSTAGE,2,2011-06-19 13:54:00,28.0,12421,Spain,56.0,2011-06,True
C557300,M,MANUAL,-1,2011-06-19 14:05:00,0.77,12421,Spain,-0.77,2011-06,True
557314,POST,POSTAGE,1,2011-06-19 15:59:00,28.0,12541,Spain,28.0,2011-06,True
557318,C2,CARRIAGE,1,2011-06-19 16:11:00,50.0,14911,EIRE,50.0,2011-06,True
557324,DOT,DOTCOM POSTAGE,1,2011-06-20 09:41:00,212.33,,United Kingdom,212.33,2011-06,True
557377,M,MANUAL,1,2011-06-20 11:00:00,1917.0,,EIRE,1917.0,2011-06,True
557377,M,MANUAL,1,2011-06-20 11:00:00,1216.12,,EIRE,1216.12,2011-06,True
C557381,M,MANUAL,-1,2011-06-20 11:01:00,1216.12,,EIRE,-1216.12,2011-06,True
C557387,M,MANUAL,-1,2011-06-20 11:02:00,1917.0,,EIRE,-1917.0,2011-06,True
557427,POST,POSTAGE,9,2011-06-20 12:14:00,18.0,12429,Denmark,162.0,2011-06,True
557466,POST,POSTAGE,11,2011-06-20 13:08:00,18.0,13815,Germany,198.0,2011-06,True
557480,DOT,DOTCOM POSTAGE,1,2011-06-20 14:10:00,86.38,,United Kingdom,86.38,2011-06,True
557481,DOT,DOTCOM POSTAGE,1,2011-06-20 14:11:00,130.63,,United Kingdom,130.63,2011-06,True
557482,DOT,DOTCOM POSTAGE,1,2011-06-20 14:11:00,57.58,,United Kingdom,57.58,2011-06,True
557483,POST,POSTAGE,1,2011-06-20 14:17:00,18.0,12643,France,18.0,2011-06,True
557489,POST,POSTAGE,3,2011-06-20 14:58:00,18.0,12490,France,54.0,2011-06,True
557493,DOT,DOTCOM POSTAGE,1,2011-06-20 15:18:00,132.33,,United Kingdom,132.33,2011-06,True
557494,DOT,DOTCOM POSTAGE,1,2011-06-20 15:19:00,182.38,,United Kingdom,182.38,2011-06,True
557495,DOT,DOTCOM POSTAGE,1,2011-06-20 15:19:00,26.33,,United Kingdom,26.33,2011-06,True
557496,DOT,DOTCOM POSTAGE,1,2011-06-20 15:19:00,101.17,,United Kingdom,101.17,2011-06,True
557497,DOT,DOTCOM POSTAGE,1,2011-06-20 15:20:00,46.13,,United Kingdom,46.13,2011-06,True
557500,gift_0001_20,DOTCOMGIFTSHOP GIFT VOUCHER £20.00,1,2011-06-20 15:27:00,16.67,,United Kingdom,16.67,2011-06,True
557500,DOT,DOTCOM POSTAGE,1,2011-06-20 15:27:00,167.02,,United Kingdom,167.02,2011-06,True
557502,DOT,DOTCOM POSTAGE,1,2011-06-20 15:32:00,173.3,,United Kingdom,173.3,2011-06,True
557525,POST,POSTAGE,3,2011-06-21 09:26:00,15.0,12759,Netherlands,45.0,2011-06,True
557569,POST,POSTAGE,2,2011-06-21 10:46:00,18.0,12474,Germany,36.0,2011-06,True
557605,C2,CARRIAGE,1,2011-06-21 12:06:00,25.0,14911,EIRE,25.0,2011-06,True
C557624,M,MANUAL,-1,2011-06-21 14:22:00,0.75,16422,United Kingdom,-0.75,2011-06,True
C557624,M,MANUAL,-1,2011-06-21 14:22:00,5.8,16422,United Kingdom,-5.8,2011-06,True
557627,POST,POSTAGE,1,2011-06-21 14:30:00,18.0,12583,France,18.0,2011-06,True
C557638,POST,POSTAGE,-1,2011-06-21 16:01:00,545.58,17450,United Kingdom,-545.58,2011-06,True
557641,DOT,DOTCOM POSTAGE,1,2011-06-21 16:35:00,75.71,,United Kingdom,75.71,2011-06,True
557642,DOT,DOTCOM POSTAGE,1,2011-06-21 16:35:00,88.75,,United Kingdom,88.75,2011-06,True
557643,DOT,DOTCOM POSTAGE,1,2011-06-21 16:36:00,129.08,,United Kingdom,129.08,2011-06,True
557644,DOT,DOTCOM POSTAGE,1,2011-06-21 17:06:00,138.46,,United Kingdom,138.46,2011-06,True
557645,DOT,DOTCOM POSTAGE,1,2011-06-21 17:08:00,87.75,,United Kingdom,87.75,2011-06,True
C557656,M,MANUAL,-3,2011-06-21 17:37:00,4.25,14001,United Kingdom,-12.75,2011-06,True
C557663,C2,CARRIAGE,-1,2011-06-21 17:59:00,15.0,,EIRE,-15.0,2011-06,True
557669,POST,POSTAGE,2,2011-06-22 09:43:00,18.0,12674,France,36.0,2011-06,True
557675,POST,POSTAGE,1,2011-06-22 10:27:00,15.0,,Hong Kong,15.0,2011-06,True
557734,POST,POSTAGE,2,2011-06-22 11:20:00,18.0,12684,France,36.0,2011-06,True
557742,C2,CARRIAGE,1,2011-06-22 11:46:00,50.0,14911,EIRE,50.0,2011-06,True
557754,POST,POSTAGE,1,2011-06-22 13:12:00,700.0,12432,Norway,700.0,2011-06,True
557759,C2,CARRIAGE,1,2011-06-22 13:52:00,50.0,14156,EIRE,50.0,2011-06,True
557768,POST,POSTAGE,1,2011-06-22 14:26:00,3.01,,United Kingdom,3.01,2011-06,True
557789,POST,POSTAGE,3,2011-06-22 16:32:00,15.0,12379,Belgium,45.0,2011-06,True
557803,POST,POSTAGE,1,2011-06-23 10:20:00,40.0,12704,Finland,40.0,2011-06,True
557850,POST,POSTAGE,2,2011-06-23 10:56:00,18.0,12720,Germany,36.0,2011-06,True
557872,C2,CARRIAGE,1,2011-06-23 12:42:00,50.0,14911,EIRE,50.0,2011-06,True
557884,M,MANUAL,1,2011-06-23 13:35:00,1.25,17759,United Kingdom,1.25,2011-06,True
557885,POST,POSTAGE,2,2011-06-23 13:37:00,15.0,12465,Belgium,30.0,2011-06,True
557889,POST,POSTAGE,2,2011-06-23 13:51:00,18.0,12412,Denmark,36.0,2011-06,True
C557927,D,DISCOUNT,-1,2011-06-23 14:56:00,10.0,16029,United Kingdom,-10.0,2011-06,True
557937,DOT,DOTCOM POSTAGE,1,2011-06-23 15:30:00,157.81,,United Kingdom,157.81,2011-06,True
557938,DOT,DOTCOM POSTAGE,1,2011-06-23 15:35:00,159.78,,United Kingdom,159.78,2011-06,True
557939,POST,POSTAGE,2,2011-06-23 15:44:00,40.0,12697,Sweden,80.0,2011-06,True
557972,POST,POSTAGE,2,2011-06-24 10:16:00,18.0,12500,Germany,36.0,2011-06,True
C558036,AMAZONFEE,AMAZON FEE,-1,2011-06-24 12:31:00,5791.18,,United Kingdom,-5791.18,2011-06,True
C558037,AMAZONFEE,AMAZON FEE,-1,2011-06-24 12:33:00,4534.24,,United Kingdom,-4534.24,2011-06,True
558041,POST,POSTAGE,3,2011-06-24 13:20:00,40.0,12422,Switzerland,120.0,2011-06,True
558045,POST,POSTAGE,3,2011-06-24 13:35:00,18.0,12615,France,54.0,2011-06,True
558046,C2,CARRIAGE,1,2011-06-24 13:47:00,50.0,,EIRE,50.0,2011-06,True
558047,M,MANUAL,1,2011-06-24 13:51:00,542.2,,EIRE,542.2,2011-06,True
C558048,M,MANUAL,-1,2011-06-24 13:52:00,542.2,,EIRE,-542.2,2011-06,True
558066,gift_0001_50,DOTCOMGIFTSHOP GIFT VOUCHER £50.00,1,2011-06-24 15:45:00,41.67,,United Kingdom,41.67,2011-06,True
558066,DOT,DOTCOM POSTAGE,1,2011-06-24 15:45:00,150.77,,United Kingdom,150.77,2011-06,True
558068,gift_0001_20,DOTCOMGIFTSHOP GIFT VOUCHER £20.00,1,2011-06-24 15:51:00,16.67,,United Kingdom,16.67,2011-06,True
558068,DOT,DOTCOM POSTAGE,1,2011-06-24 15:51:00,150.71,,United Kingdom,150.71,2011-06,True
558089,POST,POSTAGE,3,2011-06-26 12:36:00,40.0,13505,Switzerland,120.0,2011-06,True
558108,POST,POSTAGE,1,2011-06-26 15:35:00,28.0,12548,Spain,28.0,2011-06,True
558118,DOT,DOTCOM POSTAGE,1,2011-06-27 09:11:00,131.58,,United Kingdom,131.58,2011-06,True
558116,DOT,DOTCOM POSTAGE,1,2011-06-27 09:11:00,200.58,,United Kingdom,200.58,2011-06,True
558117,DOT,DOTCOM POSTAGE,1,2011-06-27 09:11:00,62.46,,United Kingdom,62.46,2011-06,True
558119,DOT,DOTCOM POSTAGE,1,2011-06-27 09:12:00,189.79,,United Kingdom,189.79,2011-06,True
558120,DOT,DOTCOM POSTAGE,1,2011-06-27 09:12:00,55.08,,United Kingdom,55.08,2011-06,True
558124,POST,POSTAGE,1,2011-06-27 10:17:00,18.0,12493,France,18.0,2011-06,True
558240,DOT,DOTCOM POSTAGE,1,2011-06-27 15:27:00,147.53,,United Kingdom,147.53,2011-06,True
558316,DOT,DOTCOM POSTAGE,1,2011-06-28 11:45:00,107.58,,United Kingdom,107.58,2011-06,True
558319,DOT,DOTCOM POSTAGE,1,2011-06-28 11:53:00,58.33,,United Kingdom,58.33,2011-06,True
558321,DOT,DOTCOM POSTAGE,1,2011-06-28 11:53:00,81.33,,United Kingdom,81.33,2011-06,True
558334,POST,POSTAGE,1,2011-06-28 13:11:00,18.0,12599,France,18.0,2011-06,True
558340,M,MANUAL,1,2011-06-28 14:01:00,481.45,,United Kingdom,481.45,2011-06,True
C558347,S,SAMPLES,-1,2011-06-28 14:47:00,4.95,,United Kingdom,-4.95,2011-06,True
C558347,S,SAMPLES,-1,2011-06-28 14:47:00,6.15,,United Kingdom,-6.15,2011-06,True
C558347,S,SAMPLES,-1,2011-06-28 14:47:00,3.59,,United Kingdom,-3.59,2011-06,True
C558347,S,SAMPLES,-1,2011-06-28 14:47:00,16.0,,United Kingdom,-16.0,2011-06,True
C558347,S,SAMPLES,-1,2011-06-28 14:47:00,14.92,,United Kingdom,-14.92,2011-06,True
C558347,S,SAMPLES,-1,2011-06-28 14:47:00,9.9,,United Kingdom,-9.9,2011-06,True
C558349,BANK CHARGES,BANK CHARGES,-1,2011-06-28 14:50:00,82.89,,United Kingdom,-82.89,2011-06,True
C558357,M,MANUAL,-2,2011-06-28 15:04:00,3.56,15502,United Kingdom,-7.12,2011-06,True
C558359,S,SAMPLES,-1,2011-06-28 15:10:00,570.0,,United Kingdom,-570.0,2011-06,True
C558364,POST,POSTAGE,-1,2011-06-28 15:20:00,3.95,,United Kingdom,-3.95,2011-06,True
558381,M,MANUAL,1,2011-06-28 17:01:00,600.0,15299,United Kingdom,600.0,2011-06,True
558461,M,MANUAL,2,2011-06-29 15:03:00,1.95,13263,United Kingdom,3.9,2011-06,True
558475,DOT,DOTCOM POSTAGE,1,2011-06-29 15:58:00,858.46,,United Kingdom,858.46,2011-06,True
558479,M,MANUAL,2,2011-06-29 16:44:00,2.95,17837,United Kingdom,5.9,2011-06,True
C558525,M,MANUAL,-7,2011-06-30 10:52:00,1.95,13113,United Kingdom,-13.65,2011-06,True
558608,POST,POSTAGE,1,2011-06-30 15:30:00,18.0,12524,Germany,18.0,2011-06,True
558614,gift_0001_10,DOTCOMGIFTSHOP GIFT VOUCHER £10.00,1,2011-06-30 15:56:00,8.33,,United Kingdom,8.33,2011-06,True
558614,gift_0001_50,DOTCOMGIFTSHOP GIFT VOUCHER £50.00,1,2011-06-30 15:56:00,41.67,,United Kingdom,41.67,2011-06,True
558614,DOT,DOTCOM POSTAGE,1,2011-06-30 15:56:00,264.65,,United Kingdom,264.65,2011-06,True
558623,POST,POSTAGE,1,2011-06-30 16:52:00,15.0,12395,Belgium,15.0,2011-06,True
558626,POST,POSTAGE,1,2011-06-30 17:34:00,18.0,12569,Germany,18.0,2011-06,True
558628,POST,POSTAGE,5,2011-06-30 17:59:00,18.0,12626,Germany,90.0,2011-06,True
558640,C2,CARRIAGE,1,2011-07-01 08:58:00,50.0,14911,EIRE,50.0,2011-07,True
558644,C2,CARRIAGE,1,2011-07-01 10:16:00,50.0,14156,EIRE,50.0,2011-07,True
558679,M,MANUAL,1,2011-07-01 10:58:00,1.0,17800,United Kingdom,1.0,2011-07,True
558680,DOT,DOTCOM POSTAGE,1,2011-07-01 11:19:00,64.88,,United Kingdom,64.88,2011-07,True
558681,DOT,DOTCOM POSTAGE,1,2011-07-01 11:20:00,65.67,,United Kingdom,65.67,2011-07,True
558682,DOT,DOTCOM POSTAGE,1,2011-07-01 11:20:00,126.54,,United Kingdom,126.54,2011-07,True
558683,DOT,DOTCOM POSTAGE,1,2011-07-01 11:23:00,112.5,,United Kingdom,112.5,2011-07,True
558687,POST,POSTAGE,1,2011-07-01 11:43:00,18.0,12598,France,18.0,2011-07,True
558699,POST,POSTAGE,1,2011-07-01 12:17:00,18.0,12494,France,18.0,2011-07,True
C558712,M,MANUAL,-1,2011-07-01 13:06:00,2.95,17338,United Kingdom,-2.95,2011-07,True
558715,M,MANUAL,1,2011-07-01 13:18:00,116.69,,United Kingdom,116.69,2011-07,True
558717,POST,POSTAGE,1,2011-07-01 13:22:00,18.0,12710,Germany,18.0,2011-07,True
558774,DOT,DOTCOM POSTAGE,1,2011-07-04 10:17:00,206.66,,United Kingdom,206.66,2011-07,True
558777,DOT,DOTCOM POSTAGE,1,2011-07-04 10:23:00,304.24,,United Kingdom,304.24,2011-07,True
558808,DOT,DOTCOM POSTAGE,1,2011-07-04 11:10:00,42.75,,United Kingdom,42.75,2011-07,True
558809,DOT,DOTCOM POSTAGE,1,2011-07-04 11:10:00,146.5,,United Kingdom,146.5,2011-07,True
558810,DOT,DOTCOM POSTAGE,1,2011-07-04 11:11:00,196.79,,United Kingdom,196.79,2011-07,True
558811,DOT,DOTCOM POSTAGE,1,2011-07-04 11:11:00,57.63,,United Kingdom,57.63,2011-07,True
558813,POST,POSTAGE,3,2011-07-04 11:42:00,18.0,12682,France,54.0,2011-07,True
558837,DOT,DOTCOM POSTAGE,1,2011-07-04 11:58:00,117.63,,United Kingdom,117.63,2011-07,True
558835,DOT,DOTCOM POSTAGE,1,2011-07-04 11:58:00,54.25,,United Kingdom,54.25,2011-07,True
558841,M,MANUAL,1,2011-07-04 11:59:00,30.0,12471,Germany,30.0,2011-07,True
558875,M,MANUAL,2,2011-07-04 13:35:00,8.95,13301,United Kingdom,17.9,2011-07,True
558895,M,MANUAL,1,2011-07-04 15:54:00,389.68,12619,Germany,389.68,2011-07,True
C558897,M,MANUAL,-1,2011-07-04 15:55:00,389.68,12619,Germany,-389.68,2011-07,True
558904,DOT,DOTCOM POSTAGE,1,2011-07-04 16:18:00,306.35,,United Kingdom,306.35,2011-07,True
C558905,POST,POSTAGE,-1,2011-07-04 16:27:00,4.9,13826,United Kingdom,-4.9,2011-07,True
558908,C2,CARRIAGE,1,2011-07-05 09:06:00,50.0,13338,United Kingdom,50.0,2011-07,True
C558969,M,MANUAL,-2,2011-07-05 11:01:00,3.52,16729,United Kingdom,-7.04,2011-07,True
559004,POST,POSTAGE,4,2011-07-05 12:23:00,40.0,12428,Finland,160.0,2011-07,True
559010,C2,CARRIAGE,1,2011-07-05 12:50:00,50.0,14911,EIRE,50.0,2011-07,True
559039,DOT,DOTCOM POSTAGE,1,2011-07-05 15:32:00,116.71,,United Kingdom,116.71,2011-07,True
559041,DOT,DOTCOM POSTAGE,1,2011-07-05 15:33:00,24.67,,United Kingdom,24.67,2011-07,True
559040,DOT,DOTCOM POSTAGE,1,2011-07-05 15:33:00,39.5,,United Kingdom,39.5,2011-07,True
559042,DOT,DOTCOM POSTAGE,1,2011-07-05 15:34:00,75.67,,United Kingdom,75.67,2011-07,True
559043,DOT,DOTCOM POSTAGE,1,2011-07-05 15:35:00,158.71,,United Kingdom,158.71,2011-07,True
559051,DOT,DOTCOM POSTAGE,1,2011-07-05 16:47:00,201.84,,United Kingdom,201.84,2011-07,True
559052,DOT,DOTCOM POSTAGE,1,2011-07-05 16:53:00,576.18,,United Kingdom,576.18,2011-07,True
559055,DOT,DOTCOM POSTAGE,1,2011-07-05 17:09:00,531.65,,United Kingdom,531.65,2011-07,True
559058,POST,POSTAGE,6,2011-07-06 09:49:00,15.0,12407,Belgium,90.0,2011-07,True
559106,M,MANUAL,2,2011-07-06 11:10:00,7.95,15889,United Kingdom,15.9,2011-07,True
559107,M,MANUAL,1,2011-07-06 11:22:00,2.95,15334,United Kingdom,2.95,2011-07,True
559134,POST,POSTAGE,5,2011-07-06 13:14:00,18.0,12700,France,90.0,2011-07,True
559135,POST,POSTAGE,1,2011-07-06 13:18:00,28.0,12455,Spain,28.0,2011-07,True
559162,DOT,DOTCOM POSTAGE,1,2011-07-06 16:29:00,231.61,,United Kingdom,231.61,2011-07,True
559163,DOT,DOTCOM POSTAGE,1,2011-07-06 16:33:00,240.41,,United Kingdom,240.41,2011-07,True
559173,POST,POSTAGE,2,2011-07-07 10:03:00,28.0,12540,Spain,56.0,2011-07,True
559295,POST,POSTAGE,2,2011-07-07 12:32:00,15.0,12362,Belgium,30.0,2011-07,True
559298,POST,POSTAGE,6,2011-07-07 12:38:00,18.0,12471,Germany,108.0,2011-07,True
559316,POST,POSTAGE,1,2011-07-07 13:54:00,18.0,12647,Germany,18.0,2011-07,True
559337,DOT,DOTCOM POSTAGE,1,2011-07-07 16:27:00,298.31,,United Kingdom,298.31,2011-07,True
559338,DOT,DOTCOM POSTAGE,1,2011-07-07 16:30:00,296.61,,United Kingdom,296.61,2011-07,True
C559347,M,MANUAL,-1,2011-07-07 17:22:00,2.88,18072,United Kingdom,-2.88,2011-07,True
C559347,M,MANUAL,-1,2011-07-07 17:22:00,9.36,18072,United Kingdom,-9.36,2011-07,True
559362,POST,POSTAGE,3,2011-07-08 08:43:00,18.0,12635,Germany,54.0,2011-07,True
559418,POST,POSTAGE,3,2011-07-08 11:36:00,18.0,12681,France,54.0,2011-07,True
559421,POST,POSTAGE,1,2011-07-08 11:55:00,18.0,12648,Germany,18.0,2011-07,True
559422,POST,POSTAGE,2,2011-07-08 12:00:00,18.0,12553,France,36.0,2011-07,True
559441,POST,POSTAGE,2,2011-07-08 12:22:00,18.0,12583,France,36.0,2011-07,True
559488,DOT,DOTCOM POSTAGE,1,2011-07-08 13:52:00,191.67,,United Kingdom,191.67,2011-07,True
559489,DOT,DOTCOM POSTAGE,1,2011-07-08 13:52:00,69.0,,United Kingdom,69.0,2011-07,True
559490,DOT,DOTCOM POSTAGE,1,2011-07-08 13:53:00,3.29,,United Kingdom,3.29,2011-07,True
559491,DOT,DOTCOM POSTAGE,1,2011-07-08 13:53:00,164.54,,United Kingdom,164.54,2011-07,True
559492,DOT,DOTCOM POSTAGE,1,2011-07-08 13:53:00,56.04,,United Kingdom,56.04,2011-07,True
559493,DOT,DOTCOM POSTAGE,1,2011-07-08 13:53:00,166.96,,United Kingdom,166.96,2011-07,True
559497,DOT,DOTCOM POSTAGE,1,2011-07-08 13:54:00,142.29,,United Kingdom,142.29,2011-07,True
559494,DOT,DOTCOM POSTAGE,1,2011-07-08 13:54:00,69.92,,United Kingdom,69.92,2011-07,True
559496,DOT,DOTCOM POSTAGE,1,2011-07-08 13:54:00,19.75,,United Kingdom,19.75,2011-07,True
559504,M,MANUAL,2,2011-07-08 15:16:00,0.79,15920,United Kingdom,1.58,2011-07,True
559506,DOT,DOTCOM POSTAGE,1,2011-07-08 15:17:00,319.82,,United Kingdom,319.82,2011-07,True
559511,M,MANUAL,3,2011-07-08 15:31:00,0.79,15920,United Kingdom,2.37,2011-07,True
559514,DOT,DOTCOM POSTAGE,1,2011-07-08 15:57:00,57.67,,United Kingdom,57.67,2011-07,True
559515,DOT,DOTCOM POSTAGE,1,2011-07-08 15:58:00,36.17,,United Kingdom,36.17,2011-07,True
559517,DOT,DOTCOM POSTAGE,1,2011-07-08 16:11:00,16.42,,United Kingdom,16.42,2011-07,True
559518,DOT,DOTCOM POSTAGE,1,2011-07-08 16:11:00,92.88,,United Kingdom,92.88,2011-07,True
559535,M,MANUAL,1,2011-07-10 12:16:00,3.75,17841,United Kingdom,3.75,2011-07,True
559535,M,MANUAL,1,2011-07-10 12:16:00,0.85,17841,United Kingdom,0.85,2011-07,True
559536,M,MANUAL,2,2011-07-10 12:17:00,0.85,16283,United Kingdom,1.7,2011-07,True
559607,POST,POSTAGE,5,2011-07-11 11:39:00,18.0,12681,France,90.0,2011-07,True
559672,M,MANUAL,4,2011-07-11 14:04:00,0.39,14796,United Kingdom,1.56,2011-07,True
559674,M,MANUAL,3,2011-07-11 14:16:00,0.42,15856,United Kingdom,1.26,2011-07,True
559680,POST,POSTAGE,2,2011-07-11 14:47:00,50.0,12717,Greece,100.0,2011-07,True
C559681,POST,POSTAGE,-1,2011-07-11 14:51:00,50.0,12717,Greece,-50.0,2011-07,True
559685,POST,POSTAGE,1,2011-07-11 15:22:00,18.0,12599,France,18.0,2011-07,True
559693,DOT,DOTCOM POSTAGE,1,2011-07-11 16:21:00,275.11,,United Kingdom,275.11,2011-07,True
559699,POST,POSTAGE,1,2011-07-12 08:52:00,18.0,12682,France,18.0,2011-07,True
559704,POST,POSTAGE,4,2011-07-12 09:54:00,18.0,12669,France,72.0,2011-07,True
559707,POST,POSTAGE,2,2011-07-12 10:04:00,40.0,12358,Austria,80.0,2011-07,True
559710,POST,POSTAGE,1,2011-07-12 10:25:00,18.0,12474,Germany,18.0,2011-07,True
559799,DOT,DOTCOM POSTAGE,1,2011-07-12 13:46:00,23.0,,United Kingdom,23.0,2011-07,True
559800,DOT,DOTCOM POSTAGE,1,2011-07-12 13:46:00,34.5,,United Kingdom,34.5,2011-07,True
559801,DOT,DOTCOM POSTAGE,1,2011-07-12 13:46:00,90.42,,United Kingdom,90.42,2011-07,True
559802,DOT,DOTCOM POSTAGE,1,2011-07-12 13:48:00,175.88,,United Kingdom,175.88,2011-07,True
559816,DOT,DOTCOM POSTAGE,1,2011-07-12 16:11:00,375.64,,United Kingdom,375.64,2011-07,True
559817,DOT,DOTCOM POSTAGE,1,2011-07-12 16:20:00,169.55,,United Kingdom,169.55,2011-07,True
559819,POST,POSTAGE,1,2011-07-12 16:58:00,18.0,12682,France,18.0,2011-07,True
C559830,M,MANUAL,-1,2011-07-13 09:49:00,0.48,16998,United Kingdom,-0.48,2011-07,True
559835,POST,POSTAGE,1,2011-07-13 10:08:00,15.0,13509,United Kingdom,15.0,2011-07,True
559862,POST,POSTAGE,4,2011-07-13 10:30:00,28.0,12782,Portugal,112.0,2011-07,True
C559882,POST,POSTAGE,-1,2011-07-13 11:34:00,7.62,16156,United Kingdom,-7.62,2011-07,True
559889,POST,POSTAGE,1,2011-07-13 11:48:00,145.0,12678,France,145.0,2011-07,True
559890,POST,POSTAGE,1,2011-07-13 11:58:00,15.0,12464,Belgium,15.0,2011-07,True
559899,POST,POSTAGE,3,2011-07-13 12:24:00,18.0,12528,Germany,54.0,2011-07,True
559914,DOT,DOTCOM POSTAGE,1,2011-07-13 15:13:00,198.75,,United Kingdom,198.75,2011-07,True
C559915,AMAZONFEE,AMAZON FEE,-1,2011-07-13 15:18:00,4383.62,,United Kingdom,-4383.62,2011-07,True
C559917,AMAZONFEE,AMAZON FEE,-1,2011-07-13 15:21:00,6497.47,,United Kingdom,-6497.47,2011-07,True
559923,DCGSSBOY,BOYS PARTY BAG,20,2011-07-13 16:07:00,3.29,,United Kingdom,65.8,2011-07,True
559923,DOT,DOTCOM POSTAGE,1,2011-07-13 16:07:00,240.67,,United Kingdom,240.67,2011-07,True
559928,POST,POSTAGE,8,2011-07-14 08:52:00,40.0,12405,Finland,320.0,2011-07,True
559945,M,MANUAL,1,2011-07-14 10:24:00,18.0,17396,United Kingdom,18.0,2011-07,True
C559950,M,MANUAL,-3,2011-07-14 10:47:00,2.1,14562,United Kingdom,-6.300000000000001,2011-07,True
559987,POST,POSTAGE,5,2011-07-14 12:12:00,18.0,12619,Germany,90.0,2011-07,True
559988,M,MANUAL,1,2011-07-14 12:17:00,0.42,15402,United Kingdom,0.42,2011-07,True
C559992,D,DISCOUNT,-1,2011-07-14 12:30:00,13.99,14527,United Kingdom,-13.99,2011-07,True
560041,C2,CARRIAGE,1,2011-07-14 14:46:00,50.0,14156,EIRE,50.0,2011-07,True
560090,DOT,DOTCOM POSTAGE,1,2011-07-14 16:46:00,255.83,,United Kingdom,255.83,2011-07,True
C560100,M,MANUAL,-1,2011-07-14 17:51:00,7.88,16422,United Kingdom,-7.88,2011-07,True
560119,POST,POSTAGE,2,2011-07-15 10:21:00,40.0,12815,Poland,80.0,2011-07,True
560162,M,MANUAL,1,2011-07-15 11:21:00,10.0,,United Kingdom,10.0,2011-07,True
560187,POST,POSTAGE,1,2011-07-15 12:05:00,550.94,17444,Canada,550.94,2011-07,True
560202,POST,POSTAGE,4,2011-07-15 13:10:00,18.0,12712,Germany,72.0,2011-07,True
560209,M,MANUAL,1,2011-07-15 14:05:00,0.39,15004,United Kingdom,0.39,2011-07,True
560211,POST,POSTAGE,3,2011-07-15 14:34:00,18.0,12621,Germany,54.0,2011-07,True
560225,DOT,DOTCOM POSTAGE,1,2011-07-15 16:27:00,377.33,,United Kingdom,377.33,2011-07,True
560228,M,MANUAL,10,2011-07-15 17:29:00,0.85,17750,United Kingdom,8.5,2011-07,True
560230,POST,POSTAGE,2,2011-07-17 10:53:00,18.0,12600,Germany,36.0,2011-07,True
560272,POST,POSTAGE,1,2011-07-17 14:56:00,18.0,12691,France,18.0,2011-07,True
560291,DOT,DOTCOM POSTAGE,1,2011-07-18 10:17:00,120.17,,United Kingdom,120.17,2011-07,True
560290,DOT,DOTCOM POSTAGE,1,2011-07-18 10:17:00,82.21,,United Kingdom,82.21,2011-07,True
560292,DOT,DOTCOM POSTAGE,1,2011-07-18 10:19:00,88.83,,United Kingdom,88.83,2011-07,True
560293,DOT,DOTCOM POSTAGE,1,2011-07-18 10:20:00,153.92,,United Kingdom,153.92,2011-07,True
560294,DOT,DOTCOM POSTAGE,1,2011-07-18 10:20:00,49.46,,United Kingdom,49.46,2011-07,True
560296,DOT,DOTCOM POSTAGE,1,2011-07-18 10:21:00,135.13,,United Kingdom,135.13,2011-07,True
560298,DOT,DOTCOM POSTAGE,1,2011-07-18 10:26:00,177.96,,United Kingdom,177.96,2011-07,True
560363,POST,POSTAGE,1,2011-07-18 12:05:00,18.0,12589,France,18.0,2011-07,True
C560372,M,MANUAL,-1,2011-07-18 12:26:00,4287.63,17448,United Kingdom,-4287.63,2011-07,True
560373,M,MANUAL,1,2011-07-18 12:30:00,4287.63,,United Kingdom,4287.63,2011-07,True
C560384,M,MANUAL,-1,2011-07-18 12:52:00,125.0,14808,United Kingdom,-125.0,2011-07,True
C560386,POST,POSTAGE,-1,2011-07-18 12:55:00,9.72,,United Kingdom,-9.72,2011-07,True
C560408,M,MANUAL,-1,2011-07-18 14:24:00,550.64,13564,United Kingdom,-550.64,2011-07,True
560411,M,MANUAL,1,2011-07-18 14:29:00,550.64,,United Kingdom,550.64,2011-07,True
560413,M,MANUAL,1,2011-07-18 14:33:00,550.64,13564,United Kingdom,550.64,2011-07,True
C560414,M,MANUAL,-1,2011-07-18 14:35:00,550.64,13564,United Kingdom,-550.64,2011-07,True
C560418,M,MANUAL,-1,2011-07-18 15:01:00,717.23,17809,United Kingdom,-717.23,2011-07,True
560419,M,MANUAL,1,2011-07-18 15:03:00,717.23,,United Kingdom,717.23,2011-07,True
C560420,M,MANUAL,-1,2011-07-18 15:11:00,1592.49,15369,United Kingdom,-1592.49,2011-07,True
560421,M,MANUAL,1,2011-07-18 15:13:00,1592.49,,United Kingdom,1592.49,2011-07,True
C560430,M,MANUAL,-1,2011-07-18 15:21:00,611.86,13154,United Kingdom,-611.86,2011-07,True
560431,M,MANUAL,1,2011-07-18 15:23:00,611.86,,United Kingdom,611.86,2011-07,True
560433,DOT,DOTCOM POSTAGE,1,2011-07-18 15:49:00,188.15,,United Kingdom,188.15,2011-07,True
560434,DOT,DOTCOM POSTAGE,1,2011-07-18 15:56:00,323.05,,United Kingdom,323.05,2011-07,True
C560435,M,MANUAL,-1,2011-07-18 16:01:00,294.92,17603,United Kingdom,-294.92,2011-07,True
C560436,M,MANUAL,-1,2011-07-18 16:04:00,705.45,17603,United Kingdom,-705.45,2011-07,True
560438,M,MANUAL,1,2011-07-18 16:06:00,294.92,,United Kingdom,294.92,2011-07,True
560439,M,MANUAL,1,2011-07-18 16:08:00,705.45,,United Kingdom,705.45,2011-07,True
560452,POST,POSTAGE,1,2011-07-19 09:51:00,18.0,12682,France,18.0,2011-07,True
560534,C2,CARRIAGE,1,2011-07-19 12:10:00,50.0,14911,EIRE,50.0,2011-07,True
560545,POST,POSTAGE,1,2011-07-19 12:38:00,18.0,12569,Germany,18.0,2011-07,True
560549,POST,POSTAGE,2,2011-07-19 12:43:00,40.0,12664,Finland,80.0,2011-07,True
560566,POST,POSTAGE,2,2011-07-19 13:45:00,18.0,12662,Germany,36.0,2011-07,True
560569,POST,POSTAGE,3,2011-07-19 14:04:00,18.0,12480,Germany,54.0,2011-07,True
C560572,M,MANUAL,-1,2011-07-19 14:45:00,112.35,17065,United Kingdom,-112.35,2011-07,True
560573,M,MANUAL,1,2011-07-19 14:47:00,112.35,,United Kingdom,112.35,2011-07,True
C560574,M,MANUAL,-1,2011-07-19 14:56:00,106.4,14437,United Kingdom,-106.4,2011-07,True
560575,M,MANUAL,1,2011-07-19 14:58:00,106.4,,United Kingdom,106.4,2011-07,True
560579,M,MANUAL,12,2011-07-19 15:13:00,0.42,15867,United Kingdom,5.04,2011-07,True
560607,POST,POSTAGE,3,2011-07-20 10:15:00,28.0,12510,Spain,84.0,2011-07,True
560635,POST,POSTAGE,3,2011-07-20 10:51:00,18.0,12521,Germany,54.0,2011-07,True
C560645,M,MANUAL,-1,2011-07-20 11:23:00,451.42,15802,United Kingdom,-451.42,2011-07,True
C560647,M,MANUAL,-1,2011-07-20 11:31:00,3060.6,18102,United Kingdom,-3060.6,2011-07,True
560651,M,MANUAL,1,2011-07-20 11:38:00,451.42,15802,United Kingdom,451.42,2011-07,True
C560653,M,MANUAL,-1,2011-07-20 11:40:00,451.42,15802,United Kingdom,-451.42,2011-07,True
560658,M,MANUAL,1,2011-07-20 11:42:00,451.42,,United Kingdom,451.42,2011-07,True
560710,POST,POSTAGE,1,2011-07-20 12:51:00,15.0,14646,Netherlands,15.0,2011-07,True
560728,POST,POSTAGE,2,2011-07-20 14:38:00,18.0,12520,Germany,36.0,2011-07,True
560755,DOT,DOTCOM POSTAGE,1,2011-07-20 16:00:00,0.35,,United Kingdom,0.35,2011-07,True
560772,DOT,DOTCOM POSTAGE,1,2011-07-20 16:12:00,268.05,,United Kingdom,268.05,2011-07,True
560773,DOT,DOTCOM POSTAGE,1,2011-07-20 16:17:00,252.11,,United Kingdom,252.11,2011-07,True
560777,DOT,DOTCOM POSTAGE,1,2011-07-21 09:30:00,79.0,,United Kingdom,79.0,2011-07,True
560778,DOT,DOTCOM POSTAGE,1,2011-07-21 09:30:00,79.83,,United Kingdom,79.83,2011-07,True
560779,DOT,DOTCOM POSTAGE,1,2011-07-21 09:30:00,178.71,,United Kingdom,178.71,2011-07,True
560780,DOT,DOTCOM POSTAGE,1,2011-07-21 09:31:00,233.04,,United Kingdom,233.04,2011-07,True
560783,POST,POSTAGE,4,2011-07-21 10:24:00,15.0,15108,European Community,60.0,2011-07,True
C560822,M,MANUAL,-1,2011-07-21 11:20:00,770.26,,United Kingdom,-770.26,2011-07,True
C560823,BANK CHARGES,BANK CHARGES,-1,2011-07-21 11:22:00,21.9,,United Kingdom,-21.9,2011-07,True
C560825,M,MANUAL,-1,2011-07-21 11:23:00,367.38,,United Kingdom,-367.38,2011-07,True
C560842,D,DISCOUNT,-1,2011-07-21 12:25:00,12.15,14527,United Kingdom,-12.15,2011-07,True
C560869,D,DISCOUNT,-1,2011-07-21 14:32:00,66.24,12830,United Kingdom,-66.24,2011-07,True
560876,POST,POSTAGE,6,2011-07-21 15:14:00,18.0,12626,Germany,108.0,2011-07,True
560900,M,MANUAL,1,2011-07-21 17:33:00,2.95,,United Kingdom,2.95,2011-07,True
560901,POST,POSTAGE,7,2011-07-21 17:39:00,18.0,12476,Germany,126.0,2011-07,True
C560904,M,MANUAL,-1,2011-07-21 17:51:00,8.95,14875,United Kingdom,-8.95,2011-07,True
560916,C2,CARRIAGE,1,2011-07-21 18:19:00,50.0,14911,EIRE,50.0,2011-07,True
560922,C2,CARRIAGE,1,2011-07-21 19:34:00,50.0,14911,EIRE,50.0,2011-07,True
560926,DOT,DOTCOM POSTAGE,1,2011-07-22 09:20:00,356.7,,United Kingdom,356.7,2011-07,True
560991,POST,POSTAGE,3,2011-07-22 13:29:00,40.0,12438,Norway,120.0,2011-07,True
560997,POST,POSTAGE,4,2011-07-22 13:59:00,18.0,12627,Germany,72.0,2011-07,True
C561011,POST,POSTAGE,-1,2011-07-22 16:05:00,3.15,17612,United Kingdom,-3.15,2011-07,True
561029,POST,POSTAGE,2,2011-07-24 11:25:00,18.0,12490,France,36.0,2011-07,True
561037,POST,POSTAGE,3,2011-07-24 11:55:00,18.0,12472,Germany,54.0,2011-07,True
561057,POST,POSTAGE,1,2011-07-24 13:18:00,2.9,17935,United Kingdom,2.9,2011-07,True
561091,DOT,DOTCOM POSTAGE,1,2011-07-25 09:55:00,75.79,,United Kingdom,75.79,2011-07,True
561090,DOT,DOTCOM POSTAGE,1,2011-07-25 09:55:00,53.54,,United Kingdom,53.54,2011-07,True
561093,POST,POSTAGE,6,2011-07-25 10:01:00,28.0,12540,Spain,168.0,2011-07,True
561094,POST,POSTAGE,2,2011-07-25 10:04:00,18.0,12474,Germany,36.0,2011-07,True
561102,POST,POSTAGE,1,2011-07-25 11:17:00,18.0,12412,Denmark,18.0,2011-07,True
561116,POST,POSTAGE,5,2011-07-25 12:22:00,40.0,13520,Switzerland,200.0,2011-07,True
C561117,POST,POSTAGE,-3,2011-07-25 12:23:00,40.0,13520,Switzerland,-120.0,2011-07,True
C561198,M,MANUAL,-35,2011-07-25 14:45:00,1.25,16161,United Kingdom,-43.75,2011-07,True
561209,DCGSSBOY,BOYS PARTY BAG,2,2011-07-25 16:57:00,1.25,,United Kingdom,2.5,2011-07,True
561209,DCGSSGIRL,GIRLS PARTY BAG,5,2011-07-25 16:57:00,1.25,,United Kingdom,6.25,2011-07,True
561209,DOT,DOTCOM POSTAGE,1,2011-07-25 16:57:00,299.72,,United Kingdom,299.72,2011-07,True
561214,DOT,DOTCOM POSTAGE,1,2011-07-25 17:00:00,135.08,,United Kingdom,135.08,2011-07,True
561216,POST,POSTAGE,8,2011-07-25 17:04:00,15.0,14606,United Kingdom,120.0,2011-07,True
561217,DOT,DOTCOM POSTAGE,1,2011-07-25 17:09:00,234.63,,United Kingdom,234.63,2011-07,True
561218,DOT,DOTCOM POSTAGE,1,2011-07-25 17:11:00,162.95,,United Kingdom,162.95,2011-07,True
C561225,D,DISCOUNT,-1,2011-07-26 10:06:00,45.6,16029,United Kingdom,-45.6,2011-07,True
561226,PADS,PADS TO MATCH ALL CUSHIONS,1,2011-07-26 10:13:00,0.001,15618,United Kingdom,0.001,2011-07,True
561245,DOT,DOTCOM POSTAGE,1,2011-07-26 11:27:00,6.58,,United Kingdom,6.58,2011-07,True
561249,DCGS0073,EBAY,-4,2011-07-26 11:51:00,0.0,,United Kingdom,-0.0,2011-07,True
561252,DCGS0069,EBAY,-5,2011-07-26 11:52:00,0.0,,United Kingdom,-0.0,2011-07,True
561253,DCGS0068,EBAY,-10,2011-07-26 11:52:00,0.0,,United Kingdom,-0.0,2011-07,True
561254,DCGS0067,EBAY,-11,2011-07-26 11:52:00,0.0,,United Kingdom,-0.0,2011-07,True
561256,DCGS0003,EBAY,-7,2011-07-26 11:53:00,0.0,,United Kingdom,-0.0,2011-07,True
561257,C2,CARRIAGE,1,2011-07-26 12:00:00,50.0,14911,EIRE,50.0,2011-07,True
561368,POST,POSTAGE,1,2011-07-26 16:00:00,36.5,14866,United Kingdom,36.5,2011-07,True
561369,DOT,DOTCOM POSTAGE,1,2011-07-26 16:22:00,151.61,,United Kingdom,151.61,2011-07,True
561371,DOT,DOTCOM POSTAGE,1,2011-07-26 16:25:00,122.99,,United Kingdom,122.99,2011-07,True
561372,POST,POSTAGE,1,2011-07-26 16:27:00,13.31,,United Kingdom,13.31,2011-07,True
C561464,D,DISCOUNT,-1,2011-07-27 12:40:00,26.05,14527,United Kingdom,-26.05,2011-07,True
561468,POST,POSTAGE,5,2011-07-27 13:00:00,18.0,12709,Germany,90.0,2011-07,True
561470,POST,POSTAGE,1,2011-07-27 13:14:00,18.0,12523,France,18.0,2011-07,True
561507,POST,POSTAGE,7,2011-07-27 14:21:00,15.0,12397,Belgium,105.0,2011-07,True
561513,gift_0001_40,DOTCOMGIFTSHOP GIFT VOUCHER £40.00,1,2011-07-27 15:12:00,33.33,,United Kingdom,33.33,2011-07,True
561513,DOT,DOTCOM POSTAGE,1,2011-07-27 15:12:00,114.62,,United Kingdom,114.62,2011-07,True
561515,DOT,DOTCOM POSTAGE,1,2011-07-27 15:16:00,133.3,,United Kingdom,133.3,2011-07,True
561583,POST,POSTAGE,3,2011-07-28 10:33:00,18.0,13813,Germany,54.0,2011-07,True
C561628,M,MANUAL,-1,2011-07-28 14:10:00,9.6,16422,United Kingdom,-9.6,2011-07,True
561631,C2,CARRIAGE,1,2011-07-28 14:27:00,50.0,14911,EIRE,50.0,2011-07,True
561651,DOT,DOTCOM POSTAGE,1,2011-07-28 15:36:00,180.5,,United Kingdom,180.5,2011-07,True
561662,POST,POSTAGE,2,2011-07-28 16:28:00,15.0,12407,Belgium,30.0,2011-07,True
561667,C2,CARRIAGE,1,2011-07-28 17:00:00,50.0,,EIRE,50.0,2011-07,True
561669,POST,POSTAGE,6,2011-07-28 17:09:00,28.0,12507,Spain,168.0,2011-07,True
C561703,M,MANUAL,-1,2011-07-29 11:07:00,1.65,12709,Germany,-1.65,2011-07,True
C561725,M,MANUAL,-1,2011-07-29 12:10:00,3.25,17841,United Kingdom,-3.25,2011-07,True
561795,POST,POSTAGE,3,2011-07-29 13:28:00,18.0,12716,France,54.0,2011-07,True
561820,DOT,DOTCOM POSTAGE,1,2011-07-29 16:00:00,185.66,,United Kingdom,185.66,2011-07,True
561885,M,MANUAL,2,2011-07-31 13:13:00,4.95,15532,United Kingdom,9.9,2011-07,True
561890,POST,POSTAGE,2,2011-07-31 14:17:00,40.0,12697,Sweden,80.0,2011-07,True
561894,M,MANUAL,1,2011-07-31 15:00:00,0.08,14456,United Kingdom,0.08,2011-07,True
561894,M,MANUAL,36,2011-07-31 15:00:00,0.08,14456,United Kingdom,2.88,2011-07,True
561898,POST,POSTAGE,7,2011-07-31 15:25:00,40.0,12456,Switzerland,280.0,2011-07,True
561902,M,MANUAL,1,2011-07-31 15:50:00,30.0,17404,Sweden,30.0,2011-07,True
561911,POST,POSTAGE,6,2011-08-01 10:26:00,18.0,12534,Germany,108.0,2011-08,True
561916,M,MANUAL,1,2011-08-01 11:44:00,0.0,15581,United Kingdom,0.0,2011-08,True
561916,M,MANUAL,1,2011-08-01 11:44:00,250.0,15581,United Kingdom,250.0,2011-08,True
562024,DOT,DOTCOM POSTAGE,1,2011-08-01 16:07:00,142.94,,United Kingdom,142.94,2011-08,True
562034,POST,POSTAGE,6,2011-08-02 09:14:00,15.0,12449,Belgium,90.0,2011-08,True
562035,POST,POSTAGE,2,2011-08-02 09:29:00,18.0,12627,Germany,36.0,2011-08,True
562037,POST,POSTAGE,3,2011-08-02 09:34:00,15.0,13023,United Kingdom,45.0,2011-08,True
562038,POST,POSTAGE,1,2011-08-02 09:35:00,18.0,12633,Germany,18.0,2011-08,True
562047,POST,POSTAGE,1,2011-08-02 10:38:00,4.95,17788,United Kingdom,4.95,2011-08,True
C562062,AMAZONFEE,AMAZON FEE,-1,2011-08-02 12:17:00,4575.64,,United Kingdom,-4575.64,2011-08,True
C562086,AMAZONFEE,AMAZON FEE,-1,2011-08-02 12:27:00,6721.37,,United Kingdom,-6721.37,2011-08,True
562113,DOT,DOTCOM POSTAGE,1,2011-08-02 16:11:00,150.59,,United Kingdom,150.59,2011-08,True
562114,DOT,DOTCOM POSTAGE,1,2011-08-02 16:14:00,119.51,,United Kingdom,119.51,2011-08,True
C562159,M,MANUAL,-12,2011-08-03 11:48:00,1.45,17389,United Kingdom,-17.4,2011-08,True
562207,POST,POSTAGE,9,2011-08-03 12:56:00,15.0,12643,France,135.0,2011-08,True
562264,DOT,DOTCOM POSTAGE,1,2011-08-03 16:14:00,133.06,,United Kingdom,133.06,2011-08,True
562273,POST,POSTAGE,6,2011-08-04 09:55:00,28.0,12502,Spain,168.0,2011-08,True
562274,POST,POSTAGE,2,2011-08-04 10:00:00,40.0,12704,Finland,80.0,2011-08,True
562275,POST,POSTAGE,2,2011-08-04 10:04:00,18.0,12689,France,36.0,2011-08,True
562287,POST,POSTAGE,1,2011-08-04 11:07:00,28.0,12455,Spain,28.0,2011-08,True
562347,M,MANUAL,1,2011-08-04 12:22:00,0.42,13263,United Kingdom,0.42,2011-08,True
562370,POST,POSTAGE,4,2011-08-04 14:20:00,18.0,12626,Germany,72.0,2011-08,True
562417,DOT,DOTCOM POSTAGE,1,2011-08-04 16:32:00,141.5,,United Kingdom,141.5,2011-08,True
562420,gift_0001_20,DOTCOMGIFTSHOP GIFT VOUCHER £20.00,1,2011-08-04 16:38:00,16.67,,United Kingdom,16.67,2011-08,True
562420,DOT,DOTCOM POSTAGE,1,2011-08-04 16:38:00,170.98,,United Kingdom,170.98,2011-08,True
562435,POST,POSTAGE,2,2011-08-04 17:51:00,18.0,12693,Germany,36.0,2011-08,True
562445,POST,POSTAGE,3,2011-08-04 18:51:00,18.0,12417,Belgium,54.0,2011-08,True
562450,POST,POSTAGE,3,2011-08-05 08:40:00,18.0,12562,France,54.0,2011-08,True
562460,M,MANUAL,6,2011-08-05 11:19:00,0.85,17841,United Kingdom,5.1,2011-08,True
C562514,M,MANUAL,-1,2011-08-05 12:20:00,11.95,13408,United Kingdom,-11.95,2011-08,True
C562515,M,MANUAL,-1,2011-08-05 12:22:00,43.63,13408,United Kingdom,-43.63,2011-08,True
562520,POST,POSTAGE,1,2011-08-05 12:38:00,18.0,12599,France,18.0,2011-08,True
562527,POST,POSTAGE,2,2011-08-05 13:49:00,18.0,12647,Germany,36.0,2011-08,True
562528,POST,POSTAGE,4,2011-08-05 13:52:00,28.0,12610,Italy,112.0,2011-08,True
562537,POST,POSTAGE,5,2011-08-05 15:02:00,18.0,12517,Germany,90.0,2011-08,True
562553,DOT,DOTCOM POSTAGE,1,2011-08-05 16:34:00,214.11,,United Kingdom,214.11,2011-08,True
C562597,M,MANUAL,-1,2011-08-08 09:48:00,6.76,15518,United Kingdom,-6.76,2011-08,True
562600,POST,POSTAGE,1,2011-08-08 10:01:00,40.0,12676,Sweden,40.0,2011-08,True
C562601,M,MANUAL,-144,2011-08-08 10:09:00,0.11,12901,United Kingdom,-15.84,2011-08,True
562605,POST,POSTAGE,2,2011-08-08 10:59:00,18.0,12530,Germany,36.0,2011-08,True
C562622,M,MANUAL,-1,2011-08-08 12:37:00,48.0,15299,United Kingdom,-48.0,2011-08,True
C562647,M,MANUAL,-1,2011-08-08 12:56:00,3155.95,15502,United Kingdom,-3155.95,2011-08,True
C562648,M,MANUAL,-1,2011-08-08 12:56:00,3.25,14606,United Kingdom,-3.25,2011-08,True
562650,POST,POSTAGE,2,2011-08-08 13:12:00,40.0,17404,Sweden,80.0,2011-08,True
C562657,POST,POSTAGE,-1,2011-08-08 13:39:00,4.41,13588,United Kingdom,-4.41,2011-08,True
C562687,POST,POSTAGE,-1,2011-08-08 13:53:00,10.34,15157,United Kingdom,-10.34,2011-08,True
562715,DOT,DOTCOM POSTAGE,1,2011-08-08 15:34:00,204.85,,United Kingdom,204.85,2011-08,True
562717,DOT,DOTCOM POSTAGE,1,2011-08-08 15:42:00,203.63,,United Kingdom,203.63,2011-08,True
562729,POST,POSTAGE,1,2011-08-09 10:05:00,18.0,12569,Germany,18.0,2011-08,True
C562786,M,MANUAL,-1,2011-08-09 13:43:00,250.0,15581,United Kingdom,-250.0,2011-08,True
562787,M,MANUAL,1,2011-08-09 13:44:00,208.34,15581,United Kingdom,208.34,2011-08,True
C562793,M,MANUAL,-1,2011-08-09 14:18:00,57.6,16422,United Kingdom,-57.6,2011-08,True
C562796,D,DISCOUNT,-1,2011-08-09 14:27:00,64.0,13694,United Kingdom,-64.0,2011-08,True
562805,POST,POSTAGE,1,2011-08-09 14:51:00,3.59,,United Kingdom,3.59,2011-08,True
562843,DOT,DOTCOM POSTAGE,1,2011-08-09 17:37:00,103.4,,United Kingdom,103.4,2011-08,True
562844,POST,POSTAGE,7,2011-08-10 08:41:00,40.0,12444,Norway,280.0,2011-08,True
562853,POST,POSTAGE,1,2011-08-10 10:15:00,18.0,13919,Denmark,18.0,2011-08,True
562882,POST,POSTAGE,2,2011-08-10 11:23:00,40.0,12384,Switzerland,80.0,2011-08,True
562933,DCGSSGIRL,GIRLS PARTY BAG,5,2011-08-10 16:51:00,3.29,,United Kingdom,16.45,2011-08,True
562933,gift_0001_30,DOTCOMGIFTSHOP GIFT VOUCHER £30.00,1,2011-08-10 16:51:00,25.0,,United Kingdom,25.0,2011-08,True
562933,DOT,DOTCOM POSTAGE,1,2011-08-10 16:51:00,150.17,,United Kingdom,150.17,2011-08,True
562934,DOT,DOTCOM POSTAGE,1,2011-08-10 16:56:00,195.62,,United Kingdom,195.62,2011-08,True
C562938,M,MANUAL,-1,2011-08-10 17:14:00,1121.18,14156,EIRE,-1121.18,2011-08,True
562946,M,MANUAL,1,2011-08-11 09:38:00,2500.0,15581,United Kingdom,2500.0,2011-08,True
562955,DOT,DOTCOM POSTAGE,1,2011-08-11 10:14:00,4505.17,,United Kingdom,4505.17,2011-08,True
C562958,M,MANUAL,-1,2011-08-11 10:19:00,3.25,17531,United Kingdom,-3.25,2011-08,True
562960,C2,CARRIAGE,1,2011-08-11 10:22:00,50.0,14911,EIRE,50.0,2011-08,True
563020,POST,POSTAGE,3,2011-08-11 12:58:00,40.0,12428,Finland,120.0,2011-08,True
563025,POST,POSTAGE,1,2011-08-11 14:00:00,1.69,,United Kingdom,1.69,2011-08,True
563037,POST,POSTAGE,3,2011-08-11 15:02:00,15.0,12362,Belgium,45.0,2011-08,True
563093,DOT,DOTCOM POSTAGE,1,2011-08-11 17:28:00,176.41,,United Kingdom,176.41,2011-08,True
563100,POST,POSTAGE,6,2011-08-12 09:57:00,40.0,12381,Norway,240.0,2011-08,True
563137,M,MANUAL,1,2011-08-12 11:22:00,1.65,14534,United Kingdom,1.65,2011-08,True
563172,POST,POSTAGE,1,2011-08-12 13:15:00,15.0,12399,Belgium,15.0,2011-08,True
A563185,B,ADJUST BAD DEBT,1,2011-08-12 14:50:00,11062.06,,United Kingdom,11062.06,2011-08,True
A563186,B,ADJUST BAD DEBT,1,2011-08-12 14:51:00,-11062.06,,United Kingdom,-11062.06,2011-08,True
A563187,B,ADJUST BAD DEBT,1,2011-08-12 14:52:00,-11062.06,,United Kingdom,-11062.06,2011-08,True
563189,POST,POSTAGE,2,2011-08-12 15:22:00,18.0,12682,France,36.0,2011-08,True
563193,DOT,DOTCOM POSTAGE,1,2011-08-12 16:30:00,199.89,,United Kingdom,199.89,2011-08,True
563195,DOT,DOTCOM POSTAGE,1,2011-08-12 16:36:00,222.49,,United Kingdom,222.49,2011-08,True
C563225,D,DISCOUNT,-1,2011-08-14 14:35:00,434.51,14911,EIRE,-434.51,2011-08,True
563288,POST,POSTAGE,4,2011-08-15 12:53:00,18.0,12656,France,72.0,2011-08,True
563345,POST,POSTAGE,2,2011-08-15 13:22:00,18.0,12619,Germany,36.0,2011-08,True
563355,C2,CARRIAGE,1,2011-08-15 14:39:00,50.0,14156,EIRE,50.0,2011-08,True
563373,POST,POSTAGE,2,2011-08-16 10:02:00,18.0,12569,Germany,36.0,2011-08,True
563383,POST,POSTAGE,1,2011-08-16 10:52:00,15.0,14407,United Kingdom,15.0,2011-08,True
563443,POST,POSTAGE,1,2011-08-16 13:26:00,40.0,12641,Sweden,40.0,2011-08,True
C563446,POST,POSTAGE,-1,2011-08-16 14:24:00,4.41,15205,United Kingdom,-4.41,2011-08,True
563480,POST,POSTAGE,1,2011-08-16 15:52:00,2.45,,United Kingdom,2.45,2011-08,True
563518,POST,POSTAGE,2,2011-08-17 10:56:00,28.0,12421,Spain,56.0,2011-08,True
C563535,BANK CHARGES,BANK CHARGES,-1,2011-08-17 11:38:00,612.46,,United Kingdom,-612.46,2011-08,True
C563536,M,MANUAL,-1,2011-08-17 11:39:00,413.68,,United Kingdom,-413.68,2011-08,True
C563537,M,MANUAL,-1,2011-08-17 11:40:00,793.32,,United Kingdom,-793.32,2011-08,True
563540,POST,POSTAGE,5,2011-08-17 12:04:00,18.0,12473,Germany,90.0,2011-08,True
563547,C2,CARRIAGE,1,2011-08-17 12:29:00,50.0,,EIRE,50.0,2011-08,True
563548,POST,POSTAGE,3,2011-08-17 12:30:00,18.0,12528,Germany,54.0,2011-08,True
563549,DOT,DOTCOM POSTAGE,1,2011-08-17 12:34:00,1154.67,,United Kingdom,1154.67,2011-08,True
563565,M,MANUAL,12,2011-08-17 14:22:00,0.42,17338,United Kingdom,5.04,2011-08,True
563576,M,MANUAL,1,2011-08-17 15:06:00,8.49,12748,United Kingdom,8.49,2011-08,True
C563592,D,DISCOUNT,-1,2011-08-18 06:12:00,9.6,16029,United Kingdom,-9.6,2011-08,True
C563593,D,DISCOUNT,-1,2011-08-18 06:13:00,206.4,14646,Netherlands,-206.4,2011-08,True
563662,POST,POSTAGE,2,2011-08-18 11:40:00,18.0,12729,France,36.0,2011-08,True
563692,M,MANUAL,4,2011-08-18 13:01:00,2.1,17243,United Kingdom,8.4,2011-08,True
563712,POST,POSTAGE,2,2011-08-18 15:44:00,18.0,12680,France,36.0,2011-08,True
563714,C2,CARRIAGE,1,2011-08-18 15:51:00,50.0,14565,United Kingdom,50.0,2011-08,True
563749,POST,POSTAGE,2,2011-08-19 10:10:00,40.0,12360,Austria,80.0,2011-08,True
563753,POST,POSTAGE,3,2011-08-19 10:51:00,18.0,12513,France,54.0,2011-08,True
563776,POST,POSTAGE,2,2011-08-19 11:23:00,18.0,12600,Germany,36.0,2011-08,True
563808,POST,POSTAGE,2,2011-08-19 11:46:00,18.0,12626,Germany,36.0,2011-08,True
563820,M,MANUAL,1,2011-08-19 11:57:00,10.0,,United Kingdom,10.0,2011-08,True
563852,POST,POSTAGE,2,2011-08-19 15:18:00,15.0,12395,Belgium,30.0,2011-08,True
563853,POST,POSTAGE,8,2011-08-19 15:22:00,18.0,12560,Germany,144.0,2011-08,True
563854,POST,POSTAGE,3,2011-08-19 15:24:00,15.0,12364,Belgium,45.0,2011-08,True
563897,POST,POSTAGE,1,2011-08-21 10:44:00,18.0,12523,France,18.0,2011-08,True
563911,C2,CARRIAGE,1,2011-08-21 12:39:00,50.0,16265,United Kingdom,50.0,2011-08,True
563913,C2,CARRIAGE,1,2011-08-21 13:11:00,50.0,14911,EIRE,50.0,2011-08,True
563914,POST,POSTAGE,2,2011-08-21 13:18:00,18.0,12518,Germany,36.0,2011-08,True
563926,POST,POSTAGE,2,2011-08-21 14:42:00,18.0,12553,France,36.0,2011-08,True
563936,POST,POSTAGE,1,2011-08-22 09:03:00,40.0,17828,Malta,40.0,2011-08,True
563950,POST,POSTAGE,7,2011-08-22 10:39:00,18.0,12471,Germany,126.0,2011-08,True
564039,POST,POSTAGE,2,2011-08-22 12:40:00,18.0,12645,Germany,36.0,2011-08,True
564082,POST,POSTAGE,4,2011-08-23 08:51:00,18.0,12627,Germany,72.0,2011-08,True
564085,C2,CARRIAGE,1,2011-08-23 09:17:00,50.0,14911,EIRE,50.0,2011-08,True
564086,POST,POSTAGE,1,2011-08-23 09:36:00,160.0,,Hong Kong,160.0,2011-08,True
564140,POST,POSTAGE,2,2011-08-23 11:47:00,18.0,12621,Germany,36.0,2011-08,True
564173,POST,POSTAGE,4,2011-08-23 14:23:00,18.0,12567,France,72.0,2011-08,True
C564183,POST,POSTAGE,-1,2011-08-23 15:04:00,14.95,,United Kingdom,-14.95,2011-08,True
C564183,M,MANUAL,-1,2011-08-23 15:04:00,58.29,,United Kingdom,-58.29,2011-08,True
564196,POST,POSTAGE,1,2011-08-23 16:56:00,15.0,17315,United Kingdom,15.0,2011-08,True
564201,POST,POSTAGE,2,2011-08-24 08:09:00,28.0,12540,Spain,56.0,2011-08,True
564216,POST,POSTAGE,2,2011-08-24 09:23:00,18.0,12642,Germany,36.0,2011-08,True
564221,DOT,DOTCOM POSTAGE,1,2011-08-24 09:36:00,1325.0,,United Kingdom,1325.0,2011-08,True
564226,POST,POSTAGE,2,2011-08-24 10:13:00,18.0,12523,France,36.0,2011-08,True
564307,M,MANUAL,1,2011-08-24 12:32:00,2.1,17865,United Kingdom,2.1,2011-08,True
564328,POST,POSTAGE,2,2011-08-24 13:42:00,18.0,12662,Germany,36.0,2011-08,True
564329,POST,POSTAGE,2,2011-08-24 13:55:00,18.0,12569,Germany,36.0,2011-08,True
C564331,POST,POSTAGE,-1,2011-08-24 13:57:00,18.0,12569,Germany,-18.0,2011-08,True
564337,POST,POSTAGE,1,2011-08-24 14:40:00,18.0,12649,Germany,18.0,2011-08,True
C564340,AMAZONFEE,AMAZON FEE,-1,2011-08-24 14:50:00,4527.65,,United Kingdom,-4527.65,2011-08,True
C564341,AMAZONFEE,AMAZON FEE,-1,2011-08-24 14:53:00,6662.51,,United Kingdom,-6662.51,2011-08,True
564360,POST,POSTAGE,3,2011-08-24 16:13:00,18.0,12471,Germany,54.0,2011-08,True
564367,POST,POSTAGE,1,2011-08-25 09:18:00,18.0,12712,Germany,18.0,2011-08,True
564372,POST,POSTAGE,6,2011-08-25 09:55:00,18.0,12714,France,108.0,2011-08,True
564378,POST,POSTAGE,3,2011-08-25 10:26:00,15.0,12417,Belgium,45.0,2011-08,True
C564435,POST,POSTAGE,-1,2011-08-25 12:05:00,4.41,17676,United Kingdom,-4.41,2011-08,True
564471,POST,POSTAGE,1,2011-08-25 12:26:00,18.0,12583,France,18.0,2011-08,True
564475,POST,POSTAGE,1,2011-08-25 12:50:00,18.0,12500,Germany,18.0,2011-08,True
564476,POST,POSTAGE,1,2011-08-25 12:57:00,40.0,12610,Italy,40.0,2011-08,True
564479,POST,POSTAGE,2,2011-08-25 13:12:00,18.0,12682,France,36.0,2011-08,True
564481,POST,POSTAGE,3,2011-08-25 13:33:00,15.0,12464,Belgium,45.0,2011-08,True
C564486,S,SAMPLES,-1,2011-08-25 13:57:00,83.06,,United Kingdom,-83.06,2011-08,True
C564486,S,SAMPLES,-1,2011-08-25 13:57:00,280.17,,United Kingdom,-280.17,2011-08,True
C564486,S,SAMPLES,-1,2011-08-25 13:57:00,162.0,,United Kingdom,-162.0,2011-08,True
C564487,D,DISCOUNT,-1,2011-08-25 14:07:00,11.52,15838,United Kingdom,-11.52,2011-08,True
C564492,S,SAMPLES,-1,2011-08-25 14:16:00,239.07,,United Kingdom,-239.07,2011-08,True
C564492,S,SAMPLES,-1,2011-08-25 14:16:00,34.9,,United Kingdom,-34.9,2011-08,True
C564494,BANK CHARGES,BANK CHARGES,-1,2011-08-25 14:20:00,83.83,,United Kingdom,-83.83,2011-08,True
C564498,BANK CHARGES,BANK CHARGES,-1,2011-08-25 14:22:00,77.63,,United Kingdom,-77.63,2011-08,True
564516,DOT,DOTCOM POSTAGE,1,2011-08-25 14:45:00,309.75,,United Kingdom,309.75,2011-08,True
564530,M,MANUAL,1,2011-08-25 14:57:00,312.5,,United Kingdom,312.5,2011-08,True
564531,POST,POSTAGE,2,2011-08-25 15:04:00,18.0,12624,France,36.0,2011-08,True
564539,POST,POSTAGE,2,2011-08-25 15:22:00,40.0,12715,Sweden,80.0,2011-08,True
564558,POST,POSTAGE,2,2011-08-26 08:59:00,40.0,12704,Finland,80.0,2011-08,True
564638,POST,POSTAGE,1,2011-08-26 12:54:00,18.0,13812,Germany,18.0,2011-08,True
564649,POST,POSTAGE,1,2011-08-26 14:13:00,15.0,15611,United Kingdom,15.0,2011-08,True
564654,C2,CARRIAGE,1,2011-08-26 14:29:00,50.0,14911,EIRE,50.0,2011-08,True
564665,POST,POSTAGE,1,2011-08-26 14:48:00,1.1,,United Kingdom,1.1,2011-08,True
564666,POST,POSTAGE,1,2011-08-26 14:51:00,18.0,12492,Germany,18.0,2011-08,True
564670,POST,POSTAGE,6,2011-08-26 15:44:00,18.0,12683,France,108.0,2011-08,True
564749,POST,POSTAGE,2,2011-08-30 08:15:00,18.0,12708,Germany,36.0,2011-08,True
564754,DOT,DOTCOM POSTAGE,1,2011-08-30 10:29:00,186.87,,United Kingdom,186.87,2011-08,True
564755,DOT,DOTCOM POSTAGE,1,2011-08-30 10:31:00,170.92,,United Kingdom,170.92,2011-08,True
564756,DOT,DOTCOM POSTAGE,1,2011-08-30 10:33:00,165.2,,United Kingdom,165.2,2011-08,True
564757,DOT,DOTCOM POSTAGE,1,2011-08-30 10:36:00,198.09,,United Kingdom,198.09,2011-08,True
564758,DOT,DOTCOM POSTAGE,1,2011-08-30 10:39:00,252.37,,United Kingdom,252.37,2011-08,True
564760,gift_0001_10,DOTCOMGIFTSHOP GIFT VOUCHER £10.00,1,2011-08-30 10:47:00,8.33,,United Kingdom,8.33,2011-08,True
564760,gift_0001_30,DOTCOMGIFTSHOP GIFT VOUCHER £30.00,1,2011-08-30 10:47:00,25.0,,United Kingdom,25.0,2011-08,True
564760,DOT,DOTCOM POSTAGE,1,2011-08-30 10:47:00,191.06,,United Kingdom,191.06,2011-08,True
564764,DOT,DOTCOM POSTAGE,1,2011-08-30 10:49:00,11.17,14096,United Kingdom,11.17,2011-08,True
C564763,CRUK,CRUK COMMISSION,-1,2011-08-30 10:49:00,1.6,14096,United Kingdom,-1.6,2011-08,True
C564812,D,DISCOUNT,-1,2011-08-30 11:45:00,16.67,14527,United Kingdom,-16.67,2011-08,True
C564812,D,DISCOUNT,-1,2011-08-30 11:45:00,15.07,14527,United Kingdom,-15.07,2011-08,True
C564812,D,DISCOUNT,-1,2011-08-30 11:45:00,10.06,14527,United Kingdom,-10.06,2011-08,True
C564812,D,DISCOUNT,-1,2011-08-30 11:45:00,13.0,14527,United Kingdom,-13.0,2011-08,True
564817,DOT,DOTCOM POSTAGE,1,2011-08-30 12:02:00,177.63,,United Kingdom,177.63,2011-08,True
564818,DOT,DOTCOM POSTAGE,1,2011-08-30 12:10:00,192.71,,United Kingdom,192.71,2011-08,True
564819,POST,POSTAGE,1,2011-08-30 12:11:00,40.0,12814,Poland,40.0,2011-08,True
564820,DOT,DOTCOM POSTAGE,1,2011-08-30 12:16:00,150.35,,United Kingdom,150.35,2011-08,True
564825,DCGSSGIRL,GIRLS PARTY BAG,1,2011-08-30 12:26:00,3.29,,United Kingdom,3.29,2011-08,True
564825,DOT,DOTCOM POSTAGE,1,2011-08-30 12:26:00,124.83,,United Kingdom,124.83,2011-08,True
564835,DOT,DOTCOM POSTAGE,1,2011-08-30 12:31:00,176.72,,United Kingdom,176.72,2011-08,True
564837,DOT,DOTCOM POSTAGE,1,2011-08-30 12:40:00,177.63,,United Kingdom,177.63,2011-08,True
564838,DOT,DOTCOM POSTAGE,1,2011-08-30 12:43:00,171.07,,United Kingdom,171.07,2011-08,True
564840,DOT,DOTCOM POSTAGE,1,2011-08-30 12:49:00,191.96,,United Kingdom,191.96,2011-08,True
564844,POST,POSTAGE,1,2011-08-30 14:11:00,3.82,,United Kingdom,3.82,2011-08,True
564853,POST,POSTAGE,3,2011-08-31 08:55:00,15.0,12423,Belgium,45.0,2011-08,True
564857,DOT,DOTCOM POSTAGE,1,2011-08-31 09:23:00,877.04,,United Kingdom,877.04,2011-08,True
564858,POST,POSTAGE,5,2011-08-31 09:44:00,28.0,12484,Spain,140.0,2011-08,True
564861,POST,POSTAGE,1,2011-08-31 10:21:00,15.0,17315,United Kingdom,15.0,2011-08,True
564862,POST,POSTAGE,1,2011-08-31 10:24:00,145.0,12678,France,145.0,2011-08,True
C564899,M,MANUAL,-480,2011-08-31 11:31:00,0.22,14646,Netherlands,-105.6,2011-08,True
C564905,POST,POSTAGE,-1,2011-08-31 12:16:00,87.4,17450,United Kingdom,-87.4,2011-08,True
C564905,POST,POSTAGE,-1,2011-08-31 12:16:00,79.68,17450,United Kingdom,-79.68,2011-08,True
564906,POST,POSTAGE,2,2011-08-31 12:18:00,18.0,12682,France,36.0,2011-08,True
C564909,D,DISCOUNT,-1,2011-08-31 12:29:00,66.17,15498,United Kingdom,-66.17,2011-08,True
C564909,D,DISCOUNT,-1,2011-08-31 12:29:00,33.75,15498,United Kingdom,-33.75,2011-08,True
564912,POST,POSTAGE,3,2011-08-31 12:33:00,18.0,12490,France,54.0,2011-08,True
564972,POST,POSTAGE,6,2011-08-31 15:30:00,18.0,12621,Germany,108.0,2011-08,True
564974,gift_0001_10,DOTCOMGIFTSHOP GIFT VOUCHER £10.00,2,2011-08-31 15:32:00,8.33,,United Kingdom,16.66,2011-08,True
564974,DOT,DOTCOM POSTAGE,1,2011-08-31 15:32:00,161.16,,United Kingdom,161.16,2011-08,True
C565075,D,DISCOUNT,-1,2011-08-31 17:25:00,36.3,13408,United Kingdom,-36.3,2011-08,True
C565075,D,DISCOUNT,-1,2011-08-31 17:25:00,38.39,13408,United Kingdom,-38.39,2011-08,True
C565078,D,DISCOUNT,-1,2011-08-31 17:45:00,57.6,16422,United Kingdom,-57.6,2011-08,True
565123,M,MANUAL,96,2011-09-01 11:56:00,5.0,17949,United Kingdom,480.0,2011-09,True
565124,POST,POSTAGE,2,2011-09-01 12:09:00,40.0,12436,Norway,80.0,2011-09,True
565197,C2,CARRIAGE,1,2011-09-01 16:16:00,50.0,13376,United Kingdom,50.0,2011-09,True
565210,M,MANUAL,41,2011-09-01 17:09:00,0.19,17750,United Kingdom,7.79,2011-09,True
C565229,POST,POSTAGE,-1,2011-09-02 09:12:00,200.0,17450,United Kingdom,-200.0,2011-09,True
565231,gift_0001_30,DOTCOMGIFTSHOP GIFT VOUCHER £30.00,1,2011-09-02 09:26:00,25.0,,United Kingdom,25.0,2011-09,True
565231,DOT,DOTCOM POSTAGE,1,2011-09-02 09:26:00,119.77,,United Kingdom,119.77,2011-09,True
565232,DOT,DOTCOM POSTAGE,1,2011-09-02 09:30:00,131.69,,United Kingdom,131.69,2011-09,True
565233,DOT,DOTCOM POSTAGE,1,2011-09-02 09:34:00,235.02,,United Kingdom,235.02,2011-09,True
565234,DOT,DOTCOM POSTAGE,1,2011-09-02 09:38:00,178.29,,United Kingdom,178.29,2011-09,True
565239,POST,POSTAGE,3,2011-09-02 09:51:00,18.0,12670,France,54.0,2011-09,True
565246,POST,POSTAGE,4,2011-09-02 10:27:00,15.0,12408,Belgium,60.0,2011-09,True
565261,POST,POSTAGE,2,2011-09-02 10:53:00,18.0,12474,Germany,36.0,2011-09,True
565286,DOT,DOTCOM POSTAGE,1,2011-09-02 11:39:00,249.71,,United Kingdom,249.71,2011-09,True
565287,POST,POSTAGE,1,2011-09-02 11:42:00,18.0,12483,Sweden,18.0,2011-09,True
C565313,D,DISCOUNT,-1,2011-09-02 12:41:00,14.5,14527,United Kingdom,-14.5,2011-09,True
565321,POST,POSTAGE,2,2011-09-02 13:14:00,18.0,12437,France,36.0,2011-09,True
565333,POST,POSTAGE,1,2011-09-02 14:23:00,40.0,12375,Finland,40.0,2011-09,True
565377,M,MANUAL,1,2011-09-02 15:12:00,852.8,18087,United Kingdom,852.8,2011-09,True
565383,DOT,DOTCOM POSTAGE,1,2011-09-02 15:45:00,16.46,14096,United Kingdom,16.46,2011-09,True
C565382,CRUK,CRUK COMMISSION,-1,2011-09-02 15:45:00,13.01,14096,United Kingdom,-13.01,2011-09,True
C565390,D,DISCOUNT,-1,2011-09-02 16:23:00,110.43,13408,United Kingdom,-110.43,2011-09,True
565396,DOT,DOTCOM POSTAGE,1,2011-09-02 16:39:00,191.46,,United Kingdom,191.46,2011-09,True
565416,POST,POSTAGE,2,2011-09-04 12:00:00,18.0,12710,Germany,36.0,2011-09,True
565423,POST,POSTAGE,1,2011-09-04 12:23:00,18.0,12569,Germany,18.0,2011-09,True
C565428,M,MANUAL,-1,2011-09-04 12:53:00,4.25,12867,United Kingdom,-4.25,2011-09,True
565442,POST,POSTAGE,3,2011-09-04 14:09:00,18.0,12627,Germany,54.0,2011-09,True
565443,POST,POSTAGE,3,2011-09-04 14:22:00,18.0,12567,France,54.0,2011-09,True
565457,C2,CARRIAGE,1,2011-09-05 09:07:00,50.0,14565,United Kingdom,50.0,2011-09,True
565474,C2,CARRIAGE,1,2011-09-05 10:34:00,50.0,14156,EIRE,50.0,2011-09,True
565519,POST,POSTAGE,7,2011-09-05 11:52:00,28.0,12502,Spain,196.0,2011-09,True
565579,M,MANUAL,1,2011-09-05 12:35:00,4.0,18283,United Kingdom,4.0,2011-09,True
565583,POST,POSTAGE,1,2011-09-05 12:41:00,40.0,12816,Poland,40.0,2011-09,True
565587,POST,POSTAGE,6,2011-09-05 13:38:00,18.0,12727,France,108.0,2011-09,True
565612,POST,POSTAGE,2,2011-09-05 15:17:00,18.0,12616,France,36.0,2011-09,True
565617,DOT,DOTCOM POSTAGE,1,2011-09-05 15:30:00,138.0,,United Kingdom,138.0,2011-09,True
565735,BANK CHARGES,BANK CHARGES,1,2011-09-06 12:25:00,15.0,16904,United Kingdom,15.0,2011-09,True
565759,POST,POSTAGE,3,2011-09-06 13:46:00,18.0,12720,Germany,54.0,2011-09,True
565765,POST,POSTAGE,2,2011-09-06 14:19:00,18.0,12526,Germany,36.0,2011-09,True
565777,POST,POSTAGE,1,2011-09-06 14:53:00,18.0,12569,Germany,18.0,2011-09,True
565785,POST,POSTAGE,5,2011-09-06 16:57:00,40.0,12461,Switzerland,200.0,2011-09,True
565801,POST,POSTAGE,3,2011-09-07 10:28:00,18.0,12685,France,54.0,2011-09,True
565840,DOT,DOTCOM POSTAGE,1,2011-09-07 12:02:00,203.73,,United Kingdom,203.73,2011-09,True
565841,DOT,DOTCOM POSTAGE,1,2011-09-07 12:04:00,194.7,,United Kingdom,194.7,2011-09,True
565847,DOT,DOTCOM POSTAGE,1,2011-09-07 12:44:00,1569.04,,United Kingdom,1569.04,2011-09,True
565851,C2,CARRIAGE,1,2011-09-07 13:06:00,50.0,14911,EIRE,50.0,2011-09,True
565854,POST,POSTAGE,4,2011-09-07 13:22:00,18.0,12490,France,72.0,2011-09,True
565870,POST,POSTAGE,1,2011-09-07 15:10:00,15.0,16828,United Kingdom,15.0,2011-09,True
565916,C2,CARRIAGE,1,2011-09-07 16:00:00,50.0,14156,EIRE,50.0,2011-09,True
565917,DOT,DOTCOM POSTAGE,1,2011-09-07 16:15:00,211.86,,United Kingdom,211.86,2011-09,True
565919,DOT,DOTCOM POSTAGE,1,2011-09-07 16:48:00,211.8,,United Kingdom,211.8,2011-09,True
C565925,POST,POSTAGE,-1,2011-09-08 10:02:00,18.0,12471,Germany,-18.0,2011-09,True
565930,POST,POSTAGE,5,2011-09-08 10:32:00,18.0,12685,France,90.0,2011-09,True
565931,POST,POSTAGE,2,2011-09-08 10:35:00,18.0,12683,France,36.0,2011-09,True
565933,POST,POSTAGE,1,2011-09-08 10:43:00,15.0,15885,United Kingdom,15.0,2011-09,True
C565962,M,MANUAL,-12,2011-09-08 11:25:00,1.25,14410,United Kingdom,-15.0,2011-09,True
566040,POST,POSTAGE,2,2011-09-08 13:38:00,28.0,12540,Spain,56.0,2011-09,True
566054,POST,POSTAGE,1,2011-09-08 15:04:00,18.0,12592,Germany,18.0,2011-09,True
566059,POST,POSTAGE,1,2011-09-08 15:22:00,18.0,12569,Germany,18.0,2011-09,True
566060,DOT,DOTCOM POSTAGE,1,2011-09-08 15:27:00,213.71,,United Kingdom,213.71,2011-09,True
566076,POST,POSTAGE,11,2011-09-09 09:13:00,15.0,12449,Belgium,165.0,2011-09,True
C566078,D,DISCOUNT,-1,2011-09-09 09:38:00,45.33,13137,United Kingdom,-45.33,2011-09,True
566080,POST,POSTAGE,1,2011-09-09 10:05:00,15.0,15187,United Kingdom,15.0,2011-09,True
566115,POST,POSTAGE,1,2011-09-09 10:51:00,18.0,12674,France,18.0,2011-09,True
C566168,M,MANUAL,-1,2011-09-09 12:02:00,116.69,,United Kingdom,-116.69,2011-09,True
566173,POST,POSTAGE,1,2011-09-09 12:24:00,15.0,12787,Netherlands,15.0,2011-09,True
C566187,M,MANUAL,-1,2011-09-09 13:03:00,110.45,14096,United Kingdom,-110.45,2011-09,True
C566216,CRUK,CRUK COMMISSION,-1,2011-09-09 15:17:00,15.96,14096,United Kingdom,-15.96,2011-09,True
566217,DOT,DOTCOM POSTAGE,1,2011-09-09 15:17:00,13.16,14096,United Kingdom,13.16,2011-09,True
566221,DOT,DOTCOM POSTAGE,1,2011-09-09 16:13:00,197.74,,United Kingdom,197.74,2011-09,True
566233,POST,POSTAGE,7,2011-09-11 11:04:00,18.0,12635,Germany,126.0,2011-09,True
566256,POST,POSTAGE,1,2011-09-11 12:27:00,18.0,12680,France,18.0,2011-09,True
566261,C2,CARRIAGE,1,2011-09-11 12:46:00,50.0,13372,United Kingdom,50.0,2011-09,True
566267,POST,POSTAGE,3,2011-09-11 13:32:00,18.0,12647,Germany,54.0,2011-09,True
566268,POST,POSTAGE,3,2011-09-11 13:38:00,18.0,13813,Germany,54.0,2011-09,True
566446,DOT,DOTCOM POSTAGE,1,2011-09-12 15:40:00,228.33,,United Kingdom,228.33,2011-09,True
C566475,D,DISCOUNT,-1,2011-09-12 18:26:00,20.75,14527,United Kingdom,-20.75,2011-09,True
566492,POST,POSTAGE,1,2011-09-13 10:34:00,18.0,12679,France,18.0,2011-09,True
566562,M,MANUAL,12,2011-09-13 12:18:00,0.42,17365,United Kingdom,5.04,2011-09,True
C566565,CRUK,CRUK COMMISSION,-1,2011-09-13 12:32:00,52.24,14096,United Kingdom,-52.24,2011-09,True
566566,DOT,DOTCOM POSTAGE,1,2011-09-13 12:32:00,85.58,14096,United Kingdom,85.58,2011-09,True
566577,DOT,DOTCOM POSTAGE,1,2011-09-13 13:29:00,484.17,,United Kingdom,484.17,2011-09,True
C566578,M,MANUAL,-1,2011-09-13 13:33:00,92.93,,United Kingdom,-92.93,2011-09,True
C566579,M,MANUAL,-1,2011-09-13 13:34:00,6.59,,United Kingdom,-6.59,2011-09,True
566586,POST,POSTAGE,1,2011-09-13 14:23:00,18.0,12619,Germany,18.0,2011-09,True
566598,POST,POSTAGE,1,2011-09-13 15:35:00,40.0,12664,Finland,40.0,2011-09,True
566602,DOT,DOTCOM POSTAGE,1,2011-09-13 16:05:00,226.37,,United Kingdom,226.37,2011-09,True
566603,DOT,DOTCOM POSTAGE,1,2011-09-13 16:12:00,122.65,,United Kingdom,122.65,2011-09,True
C566613,D,DISCOUNT,-1,2011-09-13 17:17:00,15.0,16029,United Kingdom,-15.0,2011-09,True
C566614,D,DISCOUNT,-1,2011-09-13 17:28:00,102.24,16029,United Kingdom,-102.24,2011-09,True
566736,POST,POSTAGE,2,2011-09-14 14:19:00,18.0,12726,France,36.0,2011-09,True
566739,POST,POSTAGE,3,2011-09-14 14:30:00,18.0,12566,Germany,54.0,2011-09,True
566757,DOT,DOTCOM POSTAGE,1,2011-09-14 15:54:00,141.19,,United Kingdom,141.19,2011-09,True
566773,POST,POSTAGE,2,2011-09-15 09:43:00,40.0,12444,Norway,80.0,2011-09,True
566776,C2,CARRIAGE,1,2011-09-15 09:53:00,50.0,14911,EIRE,50.0,2011-09,True
566787,DOT,DOTCOM POSTAGE,1,2011-09-15 10:31:00,800.63,,United Kingdom,800.63,2011-09,True
566846,C2,CARRIAGE,1,2011-09-15 11:54:00,50.0,14911,EIRE,50.0,2011-09,True
566865,POST,POSTAGE,1,2011-09-15 12:53:00,15.0,14735,United Kingdom,15.0,2011-09,True
C566889,AMAZONFEE,AMAZON FEE,-1,2011-09-15 13:50:00,5522.14,,United Kingdom,-5522.14,2011-09,True
C566899,AMAZONFEE,AMAZON FEE,-1,2011-09-15 13:53:00,7427.97,,United Kingdom,-7427.97,2011-09,True
566916,POST,POSTAGE,4,2011-09-15 14:25:00,40.0,12457,Switzerland,160.0,2011-09,True
566918,POST,POSTAGE,1,2011-09-15 14:50:00,18.0,12722,France,18.0,2011-09,True
C566925,M,MANUAL,-1,2011-09-15 15:18:00,1829.84,12748,United Kingdom,-1829.84,2011-09,True
566927,M,MANUAL,1,2011-09-15 15:20:00,2033.1,17846,United Kingdom,2033.1,2011-09,True
566949,DOT,DOTCOM POSTAGE,1,2011-09-15 16:32:00,178.84,,United Kingdom,178.84,2011-09,True
566952,DOT,DOTCOM POSTAGE,1,2011-09-15 16:37:00,239.91,,United Kingdom,239.91,2011-09,True
566984,POST,POSTAGE,3,2011-09-16 10:39:00,18.0,12471,Germany,54.0,2011-09,True
566985,DOT,DOTCOM POSTAGE,1,2011-09-16 10:42:00,594.0,,United Kingdom,594.0,2011-09,True
566987,POST,POSTAGE,4,2011-09-16 10:56:00,18.0,12476,Germany,72.0,2011-09,True
C567130,M,MANUAL,-1,2011-09-16 14:11:00,1039.73,,United Kingdom,-1039.73,2011-09,True
567134,POST,POSTAGE,1,2011-09-16 14:20:00,18.0,12600,Germany,18.0,2011-09,True
C567136,BANK CHARGES,BANK CHARGES,-1,2011-09-16 14:27:00,366.27,,United Kingdom,-366.27,2011-09,True
C567155,M,MANUAL,-1,2011-09-16 16:52:00,345.03,17728,United Kingdom,-345.03,2011-09,True
567183,M,MANUAL,1,2011-09-18 15:32:00,1.65,14769,United Kingdom,1.65,2011-09,True
567191,POST,POSTAGE,3,2011-09-19 09:15:00,18.0,12562,France,54.0,2011-09,True
567196,POST,POSTAGE,2,2011-09-19 10:09:00,15.0,12379,Belgium,30.0,2011-09,True
C567289,POST,POSTAGE,-1,2011-09-19 11:50:00,4.41,17612,United Kingdom,-4.41,2011-09,True
567293,POST,POSTAGE,5,2011-09-19 12:01:00,18.0,12640,France,90.0,2011-09,True
567296,POST,POSTAGE,1,2011-09-19 12:19:00,18.0,12682,France,18.0,2011-09,True
567298,POST,POSTAGE,5,2011-09-19 12:29:00,18.0,12497,Germany,90.0,2011-09,True
567300,POST,POSTAGE,3,2011-09-19 12:36:00,18.0,12724,France,54.0,2011-09,True
567305,POST,POSTAGE,2,2011-09-19 13:28:00,18.0,12621,Germany,36.0,2011-09,True
567336,POST,POSTAGE,4,2011-09-19 14:56:00,18.0,12621,Germany,72.0,2011-09,True
567340,POST,POSTAGE,4,2011-09-19 15:02:00,28.0,12540,Spain,112.0,2011-09,True
567342,POST,POSTAGE,1,2011-09-19 15:04:00,10.0,16235,United Kingdom,10.0,2011-09,True
C567352,M,MANUAL,-1,2011-09-19 16:13:00,2653.95,,Hong Kong,-2653.95,2011-09,True
567353,M,MANUAL,1,2011-09-19 16:14:00,2653.95,,Hong Kong,2653.95,2011-09,True
567424,M,MANUAL,2,2011-09-20 11:16:00,0.19,16369,United Kingdom,0.38,2011-09,True
567424,M,MANUAL,2,2011-09-20 11:16:00,0.85,16369,United Kingdom,1.7,2011-09,True
567460,M,MANUAL,3,2011-09-20 12:30:00,0.19,15888,United Kingdom,0.5700000000000001,2011-09,True
567460,M,MANUAL,6,2011-09-20 12:30:00,0.85,15888,United Kingdom,5.1,2011-09,True
567462,M,MANUAL,60,2011-09-20 12:35:00,0.08,14446,United Kingdom,4.8,2011-09,True
C567479,M,MANUAL,-1,2011-09-20 13:37:00,232.57,,United Kingdom,-232.57,2011-09,True
567485,M,MANUAL,60,2011-09-20 13:52:00,0.08,15026,United Kingdom,4.8,2011-09,True
567505,POST,POSTAGE,2,2011-09-20 14:34:00,40.0,12352,Norway,80.0,2011-09,True
567507,DOT,DOTCOM POSTAGE,1,2011-09-20 14:46:00,1092.21,,United Kingdom,1092.21,2011-09,True
C567518,M,MANUAL,-1,2011-09-20 16:28:00,5.95,,EIRE,-5.95,2011-09,True
567530,POST,POSTAGE,3,2011-09-21 09:33:00,15.0,12390,Belgium,45.0,2011-09,True
567552,POST,POSTAGE,3,2011-09-21 10:40:00,18.0,12583,France,54.0,2011-09,True
567578,POST,POSTAGE,2,2011-09-21 10:47:00,18.0,12701,Germany,36.0,2011-09,True
567616,C2,CARRIAGE,1,2011-09-21 12:23:00,50.0,14911,EIRE,50.0,2011-09,True
567618,POST,POSTAGE,1,2011-09-21 12:26:00,18.0,12721,France,18.0,2011-09,True
C567627,M,MANUAL,-1,2011-09-21 13:01:00,10.65,17511,United Kingdom,-10.65,2011-09,True
567631,C2,CARRIAGE,1,2011-09-21 13:33:00,50.0,13350,United Kingdom,50.0,2011-09,True
567653,POST,POSTAGE,5,2011-09-21 14:35:00,28.0,12550,Spain,140.0,2011-09,True
C567655,CRUK,CRUK COMMISSION,-1,2011-09-21 14:40:00,608.66,14096,United Kingdom,-608.66,2011-09,True
567656,DOT,DOTCOM POSTAGE,1,2011-09-21 14:40:00,878.55,14096,United Kingdom,878.55,2011-09,True
567665,DOT,DOTCOM POSTAGE,1,2011-09-21 15:22:00,148.55,,United Kingdom,148.55,2011-09,True
567666,POST,POSTAGE,4,2011-09-21 15:23:00,18.0,12520,Germany,72.0,2011-09,True
567667,DOT,DOTCOM POSTAGE,1,2011-09-21 15:24:00,213.79,,United Kingdom,213.79,2011-09,True
567668,DOT,DOTCOM POSTAGE,1,2011-09-21 15:29:00,234.94,,United Kingdom,234.94,2011-09,True
567670,DOT,DOTCOM POSTAGE,1,2011-09-21 15:32:00,220.5,,United Kingdom,220.5,2011-09,True
567671,DOT,DOTCOM POSTAGE,1,2011-09-21 15:34:00,248.51,,United Kingdom,248.51,2011-09,True
567673,DOT,DOTCOM POSTAGE,1,2011-09-21 15:43:00,224.26,,United Kingdom,224.26,2011-09,True
C567682,M,MANUAL,-13,2011-09-21 16:28:00,0.79,17997,United Kingdom,-10.27,2011-09,True
C567682,M,MANUAL,-9,2011-09-21 16:28:00,0.79,17997,United Kingdom,-7.11,2011-09,True
C567713,M,MANUAL,-3,2011-09-22 10:10:00,1.0,,United Kingdom,-3.0,2011-09,True
567720,C2,CARRIAGE,1,2011-09-22 10:37:00,50.0,14911,EIRE,50.0,2011-09,True
567756,POST,POSTAGE,3,2011-09-22 10:52:00,18.0,12678,France,54.0,2011-09,True
567793,POST,POSTAGE,4,2011-09-22 11:40:00,18.0,12657,France,72.0,2011-09,True
567795,POST,POSTAGE,6,2011-09-22 11:44:00,15.0,14646,Netherlands,90.0,2011-09,True
567824,POST,POSTAGE,1,2011-09-22 13:00:00,37.5,12739,United Arab Emirates,37.5,2011-09,True
567866,M,MANUAL,5,2011-09-22 14:13:00,0.8,16669,United Kingdom,4.0,2011-09,True
C567867,M,MANUAL,-5,2011-09-22 14:18:00,0.8,16669,United Kingdom,-4.0,2011-09,True
567869,M,MANUAL,5,2011-09-22 14:18:00,0.08,16669,United Kingdom,0.4,2011-09,True
C567896,D,DISCOUNT,-1,2011-09-22 15:59:00,18.62,14527,United Kingdom,-18.62,2011-09,True
567897,POST,POSTAGE,1,2011-09-22 16:07:00,15.0,12364,Belgium,15.0,2011-09,True
567901,DOT,DOTCOM POSTAGE,1,2011-09-22 16:28:00,175.6,,United Kingdom,175.6,2011-09,True
C567903,M,MANUAL,-120,2011-09-22 16:29:00,0.03,16422,United Kingdom,-3.5999999999999996,2011-09,True
567904,POST,POSTAGE,2,2011-09-22 16:34:00,18.0,12609,Germany,36.0,2011-09,True
567910,POST,POSTAGE,1,2011-09-22 16:58:00,18.0,12437,France,18.0,2011-09,True
567912,M,MANUAL,29,2011-09-22 17:07:00,0.06,15555,United Kingdom,1.74,2011-09,True
567914,POST,POSTAGE,1,2011-09-22 17:14:00,18.0,12647,Germany,18.0,2011-09,True
567915,POST,POSTAGE,3,2011-09-22 17:15:00,18.0,12579,France,54.0,2011-09,True
C567916,POST,POSTAGE,-1,2011-09-22 17:19:00,18.0,12579,France,-18.0,2011-09,True
567924,POST,POSTAGE,1,2011-09-22 17:25:00,18.0,12471,Germany,18.0,2011-09,True
567928,POST,POSTAGE,3,2011-09-22 17:31:00,18.0,12380,Belgium,54.0,2011-09,True
567938,POST,POSTAGE,2,2011-09-22 18:14:00,40.0,12704,Finland,80.0,2011-09,True
567958,POST,POSTAGE,2,2011-09-23 09:00:00,18.0,12619,Germany,36.0,2011-09,True
567959,POST,POSTAGE,4,2011-09-23 09:13:00,18.0,12516,Germany,72.0,2011-09,True
567968,POST,POSTAGE,3,2011-09-23 09:44:00,28.0,12546,Spain,84.0,2011-09,True
C567997,M,MANUAL,-1,2011-09-23 11:31:00,14.95,13097,United Kingdom,-14.95,2011-09,True
568001,POST,POSTAGE,1,2011-09-23 11:35:00,28.0,12540,Spain,28.0,2011-09,True
568040,POST,POSTAGE,4,2011-09-23 12:09:00,18.0,12681,France,72.0,2011-09,True
568050,M,MANUAL,1,2011-09-23 12:38:00,1.5,15901,United Kingdom,1.5,2011-09,True
568050,M,MANUAL,6,2011-09-23 12:38:00,0.08,15901,United Kingdom,0.48,2011-09,True
568056,POST,POSTAGE,5,2011-09-23 12:55:00,18.0,12705,Germany,90.0,2011-09,True
568057,DOT,DOTCOM POSTAGE,1,2011-09-23 12:56:00,698.5,,United Kingdom,698.5,2011-09,True
568103,POST,POSTAGE,3,2011-09-23 15:45:00,18.0,12518,Germany,54.0,2011-09,True
568132,M,MANUAL,3,2011-09-23 16:22:00,1.25,15549,United Kingdom,3.75,2011-09,True
568134,DOT,DOTCOM POSTAGE,1,2011-09-23 17:02:00,218.75,,United Kingdom,218.75,2011-09,True
568135,DOT,DOTCOM POSTAGE,1,2011-09-23 17:04:00,201.82,,United Kingdom,201.82,2011-09,True
C568138,M,MANUAL,-144,2011-09-25 10:43:00,0.36,16689,United Kingdom,-51.839999999999996,2011-09,True
568158,PADS,PADS TO MATCH ALL CUSHIONS,1,2011-09-25 12:22:00,0.0,16133,United Kingdom,0.0,2011-09,True
568172,POST,POSTAGE,1,2011-09-25 13:13:00,40.0,12348,Finland,40.0,2011-09,True
568176,POST,POSTAGE,1,2011-09-25 13:25:00,18.0,12685,France,18.0,2011-09,True
568179,POST,POSTAGE,3,2011-09-25 13:39:00,28.0,12545,Spain,84.0,2011-09,True
568200,PADS,PADS TO MATCH ALL CUSHIONS,1,2011-09-25 14:58:00,0.001,16198,United Kingdom,0.001,2011-09,True
568208,POST,POSTAGE,2,2011-09-25 15:35:00,28.0,12783,Portugal,56.0,2011-09,True
568221,C2,CARRIAGE,1,2011-09-26 10:05:00,50.0,14911,EIRE,50.0,2011-09,True
568223,POST,POSTAGE,2,2011-09-26 10:16:00,15.0,12412,Denmark,30.0,2011-09,True
C568240,POST,POSTAGE,-1,2011-09-26 12:04:00,4.5,17172,United Kingdom,-4.5,2011-09,True
568346,DOT,DOTCOM POSTAGE,1,2011-09-26 15:28:00,688.08,14096,United Kingdom,688.08,2011-09,True
C568345,CRUK,CRUK COMMISSION,-1,2011-09-26 15:28:00,447.56,14096,United Kingdom,-447.56,2011-09,True
568350,POST,POSTAGE,2,2011-09-26 15:35:00,18.0,12612,Germany,36.0,2011-09,True
568375,BANK CHARGES,BANK CHARGES,1,2011-09-26 17:01:00,15.0,13405,United Kingdom,15.0,2011-09,True
568375,BANK CHARGES,BANK CHARGES,1,2011-09-26 17:01:00,0.001,13405,United Kingdom,0.001,2011-09,True
568384,M,MANUAL,1,2011-09-27 09:46:00,0.0,12748,United Kingdom,0.0,2011-09,True
568398,POST,POSTAGE,1,2011-09-27 10:26:00,5.0,14543,United Kingdom,5.0,2011-09,True
C568410,POST,POSTAGE,-1,2011-09-27 10:42:00,80.0,12748,United Kingdom,-80.0,2011-09,True
568411,DOT,DOTCOM POSTAGE,1,2011-09-27 10:52:00,837.46,,United Kingdom,837.46,2011-09,True
568472,POST,POSTAGE,2,2011-09-27 11:50:00,18.0,12517,Germany,36.0,2011-09,True
568514,POST,POSTAGE,1,2011-09-27 12:44:00,1.36,,United Kingdom,1.36,2011-09,True
568518,POST,POSTAGE,1,2011-09-27 12:53:00,18.0,12680,France,18.0,2011-09,True
568554,POST,POSTAGE,1,2011-09-27 15:31:00,28.0,12455,Spain,28.0,2011-09,True
568567,DOT,DOTCOM POSTAGE,1,2011-09-27 18:41:00,227.99,,United Kingdom,227.99,2011-09,True
568645,POST,POSTAGE,3,2011-09-28 11:38:00,18.0,12656,France,54.0,2011-09,True
C568646,POST,POSTAGE,-1,2011-09-28 11:45:00,3.38,13430,United Kingdom,-3.38,2011-09,True
568650,POST,POSTAGE,8,2011-09-28 11:56:00,40.0,13505,Switzerland,320.0,2011-09,True
568651,POST,POSTAGE,4,2011-09-28 12:04:00,15.0,12362,Belgium,60.0,2011-09,True
568674,POST,POSTAGE,2,2011-09-28 13:30:00,18.0,12708,Germany,36.0,2011-09,True
568698,C2,CARRIAGE,1,2011-09-28 14:57:00,50.0,14911,EIRE,50.0,2011-09,True
568699,POST,POSTAGE,1,2011-09-28 14:58:00,40.0,12352,Norway,40.0,2011-09,True
568703,M,MANUAL,183,2011-09-28 15:21:00,0.08,12748,United Kingdom,14.64,2011-09,True
568706,C2,CARRIAGE,1,2011-09-28 15:32:00,50.0,14911,EIRE,50.0,2011-09,True
568716,DCGSSBOY,BOYS PARTY BAG,2,2011-09-28 16:13:00,3.29,,United Kingdom,6.58,2011-09,True
568716,DOT,DOTCOM POSTAGE,1,2011-09-28 16:13:00,160.9,,United Kingdom,160.9,2011-09,True
568719,DOT,DOTCOM POSTAGE,1,2011-09-28 16:19:00,236.91,,United Kingdom,236.91,2011-09,True
568721,DOT,DOTCOM POSTAGE,1,2011-09-28 16:24:00,225.68,,United Kingdom,225.68,2011-09,True
568798,POST,POSTAGE,3,2011-09-29 10:23:00,18.0,12615,France,54.0,2011-09,True
C568799,M,MANUAL,-2,2011-09-29 10:34:00,90.0,17450,United Kingdom,-180.0,2011-09,True
C568799,M,MANUAL,-1,2011-09-29 10:34:00,2.88,17450,United Kingdom,-2.88,2011-09,True
568872,POST,POSTAGE,2,2011-09-29 12:12:00,15.0,12372,Denmark,30.0,2011-09,True
568914,POST,POSTAGE,1,2011-09-29 13:53:00,1.36,,United Kingdom,1.36,2011-09,True
568949,DOT,DOTCOM POSTAGE,1,2011-09-29 15:13:00,182.25,,United Kingdom,182.25,2011-09,True
568950,POST,POSTAGE,2,2011-09-29 15:25:00,40.0,12458,Switzerland,80.0,2011-09,True
568953,POST,POSTAGE,1,2011-09-29 15:31:00,18.0,12728,France,18.0,2011-09,True
568988,POST,POSTAGE,2,2011-09-29 16:38:00,18.0,12718,France,36.0,2011-09,True
568994,POST,POSTAGE,2,2011-09-29 16:52:00,18.0,12598,France,36.0,2011-09,True
569001,POST,POSTAGE,1,2011-09-29 17:52:00,18.0,12703,Germany,18.0,2011-09,True
569006,C2,CARRIAGE,1,2011-09-29 18:30:00,50.0,16268,United Kingdom,50.0,2011-09,True
569017,POST,POSTAGE,2,2011-09-30 09:22:00,18.0,13813,Germany,36.0,2011-09,True
569018,POST,POSTAGE,1,2011-09-30 09:25:00,40.0,12676,Sweden,40.0,2011-09,True
569028,C2,CARRIAGE,1,2011-09-30 10:20:00,50.0,14911,EIRE,50.0,2011-09,True
569033,POST,POSTAGE,1,2011-09-30 10:40:00,6.0,15611,United Kingdom,6.0,2011-09,True
569089,M,MANUAL,3,2011-09-30 12:03:00,1.0,13764,United Kingdom,3.0,2011-09,True
C569115,POST,POSTAGE,-1,2011-09-30 12:51:00,7.62,13426,United Kingdom,-7.62,2011-09,True
569120,POST,POSTAGE,2,2011-09-30 12:58:00,18.0,12583,France,36.0,2011-09,True
569122,POST,POSTAGE,3,2011-09-30 13:06:00,18.0,12694,France,54.0,2011-09,True
569126,C2,CARRIAGE,1,2011-09-30 13:28:00,50.0,13347,United Kingdom,50.0,2011-09,True
569130,C2,CARRIAGE,1,2011-09-30 13:46:00,50.0,14911,EIRE,50.0,2011-09,True
569137,DOT,DOTCOM POSTAGE,1,2011-09-30 14:45:00,639.83,,United Kingdom,639.83,2011-09,True
569202,DOT,DOTCOM POSTAGE,1,2011-09-30 17:22:00,244.51,,United Kingdom,244.51,2011-09,True
569246,DOT,DOTCOM POSTAGE,1,2011-10-03 09:57:00,490.25,14096,United Kingdom,490.25,2011-10,True
C569245,CRUK,CRUK COMMISSION,-1,2011-10-03 09:57:00,361.59,14096,United Kingdom,-361.59,2011-10,True
569332,POST,POSTAGE,2,2011-10-03 13:46:00,18.0,12637,France,36.0,2011-10,True
569360,M,MANUAL,1,2011-10-03 14:59:00,9.95,14653,United Kingdom,9.95,2011-10,True
569364,M,MANUAL,12,2011-10-03 15:10:00,1.0,13167,United Kingdom,12.0,2011-10,True
569372,DOT,DOTCOM POSTAGE,1,2011-10-03 16:04:00,250.68,,United Kingdom,250.68,2011-10,True
569374,DOT,DOTCOM POSTAGE,1,2011-10-03 16:14:00,197.83,,United Kingdom,197.83,2011-10,True
569382,M,MANUAL,1,2011-10-03 16:44:00,3155.95,15502,United Kingdom,3155.95,2011-10,True
569389,M,MANUAL,1,2011-10-03 16:51:00,152.78,15502,United Kingdom,152.78,2011-10,True
569389,M,MANUAL,1,2011-10-03 16:51:00,32.22,15502,United Kingdom,32.22,2011-10,True
569389,M,MANUAL,1,2011-10-03 16:51:00,120.0,15502,United Kingdom,120.0,2011-10,True
C569390,M,MANUAL,-1,2011-10-03 16:53:00,152.78,15502,United Kingdom,-152.78,2011-10,True
C569390,M,MANUAL,-1,2011-10-03 16:53:00,32.22,15502,United Kingdom,-32.22,2011-10,True
C569390,M,MANUAL,-1,2011-10-03 16:53:00,120.0,15502,United Kingdom,-120.0,2011-10,True
569402,POST,POSTAGE,1,2011-10-04 09:00:00,18.0,12413,France,18.0,2011-10,True
569415,DOT,DOTCOM POSTAGE,1,2011-10-04 10:14:00,492.46,,United Kingdom,492.46,2011-10,True
569487,C2,CARRIAGE,1,2011-10-04 12:55:00,50.0,13351,United Kingdom,50.0,2011-10,True
569496,POST,POSTAGE,2,2011-10-04 13:45:00,15.0,12395,Belgium,30.0,2011-10,True
569522,POST,POSTAGE,1,2011-10-04 14:41:00,40.0,12664,Finland,40.0,2011-10,True
569530,M,MANUAL,12,2011-10-04 14:58:00,0.08,17957,United Kingdom,0.96,2011-10,True
569533,M,MANUAL,1,2011-10-04 15:21:00,7.95,16374,United Kingdom,7.95,2011-10,True
569544,DOT,DOTCOM POSTAGE,1,2011-10-04 16:33:00,213.33,,United Kingdom,213.33,2011-10,True
569545,DOT,DOTCOM POSTAGE,1,2011-10-04 16:37:00,252.16,,United Kingdom,252.16,2011-10,True
569562,POST,POSTAGE,3,2011-10-05 09:43:00,18.0,12720,Germany,54.0,2011-10,True
569563,POST,POSTAGE,8,2011-10-05 09:46:00,18.0,12481,Germany,144.0,2011-10,True
569568,POST,POSTAGE,5,2011-10-05 09:57:00,18.0,12700,France,90.0,2011-10,True
569639,POST,POSTAGE,1,2011-10-05 12:24:00,240.0,12471,Germany,240.0,2011-10,True
569665,POST,POSTAGE,1,2011-10-05 13:34:00,15.0,12789,Netherlands,15.0,2011-10,True
569686,POST,POSTAGE,2,2011-10-05 14:50:00,18.0,12719,France,36.0,2011-10,True
569700,DOT,DOTCOM POSTAGE,1,2011-10-05 15:56:00,195.37,,United Kingdom,195.37,2011-10,True
569719,POST,POSTAGE,8,2011-10-06 09:10:00,15.0,14646,Netherlands,120.0,2011-10,True
569721,POST,POSTAGE,1,2011-10-06 09:28:00,18.0,12628,Germany,18.0,2011-10,True
569727,POST,POSTAGE,2,2011-10-06 09:37:00,18.0,12500,Germany,36.0,2011-10,True
C569733,POST,POSTAGE,-1,2011-10-06 09:57:00,18.0,12500,Germany,-18.0,2011-10,True
569735,POST,POSTAGE,2,2011-10-06 10:34:00,15.0,14646,Netherlands,30.0,2011-10,True
569739,C2,CARRIAGE,1,2011-10-06 10:48:00,50.0,14911,EIRE,50.0,2011-10,True
569816,POST,POSTAGE,4,2011-10-06 11:58:00,0.55,,United Kingdom,2.2,2011-10,True
C569829,D,DISCOUNT,-1,2011-10-06 12:37:00,16.74,14527,United Kingdom,-16.74,2011-10,True
C569829,D,DISCOUNT,-1,2011-10-06 12:37:00,16.07,14527,United Kingdom,-16.07,2011-10,True
569844,POST,POSTAGE,7,2011-10-06 13:30:00,18.0,12626,Germany,126.0,2011-10,True
569861,POST,POSTAGE,3,2011-10-06 14:37:00,18.0,13816,Germany,54.0,2011-10,True
569860,POST,POSTAGE,1,2011-10-06 14:37:00,18.0,13812,Germany,18.0,2011-10,True
569866,M,MANUAL,2,2011-10-06 14:50:00,1.25,12757,Portugal,2.5,2011-10,True
569867,POST,POSTAGE,2,2011-10-06 14:54:00,18.0,12569,Germany,36.0,2011-10,True
569893,POST,POSTAGE,6,2011-10-06 15:51:00,18.0,12627,Germany,108.0,2011-10,True
569898,DOT,DOTCOM POSTAGE,1,2011-10-06 16:08:00,297.66,,United Kingdom,297.66,2011-10,True
569901,M,MANUAL,1,2011-10-06 16:20:00,1.25,12923,United Kingdom,1.25,2011-10,True
569904,POST,POSTAGE,3,2011-10-06 16:27:00,15.0,13023,United Kingdom,45.0,2011-10,True
569907,POST,POSTAGE,1,2011-10-06 16:41:00,18.0,12569,Germany,18.0,2011-10,True
C569982,M,MANUAL,-1,2011-10-06 19:39:00,218.72,15365,United Kingdom,-218.72,2011-10,True
569997,POST,POSTAGE,9,2011-10-07 08:08:00,18.0,12394,Denmark,162.0,2011-10,True
569998,POST,POSTAGE,2,2011-10-07 08:12:00,28.0,12540,Spain,56.0,2011-10,True
570007,POST,POSTAGE,3,2011-10-07 09:26:00,18.0,12519,Germany,54.0,2011-10,True
570008,C2,CARRIAGE,1,2011-10-07 09:30:00,50.0,13359,United Kingdom,50.0,2011-10,True
570020,POST,POSTAGE,1,2011-10-07 10:18:00,18.0,12684,France,18.0,2011-10,True
C570025,AMAZONFEE,AMAZON FEE,-1,2011-10-07 10:29:00,5942.57,,United Kingdom,-5942.57,2011-10,True
570026,POST,POSTAGE,1,2011-10-07 10:37:00,40.0,12781,Czech Republic,40.0,2011-10,True
570082,POST,POSTAGE,7,2011-10-07 11:19:00,18.0,12524,Germany,126.0,2011-10,True
570095,POST,POSTAGE,2,2011-10-07 11:57:00,18.0,12528,Germany,36.0,2011-10,True
570187,DOT,DOTCOM POSTAGE,1,2011-10-07 15:09:00,255.81,,United Kingdom,255.81,2011-10,True
570189,POST,POSTAGE,1,2011-10-07 15:15:00,18.0,12492,Germany,18.0,2011-10,True
570191,POST,POSTAGE,1,2011-10-07 15:23:00,15.0,12778,Netherlands,15.0,2011-10,True
570202,POST,POSTAGE,1,2011-10-07 16:21:00,6.32,,United Kingdom,6.32,2011-10,True
570258,DOT,DOTCOM POSTAGE,1,2011-10-10 09:56:00,930.04,,United Kingdom,930.04,2011-10,True
570267,POST,POSTAGE,1,2011-10-10 10:13:00,18.0,12682,France,18.0,2011-10,True
C570279,M,MANUAL,-3,2011-10-10 11:06:00,8.0,13694,United Kingdom,-24.0,2011-10,True
C570301,M,MANUAL,-1,2011-10-10 12:04:00,682.05,16900,United Kingdom,-682.05,2011-10,True
570333,M,MANUAL,6,2011-10-10 12:19:00,0.39,18126,United Kingdom,2.34,2011-10,True
570409,POST,POSTAGE,2,2011-10-10 13:03:00,18.0,12682,France,36.0,2011-10,True
570417,POST,POSTAGE,1,2011-10-10 13:31:00,3.82,,United Kingdom,3.82,2011-10,True
570426,C2,CARRIAGE,1,2011-10-10 13:55:00,50.0,13352,United Kingdom,50.0,2011-10,True
570446,POST,POSTAGE,2,2011-10-10 14:49:00,15.0,12431,Belgium,30.0,2011-10,True
570448,M,MANUAL,3,2011-10-10 14:55:00,1.0,13224,United Kingdom,3.0,2011-10,True
570452,POST,POSTAGE,2,2011-10-10 15:15:00,18.0,12427,Germany,36.0,2011-10,True
C570453,M,MANUAL,-1,2011-10-10 15:19:00,821.9,,United Kingdom,-821.9,2011-10,True
C570454,BANK CHARGES,BANK CHARGES,-1,2011-10-10 15:21:00,472.77,,United Kingdom,-472.77,2011-10,True
C570456,S,SAMPLES,-1,2011-10-10 15:38:00,98.18,,United Kingdom,-98.18,2011-10,True
C570456,S,SAMPLES,-1,2011-10-10 15:38:00,4.88,,United Kingdom,-4.88,2011-10,True
C570463,BANK CHARGES,BANK CHARGES,-1,2011-10-10 15:59:00,49.65,,United Kingdom,-49.65,2011-10,True
C570464,S,SAMPLES,-1,2011-10-10 16:01:00,47.98,,United Kingdom,-47.98,2011-10,True
570465,DOT,DOTCOM POSTAGE,1,2011-10-10 16:02:00,188.46,,United Kingdom,188.46,2011-10,True
C570468,M,MANUAL,-1,2011-10-10 16:32:00,238.78,,United Kingdom,-238.78,2011-10,True
570475,M,MANUAL,12,2011-10-10 16:47:00,0.42,,United Kingdom,5.04,2011-10,True
570479,M,MANUAL,1,2011-10-10 16:58:00,1.25,17589,United Kingdom,1.25,2011-10,True
C570487,CRUK,CRUK COMMISSION,-1,2011-10-10 17:12:00,411.92,14096,United Kingdom,-411.92,2011-10,True
570488,DOT,DOTCOM POSTAGE,1,2011-10-10 17:12:00,635.01,14096,United Kingdom,635.01,2011-10,True
570499,POST,POSTAGE,5,2011-10-11 09:19:00,28.0,12772,Portugal,140.0,2011-10,True
570637,POST,POSTAGE,2,2011-10-11 12:34:00,18.0,12530,Germany,36.0,2011-10,True
570640,POST,POSTAGE,2,2011-10-11 12:38:00,18.0,12474,Germany,36.0,2011-10,True
570651,C2,CARRIAGE,1,2011-10-11 13:34:00,50.0,14911,EIRE,50.0,2011-10,True
C570654,POST,POSTAGE,-1,2011-10-11 13:55:00,14.95,,United Kingdom,-14.95,2011-10,True
C570654,M,MANUAL,-1,2011-10-11 13:55:00,58.29,,United Kingdom,-58.29,2011-10,True
570666,POST,POSTAGE,1,2011-10-11 14:24:00,18.0,13919,Denmark,18.0,2011-10,True
570667,POST,POSTAGE,2,2011-10-11 14:33:00,15.0,12362,Belgium,30.0,2011-10,True
570681,POST,POSTAGE,1,2011-10-11 15:45:00,6.0,12381,Norway,6.0,2011-10,True
570685,M,MANUAL,18,2011-10-11 16:25:00,1.0,13208,United Kingdom,18.0,2011-10,True
570688,DOT,DOTCOM POSTAGE,1,2011-10-11 16:29:00,199.04,,United Kingdom,199.04,2011-10,True
570690,DOT,DOTCOM POSTAGE,1,2011-10-11 16:37:00,199.81,,United Kingdom,199.81,2011-10,True
570694,C2,CARRIAGE,1,2011-10-12 08:10:00,50.0,14911,EIRE,50.0,2011-10,True
570700,C2,CARRIAGE,1,2011-10-12 09:29:00,50.0,14156,EIRE,50.0,2011-10,True
C570704,M,MANUAL,-18,2011-10-12 09:54:00,1.0,13208,United Kingdom,-18.0,2011-10,True
570705,M,MANUAL,18,2011-10-12 09:54:00,0.36,13208,United Kingdom,6.4799999999999995,2011-10,True
C570708,M,MANUAL,-600,2011-10-12 10:11:00,0.19,12908,United Kingdom,-114.0,2011-10,True
570714,POST,POSTAGE,2,2011-10-12 10:20:00,40.0,13520,Switzerland,80.0,2011-10,True
570718,POST,POSTAGE,2,2011-10-12 10:36:00,18.0,12518,Germany,36.0,2011-10,True
570725,POST,POSTAGE,1,2011-10-12 11:30:00,4.5,12381,Norway,4.5,2011-10,True
570754,POST,POSTAGE,1,2011-10-12 11:40:00,18.0,12633,Germany,18.0,2011-10,True
570769,POST,POSTAGE,2,2011-10-12 11:43:00,18.0,12664,Finland,36.0,2011-10,True
C570775,POST,POSTAGE,-1,2011-10-12 11:45:00,18.0,12664,Finland,-18.0,2011-10,True
570784,POST,POSTAGE,1,2011-10-12 11:49:00,18.0,12569,Germany,18.0,2011-10,True
570793,POST,POSTAGE,8,2011-10-12 12:08:00,40.0,12444,Norway,320.0,2011-10,True
570798,POST,POSTAGE,2,2011-10-12 12:30:00,18.0,12679,France,36.0,2011-10,True
570823,POST,POSTAGE,1,2011-10-12 12:54:00,18.0,12691,France,18.0,2011-10,True
570841,POST,POSTAGE,2,2011-10-12 14:18:00,18.0,12553,France,36.0,2011-10,True
570851,POST,POSTAGE,1,2011-10-12 14:46:00,18.0,12583,France,18.0,2011-10,True
570871,DOT,DOTCOM POSTAGE,1,2011-10-12 16:36:00,218.93,,United Kingdom,218.93,2011-10,True
570872,DOT,DOTCOM POSTAGE,1,2011-10-12 16:40:00,214.32,,United Kingdom,214.32,2011-10,True
570875,POST,POSTAGE,4,2011-10-12 17:00:00,40.0,12667,Finland,160.0,2011-10,True
570879,POST,POSTAGE,2,2011-10-13 08:42:00,18.0,12685,France,36.0,2011-10,True
570881,POST,POSTAGE,2,2011-10-13 09:30:00,18.0,12498,Germany,36.0,2011-10,True
571030,POST,POSTAGE,7,2011-10-13 12:26:00,15.0,12876,Belgium,105.0,2011-10,True
571035,M,MANUAL,1,2011-10-13 12:50:00,0.0,12446,RSA,0.0,2011-10,True
571053,POST,POSTAGE,4,2011-10-13 13:53:00,40.0,12631,Finland,160.0,2011-10,True
571061,DOT,DOTCOM POSTAGE,1,2011-10-13 14:33:00,852.25,,United Kingdom,852.25,2011-10,True
571065,POST,POSTAGE,7,2011-10-13 14:59:00,18.0,12613,Germany,126.0,2011-10,True
571082,DOT,DOTCOM POSTAGE,1,2011-10-13 15:25:00,213.13,,United Kingdom,213.13,2011-10,True
571106,M,MANUAL,1,2011-10-13 16:14:00,1.0,14976,United Kingdom,1.0,2011-10,True
571111,POST,POSTAGE,1,2011-10-13 16:37:00,15.0,14976,United Kingdom,15.0,2011-10,True
571129,C2,CARRIAGE,1,2011-10-14 10:03:00,50.0,14156,EIRE,50.0,2011-10,True
571179,M,MANUAL,1,2011-10-14 10:42:00,40.0,15482,United Kingdom,40.0,2011-10,True
571187,POST,POSTAGE,3,2011-10-14 11:39:00,18.0,12380,Belgium,54.0,2011-10,True
571188,POST,POSTAGE,4,2011-10-14 11:42:00,28.0,12783,Portugal,112.0,2011-10,True
571190,M,MANUAL,4,2011-10-14 11:43:00,0.12,17771,United Kingdom,0.48,2011-10,True
571191,POST,POSTAGE,1,2011-10-14 11:44:00,15.0,17404,Sweden,15.0,2011-10,True
571215,POST,POSTAGE,3,2011-10-14 12:57:00,18.0,13810,Germany,54.0,2011-10,True
C571220,M,MANUAL,-1,2011-10-14 13:35:00,599.5,13810,Germany,-599.5,2011-10,True
571223,M,MANUAL,1,2011-10-14 13:36:00,599.5,13810,Germany,599.5,2011-10,True
571240,POST,POSTAGE,2,2011-10-14 14:55:00,18.0,12562,France,36.0,2011-10,True
571257,DOT,DOTCOM POSTAGE,1,2011-10-14 17:17:00,271.18,,United Kingdom,271.18,2011-10,True
571289,M,MANUAL,1,2011-10-16 15:27:00,0.39,15113,United Kingdom,0.39,2011-10,True
571304,POST,POSTAGE,4,2011-10-17 09:37:00,18.0,12526,Germany,72.0,2011-10,True
571305,DOT,DOTCOM POSTAGE,1,2011-10-17 09:55:00,657.29,,United Kingdom,657.29,2011-10,True
571308,POST,POSTAGE,3,2011-10-17 10:10:00,18.0,12475,Germany,54.0,2011-10,True
571312,POST,POSTAGE,4,2011-10-17 10:42:00,18.0,12474,Germany,72.0,2011-10,True
571324,M,MANUAL,1,2011-10-17 11:08:00,283.02,12783,Portugal,283.02,2011-10,True
C571325,M,MANUAL,-1,2011-10-17 11:09:00,339.02,12783,Portugal,-339.02,2011-10,True
571326,M,MANUAL,1,2011-10-17 11:11:00,339.02,12783,Portugal,339.02,2011-10,True
C571327,M,MANUAL,-1,2011-10-17 11:12:00,283.02,12783,Portugal,-283.02,2011-10,True
571328,POST,POSTAGE,7,2011-10-17 11:27:00,18.0,12473,Germany,126.0,2011-10,True
571425,C2,CARRIAGE,1,2011-10-17 12:41:00,50.0,14911,EIRE,50.0,2011-10,True
571441,DOT,DOTCOM POSTAGE,1,2011-10-17 13:31:00,743.62,14096,United Kingdom,743.62,2011-10,True
C571440,CRUK,CRUK COMMISSION,-1,2011-10-17 13:31:00,495.98,14096,United Kingdom,-495.98,2011-10,True
571445,POST,POSTAGE,2,2011-10-17 13:44:00,18.0,12463,Belgium,36.0,2011-10,True
571465,M,MANUAL,1,2011-10-17 14:29:00,0.85,14830,United Kingdom,0.85,2011-10,True
C571501,M,MANUAL,-1,2011-10-17 15:14:00,153.13,,United Kingdom,-153.13,2011-10,True
571508,DOT,DOTCOM POSTAGE,1,2011-10-17 15:27:00,195.06,,United Kingdom,195.06,2011-10,True
571556,POST,POSTAGE,2,2011-10-18 09:24:00,18.0,12662,Germany,36.0,2011-10,True
C571625,POST,POSTAGE,-1,2011-10-18 10:59:00,4.41,16140,United Kingdom,-4.41,2011-10,True
C571634,M,MANUAL,-1,2011-10-18 11:34:00,79.2,16029,United Kingdom,-79.2,2011-10,True
C571639,M,MANUAL,-1,2011-10-18 12:01:00,120.58,15498,United Kingdom,-120.58,2011-10,True
571658,POST,POSTAGE,3,2011-10-18 12:48:00,18.0,12621,Germany,54.0,2011-10,True
571665,POST,POSTAGE,3,2011-10-18 12:59:00,28.0,12540,Spain,84.0,2011-10,True
571697,POST,POSTAGE,3,2011-10-18 14:49:00,15.0,12759,Netherlands,45.0,2011-10,True
571705,POST,POSTAGE,3,2011-10-18 15:22:00,40.0,12360,Austria,120.0,2011-10,True
C571707,M,MANUAL,-2,2011-10-18 15:33:00,0.42,14056,United Kingdom,-0.84,2011-10,True
571713,DOT,DOTCOM POSTAGE,1,2011-10-18 16:58:00,243.87,,United Kingdom,243.87,2011-10,True
571714,DOT,DOTCOM POSTAGE,1,2011-10-18 17:00:00,127.89,,United Kingdom,127.89,2011-10,True
571716,DOT,DOTCOM POSTAGE,1,2011-10-18 17:05:00,206.38,,United Kingdom,206.38,2011-10,True
571724,POST,POSTAGE,3,2011-10-19 08:20:00,18.0,12572,Germany,54.0,2011-10,True
571729,POST,POSTAGE,1,2011-10-19 09:43:00,18.0,12500,Germany,18.0,2011-10,True
C571750,M,MANUAL,-1,2011-10-19 11:16:00,3949.32,12744,Singapore,-3949.32,2011-10,True
C571750,M,MANUAL,-1,2011-10-19 11:16:00,2118.74,12744,Singapore,-2118.74,2011-10,True
571751,M,MANUAL,1,2011-10-19 11:18:00,3949.32,12744,Singapore,3949.32,2011-10,True
571751,M,MANUAL,1,2011-10-19 11:18:00,2118.74,12744,Singapore,2118.74,2011-10,True
571797,DOT,DOTCOM POSTAGE,1,2011-10-19 11:41:00,868.21,,United Kingdom,868.21,2011-10,True
571824,POST,POSTAGE,6,2011-10-19 11:49:00,18.0,12472,Germany,108.0,2011-10,True
571851,POST,POSTAGE,4,2011-10-19 13:02:00,28.0,12596,Spain,112.0,2011-10,True
571883,M,MANUAL,6,2011-10-19 13:58:00,0.39,14704,United Kingdom,2.34,2011-10,True
571900,BANK CHARGES,BANK CHARGES,1,2011-10-19 14:26:00,15.0,13263,United Kingdom,15.0,2011-10,True
571904,POST,POSTAGE,1,2011-10-19 14:41:00,18.0,12522,Germany,18.0,2011-10,True
571909,M,MANUAL,1,2011-10-19 15:08:00,4.95,15006,United Kingdom,4.95,2011-10,True
571923,POST,POSTAGE,2,2011-10-19 16:24:00,18.0,12685,France,36.0,2011-10,True
571931,DCGSSGIRL,GIRLS PARTY BAG,1,2011-10-19 16:59:00,3.29,,United Kingdom,3.29,2011-10,True
571931,DOT,DOTCOM POSTAGE,1,2011-10-19 16:59:00,230.59,,United Kingdom,230.59,2011-10,True
572054,POST,POSTAGE,2,2011-10-20 12:31:00,18.0,12642,Germany,36.0,2011-10,True
572056,POST,POSTAGE,1,2011-10-20 12:40:00,35.0,17402,United Kingdom,35.0,2011-10,True
572060,POST,POSTAGE,1,2011-10-20 12:52:00,18.0,12569,Germany,18.0,2011-10,True
572061,POST,POSTAGE,2,2011-10-20 12:53:00,18.0,12474,Germany,36.0,2011-10,True
572069,C2,CARRIAGE,1,2011-10-20 13:24:00,50.0,14911,EIRE,50.0,2011-10,True
572072,POST,POSTAGE,1,2011-10-20 13:40:00,1.36,,United Kingdom,1.36,2011-10,True
572087,POST,POSTAGE,6,2011-10-20 14:30:00,18.0,12683,France,108.0,2011-10,True
572103,M,MANUAL,1,2011-10-20 15:57:00,1.25,17571,United Kingdom,1.25,2011-10,True
572133,POST,POSTAGE,2,2011-10-21 10:11:00,18.0,12407,Belgium,36.0,2011-10,True
572184,POST,POSTAGE,2,2011-10-21 10:51:00,18.0,12403,Denmark,36.0,2011-10,True
C572187,POST,POSTAGE,-1,2011-10-21 11:00:00,18.0,12403,Denmark,-18.0,2011-10,True
572233,POST,POSTAGE,7,2011-10-21 14:41:00,15.0,14646,Netherlands,105.0,2011-10,True
572241,POST,POSTAGE,1,2011-10-21 15:20:00,18.0,12712,Germany,18.0,2011-10,True
572293,M,MANUAL,1,2011-10-23 13:02:00,50.0,12748,United Kingdom,50.0,2011-10,True
572316,M,MANUAL,1,2011-10-23 16:13:00,0.38,17836,United Kingdom,0.38,2011-10,True
572344,M,MANUAL,456,2011-10-24 10:43:00,1.5,14607,United Kingdom,684.0,2011-10,True
572344,M,MANUAL,48,2011-10-24 10:43:00,1.5,14607,United Kingdom,72.0,2011-10,True
C572346,BANK CHARGES,BANK CHARGES,-1,2011-10-24 10:58:00,49.65,,United Kingdom,-49.65,2011-10,True
C572347,S,SAMPLES,-1,2011-10-24 11:03:00,33.05,,United Kingdom,-33.05,2011-10,True
C572398,POST,POSTAGE,-1,2011-10-24 11:55:00,11.85,,United Kingdom,-11.85,2011-10,True
C572398,M,MANUAL,-1,2011-10-24 11:55:00,162.2,,United Kingdom,-162.2,2011-10,True
572423,M,MANUAL,1,2011-10-24 12:02:00,464.9,16742,United Kingdom,464.9,2011-10,True
C572422,POST,POSTAGE,-1,2011-10-24 12:02:00,35.65,,United Kingdom,-35.65,2011-10,True
C572422,M,MANUAL,-1,2011-10-24 12:02:00,183.16,,United Kingdom,-183.16,2011-10,True
C572428,M,MANUAL,-1,2011-10-24 12:03:00,464.9,17949,United Kingdom,-464.9,2011-10,True
C572441,POST,POSTAGE,-1,2011-10-24 12:08:00,20.47,,United Kingdom,-20.47,2011-10,True
C572441,M,MANUAL,-1,2011-10-24 12:08:00,177.04,,United Kingdom,-177.04,2011-10,True
572442,POST,POSTAGE,2,2011-10-24 12:09:00,28.0,12546,Spain,56.0,2011-10,True
C572444,POST,POSTAGE,-1,2011-10-24 12:12:00,15.53,,United Kingdom,-15.53,2011-10,True
C572444,M,MANUAL,-1,2011-10-24 12:12:00,235.54,,United Kingdom,-235.54,2011-10,True
C572445,POST,POSTAGE,-1,2011-10-24 12:20:00,31.6,,United Kingdom,-31.6,2011-10,True
C572445,M,MANUAL,-1,2011-10-24 12:20:00,186.21,,United Kingdom,-186.21,2011-10,True
C572446,POST,POSTAGE,-1,2011-10-24 12:23:00,70.21,,United Kingdom,-70.21,2011-10,True
C572446,M,MANUAL,-1,2011-10-24 12:23:00,302.04,,United Kingdom,-302.04,2011-10,True
C572448,POST,POSTAGE,-1,2011-10-24 12:28:00,69.72,,United Kingdom,-69.72,2011-10,True
C572448,M,MANUAL,-1,2011-10-24 12:28:00,259.79,,United Kingdom,-259.79,2011-10,True
C572450,POST,POSTAGE,-1,2011-10-24 12:35:00,29.28,,United Kingdom,-29.28,2011-10,True
C572450,M,MANUAL,-1,2011-10-24 12:35:00,248.87,,United Kingdom,-248.87,2011-10,True
C572455,POST,POSTAGE,-1,2011-10-24 12:41:00,30.53,,United Kingdom,-30.53,2011-10,True
C572455,M,MANUAL,-1,2011-10-24 12:41:00,265.7,,United Kingdom,-265.7,2011-10,True
C572456,POST,POSTAGE,-1,2011-10-24 12:44:00,22.56,,United Kingdom,-22.56,2011-10,True
C572456,M,MANUAL,-1,2011-10-24 12:44:00,181.75,,United Kingdom,-181.75,2011-10,True
572459,C2,CARRIAGE,1,2011-10-24 12:53:00,50.0,14911,EIRE,50.0,2011-10,True
C572467,POST,POSTAGE,-1,2011-10-24 13:29:00,42.05,,United Kingdom,-42.05,2011-10,True
C572467,M,MANUAL,-1,2011-10-24 13:29:00,276.08,,United Kingdom,-276.08,2011-10,True
C572470,POST,POSTAGE,-1,2011-10-24 13:32:00,26.0,,United Kingdom,-26.0,2011-10,True
C572470,M,MANUAL,-1,2011-10-24 13:32:00,233.25,,United Kingdom,-233.25,2011-10,True
572540,DOT,DOTCOM POSTAGE,1,2011-10-24 16:17:00,743.96,,United Kingdom,743.96,2011-10,True
572549,DOT,DOTCOM POSTAGE,1,2011-10-24 17:03:00,235.98,,United Kingdom,235.98,2011-10,True
572550,DOT,DOTCOM POSTAGE,1,2011-10-24 17:06:00,215.13,,United Kingdom,215.13,2011-10,True
C572551,CRUK,CRUK COMMISSION,-1,2011-10-24 17:07:00,425.14,14096,United Kingdom,-425.14,2011-10,True
572552,DOT,DOTCOM POSTAGE,1,2011-10-24 17:07:00,638.3,14096,United Kingdom,638.3,2011-10,True
572553,DOT,DOTCOM POSTAGE,1,2011-10-24 17:09:00,276.48,,United Kingdom,276.48,2011-10,True
572560,POST,POSTAGE,8,2011-10-25 08:45:00,18.0,12476,Germany,144.0,2011-10,True
572567,POST,POSTAGE,5,2011-10-25 10:27:00,40.0,12398,Switzerland,200.0,2011-10,True
572656,M,MANUAL,288,2011-10-25 12:22:00,1.5,14607,United Kingdom,432.0,2011-10,True
C572659,M,MANUAL,-1,2011-10-25 12:30:00,80.0,14527,United Kingdom,-80.0,2011-10,True
572665,POST,POSTAGE,1,2011-10-25 13:02:00,4.48,,United Kingdom,4.48,2011-10,True
572682,M,MANUAL,72,2011-10-25 13:52:00,0.39,17928,United Kingdom,28.080000000000002,2011-10,True
572696,M,MANUAL,1,2011-10-25 14:23:00,250.0,17857,United Kingdom,250.0,2011-10,True
572758,DOT,DOTCOM POSTAGE,1,2011-10-25 18:39:00,246.54,,United Kingdom,246.54,2011-10,True
572770,POST,POSTAGE,9,2011-10-26 10:16:00,40.0,12371,Switzerland,360.0,2011-10,True
572832,M,MANUAL,1,2011-10-26 11:40:00,1.0,16454,United Kingdom,1.0,2011-10,True
572849,S,SAMPLES,1,2011-10-26 12:20:00,33.05,,United Kingdom,33.05,2011-10,True
572886,POST,POSTAGE,3,2011-10-26 13:46:00,28.0,12448,Spain,84.0,2011-10,True
572887,POST,POSTAGE,4,2011-10-26 13:47:00,15.0,12362,Belgium,60.0,2011-10,True
572894,POST,POSTAGE,1,2011-10-26 14:39:00,18.0,12569,Germany,18.0,2011-10,True
572895,POST,POSTAGE,1,2011-10-26 14:39:00,18.0,12569,Germany,18.0,2011-10,True
572896,POST,POSTAGE,4,2011-10-26 14:41:00,40.0,12456,Switzerland,160.0,2011-10,True
572897,DOT,DOTCOM POSTAGE,1,2011-10-26 14:42:00,1016.58,,United Kingdom,1016.58,2011-10,True
572934,POST,POSTAGE,4,2011-10-27 10:18:00,40.0,12610,Italy,160.0,2011-10,True
572964,POST,POSTAGE,3,2011-10-27 10:41:00,40.0,12630,Finland,120.0,2011-10,True
572969,C2,CARRIAGE,1,2011-10-27 10:46:00,50.0,13363,United Kingdom,50.0,2011-10,True
572986,POST,POSTAGE,3,2011-10-27 10:51:00,18.0,12681,France,54.0,2011-10,True
572992,POST,POSTAGE,2,2011-10-27 10:57:00,18.0,12681,France,36.0,2011-10,True
573036,POST,POSTAGE,2,2011-10-27 13:44:00,18.0,12437,France,36.0,2011-10,True
573077,M,MANUAL,1,2011-10-27 14:13:00,4161.06,12536,France,4161.06,2011-10,True
C573079,M,MANUAL,-2,2011-10-27 14:15:00,4161.06,12536,France,-8322.12,2011-10,True
C573081,D,DISCOUNT,-1,2011-10-27 14:20:00,23.27,14527,United Kingdom,-23.27,2011-10,True
573080,M,MANUAL,1,2011-10-27 14:20:00,4161.06,12536,France,4161.06,2011-10,True
573106,POST,POSTAGE,1,2011-10-27 15:05:00,18.0,12626,Germany,18.0,2011-10,True
573108,POST,POSTAGE,1,2011-10-27 15:09:00,40.0,12430,Norway,40.0,2011-10,True
573136,POST,POSTAGE,2,2011-10-27 17:00:00,18.0,12709,Germany,36.0,2011-10,True
573137,DOT,DOTCOM POSTAGE,1,2011-10-27 17:15:00,188.89,,United Kingdom,188.89,2011-10,True
573153,POST,POSTAGE,3,2011-10-28 07:39:00,145.0,12678,France,435.0,2011-10,True
C573172,M,MANUAL,-1,2011-10-28 10:02:00,0.5,16966,United Kingdom,-0.5,2011-10,True
573173,POST,POSTAGE,4,2011-10-28 10:10:00,15.0,12362,Belgium,60.0,2011-10,True
C573253,POST,POSTAGE,-1,2011-10-28 12:14:00,3.95,17552,United Kingdom,-3.95,2011-10,True
C573257,POST,POSTAGE,-1,2011-10-28 12:19:00,6.42,14297,United Kingdom,-6.42,2011-10,True
C573268,M,MANUAL,-1,2011-10-28 12:50:00,907.0,12748,United Kingdom,-907.0,2011-10,True
573284,POST,POSTAGE,1,2011-10-28 14:27:00,18.0,13812,Germany,18.0,2011-10,True
573289,POST,POSTAGE,4,2011-10-28 14:44:00,18.0,12705,Germany,72.0,2011-10,True
573307,POST,POSTAGE,1,2011-10-28 16:24:00,11.27,,United Kingdom,11.27,2011-10,True
573310,DOT,DOTCOM POSTAGE,1,2011-10-28 16:44:00,6.63,,United Kingdom,6.63,2011-10,True
573311,M,MANUAL,8,2011-10-28 16:45:00,0.39,14071,United Kingdom,3.12,2011-10,True
573313,DOT,DOTCOM POSTAGE,1,2011-10-28 16:46:00,3.29,,United Kingdom,3.29,2011-10,True
573328,M,MANUAL,3,2011-10-30 11:09:00,0.39,16601,United Kingdom,1.17,2011-10,True
573333,POST,POSTAGE,2,2011-10-30 11:34:00,40.0,12483,Sweden,80.0,2011-10,True
573340,M,MANUAL,3,2011-10-30 11:55:00,0.79,14159,United Kingdom,2.37,2011-10,True
573345,M,MANUAL,25,2011-10-30 12:14:00,0.2,17609,United Kingdom,5.0,2011-10,True
573362,POST,POSTAGE,10,2011-10-30 13:06:00,28.0,12597,Spain,280.0,2011-10,True
573391,C2,CARRIAGE,1,2011-10-30 14:57:00,50.0,14911,EIRE,50.0,2011-10,True
573401,POST,POSTAGE,2,2011-10-30 15:43:00,15.0,12364,Belgium,30.0,2011-10,True
573402,POST,POSTAGE,1,2011-10-30 15:44:00,18.0,12494,France,18.0,2011-10,True
573417,POST,POSTAGE,1,2011-10-31 08:56:00,18.0,12581,Germany,18.0,2011-10,True
573430,POST,POSTAGE,3,2011-10-31 10:38:00,18.0,13813,Germany,54.0,2011-10,True
C573549,AMAZONFEE,AMAZON FEE,-1,2011-10-31 13:23:00,5942.57,,United Kingdom,-5942.57,2011-10,True
C573550,AMAZONFEE,AMAZON FEE,-1,2011-10-31 13:32:00,2185.04,,United Kingdom,-2185.04,2011-10,True
573553,DOT,DOTCOM POSTAGE,1,2011-10-31 13:48:00,757.63,,United Kingdom,757.63,2011-10,True
573576,DOT,DOTCOM POSTAGE,1,2011-10-31 14:09:00,901.58,14096,United Kingdom,901.58,2011-10,True
C573575,CRUK,CRUK COMMISSION,-1,2011-10-31 14:09:00,606.0,14096,United Kingdom,-606.0,2011-10,True
573580,DOT,DOTCOM POSTAGE,1,2011-10-31 14:21:00,254.42,,United Kingdom,254.42,2011-10,True
573581,C2,CARRIAGE,1,2011-10-31 14:22:00,50.0,14911,EIRE,50.0,2011-10,True
573585,DOT,DOTCOM POSTAGE,1,2011-10-31 14:41:00,2019.05,,United Kingdom,2019.05,2011-10,True
573585,gift_0001_20,DOTCOMGIFTSHOP GIFT VOUCHER £20.00,1,2011-10-31 14:41:00,16.67,,United Kingdom,16.67,2011-10,True
573586,BANK CHARGES,BANK CHARGES,1,2011-10-31 14:48:00,15.0,14704,United Kingdom,15.0,2011-10,True
573588,POST,POSTAGE,1,2011-10-31 15:01:00,40.0,12588,Finland,40.0,2011-10,True
573589,POST,POSTAGE,1,2011-10-31 15:11:00,0.55,,United Kingdom,0.55,2011-10,True
573601,DOT,DOTCOM POSTAGE,1,2011-10-31 15:24:00,511.25,,United Kingdom,511.25,2011-10,True
573629,POST,POSTAGE,1,2011-10-31 15:30:00,18.0,12522,Germany,18.0,2011-10,True
573633,DOT,DOTCOM POSTAGE,1,2011-10-31 15:48:00,98.79,,United Kingdom,98.79,2011-10,True
573656,POST,POSTAGE,3,2011-10-31 16:02:00,15.0,12417,Belgium,45.0,2011-10,True
573669,POST,POSTAGE,1,2011-10-31 16:49:00,2.46,,United Kingdom,2.46,2011-10,True
573768,POST,POSTAGE,3,2011-11-01 10:02:00,40.0,12552,Italy,120.0,2011-11,True
573867,POST,POSTAGE,2,2011-11-01 12:12:00,18.0,12674,France,36.0,2011-11,True
573868,POST,POSTAGE,2,2011-11-01 12:18:00,18.0,12491,France,36.0,2011-11,True
573891,POST,POSTAGE,5,2011-11-01 13:56:00,18.0,12682,France,90.0,2011-11,True
C574031,POST,POSTAGE,-1,2011-11-02 12:36:00,5.5,13394,United Kingdom,-5.5,2011-11,True
574068,POST,POSTAGE,3,2011-11-02 14:51:00,18.0,12490,France,54.0,2011-11,True
574071,POST,POSTAGE,1,2011-11-02 14:57:00,18.0,12654,Germany,18.0,2011-11,True
574074,DOT,DOTCOM POSTAGE,1,2011-11-02 15:33:00,371.65,,United Kingdom,371.65,2011-11,True
574076,DOT,DOTCOM POSTAGE,1,2011-11-02 15:38:00,378.02,,United Kingdom,378.02,2011-11,True
574097,POST,POSTAGE,5,2011-11-03 09:56:00,18.0,12471,Germany,90.0,2011-11,True
574104,POST,POSTAGE,3,2011-11-03 10:45:00,18.0,12615,France,54.0,2011-11,True
C574238,D,DISCOUNT,-1,2011-11-03 12:39:00,11.84,13408,United Kingdom,-11.84,2011-11,True
C574238,D,DISCOUNT,-1,2011-11-03 12:39:00,39.7,13408,United Kingdom,-39.7,2011-11,True
C574238,D,DISCOUNT,-1,2011-11-03 12:39:00,11.59,13408,United Kingdom,-11.59,2011-11,True
574252,POST,POSTAGE,2,2011-11-03 13:24:00,18.0,12437,France,36.0,2011-11,True
574252,M,MANUAL,1,2011-11-03 13:24:00,0.0,12437,France,0.0,2011-11,True
C574254,M,MANUAL,-1,2011-11-03 13:44:00,64.11,15527,United Kingdom,-64.11,2011-11,True
574255,POST,POSTAGE,1,2011-11-03 13:44:00,18.0,12569,Germany,18.0,2011-11,True
574270,DOT,DOTCOM POSTAGE,1,2011-11-03 14:28:00,3.29,,United Kingdom,3.29,2011-11,True
574275,POST,POSTAGE,2,2011-11-03 14:37:00,40.0,12352,Norway,80.0,2011-11,True
574277,M,MANUAL,832,2011-11-03 14:42:00,0.25,17857,United Kingdom,208.0,2011-11,True
574298,DOT,DOTCOM POSTAGE,1,2011-11-03 15:56:00,286.88,,United Kingdom,286.88,2011-11,True
574301,POST,POSTAGE,2,2011-11-03 16:15:00,28.0,12544,Spain,56.0,2011-11,True
574317,M,MANUAL,6,2011-11-03 18:49:00,0.39,17078,United Kingdom,2.34,2011-11,True
574329,POST,POSTAGE,4,2011-11-04 09:07:00,15.0,12362,Belgium,60.0,2011-11,True
574332,POST,POSTAGE,3,2011-11-04 09:24:00,18.0,12664,Finland,54.0,2011-11,True
574336,POST,POSTAGE,6,2011-11-04 09:52:00,15.0,12397,Belgium,90.0,2011-11,True
C574344,POST,POSTAGE,-1,2011-11-04 10:18:00,262.73,12415,Australia,-262.73,2011-11,True
574442,POST,POSTAGE,5,2011-11-04 11:40:00,40.0,12704,Finland,200.0,2011-11,True
C574447,POST,POSTAGE,-2,2011-11-04 11:44:00,40.0,12704,Finland,-80.0,2011-11,True
574474,M,MANUAL,4,2011-11-04 12:05:00,0.85,17979,United Kingdom,3.4,2011-11,True
574506,M,MANUAL,1,2011-11-04 13:24:00,3.95,12577,France,3.95,2011-11,True
C574524,M,MANUAL,-1,2011-11-04 13:53:00,12.75,17841,United Kingdom,-12.75,2011-11,True
574546,BANK CHARGES,BANK CHARGES,1,2011-11-04 14:59:00,15.0,13651,United Kingdom,15.0,2011-11,True
574561,DOT,DOTCOM POSTAGE,1,2011-11-04 15:52:00,368.62,,United Kingdom,368.62,2011-11,True
574653,POST,POSTAGE,2,2011-11-06 11:30:00,18.0,12619,Germany,36.0,2011-11,True
574679,POST,POSTAGE,3,2011-11-06 12:38:00,18.0,12645,Germany,54.0,2011-11,True
574690,POST,POSTAGE,4,2011-11-06 13:11:00,40.0,12638,Sweden,160.0,2011-11,True
574694,POST,POSTAGE,2,2011-11-06 13:36:00,40.0,12381,Norway,80.0,2011-11,True
574713,POST,POSTAGE,1,2011-11-06 14:26:00,18.0,12628,Germany,18.0,2011-11,True
574722,M,MANUAL,16,2011-11-06 14:45:00,0.19,14502,United Kingdom,3.04,2011-11,True
574741,M,MANUAL,6,2011-11-06 16:13:00,1.45,15993,United Kingdom,8.7,2011-11,True
574745,C2,CARRIAGE,1,2011-11-07 08:26:00,50.0,14911,EIRE,50.0,2011-11,True
574838,POST,POSTAGE,5,2011-11-07 11:37:00,28.0,12484,Spain,140.0,2011-11,True
574841,C2,CARRIAGE,1,2011-11-07 11:42:00,50.0,14156,EIRE,50.0,2011-11,True
574844,POST,POSTAGE,1,2011-11-07 11:57:00,28.0,12783,Portugal,28.0,2011-11,True
574856,DOT,DOTCOM POSTAGE,1,2011-11-07 12:06:00,1126.29,,United Kingdom,1126.29,2011-11,True
574862,POST,POSTAGE,5,2011-11-07 12:27:00,15.0,12408,Belgium,75.0,2011-11,True
C574865,POST,POSTAGE,-1,2011-11-07 12:30:00,15.0,12408,Belgium,-15.0,2011-11,True
574869,POST,POSTAGE,1,2011-11-07 12:44:00,18.0,12708,Germany,18.0,2011-11,True
C574875,POST,POSTAGE,-1,2011-11-07 13:06:00,4.41,16416,United Kingdom,-4.41,2011-11,True
574874,C2,CARRIAGE,1,2011-11-07 13:06:00,50.0,14911,EIRE,50.0,2011-11,True
574885,POST,POSTAGE,1,2011-11-07 14:01:00,18.0,12472,Germany,18.0,2011-11,True
C574897,AMAZONFEE,AMAZON FEE,-1,2011-11-07 15:03:00,5877.18,,United Kingdom,-5877.18,2011-11,True
C574902,AMAZONFEE,AMAZON FEE,-1,2011-11-07 15:21:00,8286.22,,United Kingdom,-8286.22,2011-11,True
574950,DOT,DOTCOM POSTAGE,1,2011-11-08 09:29:00,401.8,,United Kingdom,401.8,2011-11,True
C575013,M,MANUAL,-96,2011-11-08 11:23:00,0.19,16253,United Kingdom,-18.240000000000002,2011-11,True
575034,M,MANUAL,1,2011-11-08 11:38:00,7.95,15573,United Kingdom,7.95,2011-11,True
575043,M,MANUAL,1,2011-11-08 12:06:00,4.95,13047,United Kingdom,4.95,2011-11,True
C575047,M,MANUAL,-1,2011-11-08 12:10:00,14.95,13047,United Kingdom,-14.95,2011-11,True
575049,POST,POSTAGE,3,2011-11-08 12:13:00,18.0,12721,France,54.0,2011-11,True
575059,M,MANUAL,30,2011-11-08 12:25:00,0.39,14071,United Kingdom,11.700000000000001,2011-11,True
575067,POST,POSTAGE,2,2011-11-08 12:45:00,18.0,12583,France,36.0,2011-11,True
575138,DOT,DOTCOM POSTAGE,1,2011-11-08 15:24:00,1483.21,,United Kingdom,1483.21,2011-11,True
575144,POST,POSTAGE,3,2011-11-08 15:38:00,28.0,12540,Spain,84.0,2011-11,True
575151,POST,POSTAGE,1,2011-11-08 16:12:00,15.0,12395,Belgium,15.0,2011-11,True
575154,POST,POSTAGE,2,2011-11-08 16:15:00,18.0,12395,Belgium,36.0,2011-11,True
575176,DOT,DOTCOM POSTAGE,1,2011-11-08 18:29:00,428.78,,United Kingdom,428.78,2011-11,True
575177,DOT,DOTCOM POSTAGE,1,2011-11-08 18:41:00,375.71,,United Kingdom,375.71,2011-11,True
575193,POST,POSTAGE,5,2011-11-09 09:34:00,18.0,12681,France,90.0,2011-11,True
C575257,M,MANUAL,-4,2011-11-09 11:59:00,10.95,13623,United Kingdom,-43.8,2011-11,True
575304,M,MANUAL,1,2011-11-09 12:38:00,1.25,17841,United Kingdom,1.25,2011-11,True
575326,POST,POSTAGE,2,2011-11-09 13:47:00,18.0,12532,France,36.0,2011-11,True
575328,M,MANUAL,1200,2011-11-09 13:48:00,0.25,17857,United Kingdom,300.0,2011-11,True
575352,POST,POSTAGE,3,2011-11-09 14:56:00,18.0,12504,Germany,54.0,2011-11,True
575477,DOT,DOTCOM POSTAGE,1,2011-11-09 16:14:00,533.59,,United Kingdom,533.59,2011-11,True
575498,POST,POSTAGE,1,2011-11-10 09:52:00,18.0,12708,Germany,18.0,2011-11,True
575514,POST,POSTAGE,3,2011-11-10 10:40:00,28.0,12541,Spain,84.0,2011-11,True
575519,POST,POSTAGE,2,2011-11-10 10:53:00,18.0,12682,France,36.0,2011-11,True
575581,POST,POSTAGE,1,2011-11-10 11:53:00,18.0,12659,France,18.0,2011-11,True
575584,POST,POSTAGE,1,2011-11-10 11:55:00,18.0,12682,France,18.0,2011-11,True
575607,DOT,DOTCOM POSTAGE,1,2011-11-10 12:37:00,908.16,14096,United Kingdom,908.16,2011-11,True
C575606,CRUK,CRUK COMMISSION,-1,2011-11-10 12:37:00,517.51,14096,United Kingdom,-517.51,2011-11,True
575629,POST,POSTAGE,1,2011-11-10 13:34:00,18.0,12599,France,18.0,2011-11,True
575632,M,MANUAL,1,2011-11-10 13:44:00,40.46,12473,Germany,40.46,2011-11,True
575632,M,MANUAL,1,2011-11-10 13:44:00,424.06,12473,Germany,424.06,2011-11,True
575632,M,MANUAL,1,2011-11-10 13:44:00,549.34,12473,Germany,549.34,2011-11,True
C575635,M,MANUAL,-1,2011-11-10 13:45:00,424.06,12473,Germany,-424.06,2011-11,True
C575635,M,MANUAL,-1,2011-11-10 13:45:00,549.34,12473,Germany,-549.34,2011-11,True
575636,M,MANUAL,1,2011-11-10 13:46:00,40.46,12473,Germany,40.46,2011-11,True
C575638,M,MANUAL,-1,2011-11-10 13:48:00,40.46,12473,Germany,-40.46,2011-11,True
575671,POST,POSTAGE,3,2011-11-10 15:03:00,18.0,12670,France,54.0,2011-11,True
575709,POST,POSTAGE,2,2011-11-10 17:27:00,15.0,14646,Netherlands,30.0,2011-11,True
575713,POST,POSTAGE,2,2011-11-10 17:49:00,18.0,13817,Germany,36.0,2011-11,True
575732,POST,POSTAGE,2,2011-11-11 08:19:00,18.0,12712,Germany,36.0,2011-11,True
575733,POST,POSTAGE,1,2011-11-11 08:33:00,18.0,13810,Germany,18.0,2011-11,True
575734,POST,POSTAGE,2,2011-11-11 08:39:00,40.0,12384,Switzerland,80.0,2011-11,True
575735,C2,CARRIAGE,1,2011-11-11 08:46:00,50.0,14156,EIRE,50.0,2011-11,True
575736,POST,POSTAGE,1,2011-11-11 08:47:00,40.0,12697,Sweden,40.0,2011-11,True
575739,DOT,DOTCOM POSTAGE,1,2011-11-11 09:05:00,469.2,,United Kingdom,469.2,2011-11,True
575747,POST,POSTAGE,3,2011-11-11 10:19:00,18.0,12589,France,54.0,2011-11,True
575750,POST,POSTAGE,3,2011-11-11 10:29:00,18.0,12600,Germany,54.0,2011-11,True
575787,POST,POSTAGE,3,2011-11-11 11:18:00,18.0,12518,Germany,54.0,2011-11,True
575845,POST,POSTAGE,1,2011-11-11 12:07:00,18.0,12598,France,18.0,2011-11,True
575848,M,MANUAL,1,2011-11-11 12:10:00,10.0,14178,United Kingdom,10.0,2011-11,True
575871,C2,CARRIAGE,1,2011-11-11 12:52:00,50.0,14911,EIRE,50.0,2011-11,True
C575872,D,DISCOUNT,-1,2011-11-11 12:52:00,97.14,13408,United Kingdom,-97.14,2011-11,True
575875,DOT,DOTCOM POSTAGE,1,2011-11-11 13:06:00,571.9,,United Kingdom,571.9,2011-11,True
575880,POST,POSTAGE,3,2011-11-11 13:35:00,18.0,12726,France,54.0,2011-11,True
575881,POST,POSTAGE,1,2011-11-11 13:39:00,1.34,,United Kingdom,1.34,2011-11,True
575884,POST,POSTAGE,3,2011-11-11 13:46:00,18.0,12685,France,54.0,2011-11,True
575888,POST,POSTAGE,3,2011-11-11 14:04:00,18.0,12517,Germany,54.0,2011-11,True
575896,POST,POSTAGE,8,2011-11-11 14:52:00,18.0,12480,Germany,144.0,2011-11,True
575901,POST,POSTAGE,1,2011-11-11 15:19:00,1.69,,United Kingdom,1.69,2011-11,True
575904,M,MANUAL,1,2011-11-11 15:28:00,7.95,18014,United Kingdom,7.95,2011-11,True
575916,POST,POSTAGE,1,2011-11-11 16:49:00,18.0,12691,France,18.0,2011-11,True
575930,DOT,DOTCOM POSTAGE,1,2011-11-11 17:58:00,454.35,,United Kingdom,454.35,2011-11,True
575947,DOT,DOTCOM POSTAGE,1,2011-11-13 11:50:00,1211.17,,United Kingdom,1211.17,2011-11,True
575952,M,MANUAL,1,2011-11-13 11:55:00,0.29,16015,United Kingdom,0.29,2011-11,True
576082,POST,POSTAGE,2,2011-11-14 08:22:00,40.0,12428,Finland,80.0,2011-11,True
576087,POST,POSTAGE,4,2011-11-14 08:31:00,18.0,12689,France,72.0,2011-11,True
576141,C2,CARRIAGE,1,2011-11-14 10:47:00,50.0,14911,EIRE,50.0,2011-11,True
576213,M,MANUAL,1,2011-11-14 12:47:00,1.25,18117,United Kingdom,1.25,2011-11,True
C576218,D,DISCOUNT,-1,2011-11-14 12:57:00,183.0,13694,United Kingdom,-183.0,2011-11,True
576222,POST,POSTAGE,2,2011-11-14 13:02:00,18.0,12490,France,36.0,2011-11,True
C576233,M,MANUAL,-1,2011-11-14 13:26:00,326.1,,Hong Kong,-326.1,2011-11,True
576234,M,MANUAL,1,2011-11-14 13:27:00,326.1,,Hong Kong,326.1,2011-11,True
C576244,D,DISCOUNT,-1,2011-11-14 13:40:00,6.0,18167,United Kingdom,-6.0,2011-11,True
576245,POST,POSTAGE,3,2011-11-14 13:40:00,18.0,12553,France,54.0,2011-11,True
576269,POST,POSTAGE,2,2011-11-14 14:23:00,28.0,12762,Portugal,56.0,2011-11,True
576322,POST,POSTAGE,2,2011-11-14 15:03:00,18.0,12642,Germany,36.0,2011-11,True
576327,POST,POSTAGE,2,2011-11-14 15:19:00,18.0,12476,Germany,36.0,2011-11,True
576329,DOT,DOTCOM POSTAGE,1,2011-11-14 15:22:00,518.98,,United Kingdom,518.98,2011-11,True
C576338,CRUK,CRUK COMMISSION,-1,2011-11-14 15:27:00,1038.75,14096,United Kingdom,-1038.75,2011-11,True
576339,DOT,DOTCOM POSTAGE,1,2011-11-14 15:27:00,1500.36,14096,United Kingdom,1500.36,2011-11,True
576345,POST,POSTAGE,3,2011-11-14 15:37:00,40.0,12374,Austria,120.0,2011-11,True
576349,M,MANUAL,1,2011-11-14 15:41:00,2.1,16519,United Kingdom,2.1,2011-11,True
576371,C2,CARRIAGE,1,2011-11-15 08:07:00,50.0,14911,EIRE,50.0,2011-11,True
576373,POST,POSTAGE,4,2011-11-15 08:43:00,18.0,12640,France,72.0,2011-11,True
576389,M,MANUAL,1,2011-11-15 10:05:00,850.5,12748,United Kingdom,850.5,2011-11,True
576390,POST,POSTAGE,1,2011-11-15 10:13:00,18.0,12569,Germany,18.0,2011-11,True
576399,POST,POSTAGE,2,2011-11-15 10:50:00,18.0,12684,France,36.0,2011-11,True
C576402,POST,POSTAGE,-1,2011-11-15 10:54:00,7.62,13026,United Kingdom,-7.62,2011-11,True
576519,POST,POSTAGE,1,2011-11-15 12:25:00,40.0,12676,Sweden,40.0,2011-11,True
576553,M,MANUAL,6,2011-11-15 12:57:00,2.55,14666,United Kingdom,15.299999999999999,2011-11,True
576595,C2,CARRIAGE,1,2011-11-15 14:56:00,50.0,14911,EIRE,50.0,2011-11,True
576603,C2,CARRIAGE,1,2011-11-15 15:22:00,50.0,14911,EIRE,50.0,2011-11,True
576607,POST,POSTAGE,4,2011-11-15 15:42:00,18.0,12474,Germany,72.0,2011-11,True
576617,DOT,DOTCOM POSTAGE,1,2011-11-15 16:57:00,596.9,,United Kingdom,596.9,2011-11,True
576618,DOT,DOTCOM POSTAGE,1,2011-11-15 17:00:00,584.94,,United Kingdom,584.94,2011-11,True
576629,POST,POSTAGE,3,2011-11-16 08:37:00,18.0,12621,Germany,54.0,2011-11,True
576630,POST,POSTAGE,1,2011-11-16 08:38:00,18.0,13816,Germany,18.0,2011-11,True
576644,DOT,DOTCOM POSTAGE,1,2011-11-16 10:01:00,1556.08,,United Kingdom,1556.08,2011-11,True
576657,POST,POSTAGE,3,2011-11-16 11:03:00,18.0,12720,Germany,54.0,2011-11,True
576664,POST,POSTAGE,1,2011-11-16 11:41:00,15.0,14646,Netherlands,15.0,2011-11,True
576669,POST,POSTAGE,1,2011-11-16 11:52:00,18.0,12640,France,18.0,2011-11,True
576787,POST,POSTAGE,4,2011-11-16 13:54:00,18.0,13815,Germany,72.0,2011-11,True
576789,POST,POSTAGE,1,2011-11-16 13:56:00,18.0,12569,Germany,18.0,2011-11,True
576790,POST,POSTAGE,1,2011-11-16 13:59:00,18.0,12569,Germany,18.0,2011-11,True
C576816,POST,POSTAGE,-1,2011-11-16 14:24:00,18.0,12569,Germany,-18.0,2011-11,True
576829,C2,CARRIAGE,1,2011-11-16 14:40:00,50.0,,EIRE,50.0,2011-11,True
576837,DOT,DOTCOM POSTAGE,1,2011-11-16 15:16:00,710.95,,United Kingdom,710.95,2011-11,True
576840,DCGSSGIRL,GIRLS PARTY BAG,1,2011-11-16 15:23:00,3.29,,United Kingdom,3.29,2011-11,True
576840,DOT,DOTCOM POSTAGE,1,2011-11-16 15:23:00,690.21,,United Kingdom,690.21,2011-11,True
576863,POST,POSTAGE,2,2011-11-16 16:06:00,18.0,12626,Germany,36.0,2011-11,True
576869,POST,POSTAGE,1,2011-11-16 16:20:00,18.0,12500,Germany,18.0,2011-11,True
576880,C2,CARRIAGE,1,2011-11-16 17:03:00,50.0,14911,EIRE,50.0,2011-11,True
576890,POST,POSTAGE,2,2011-11-16 17:25:00,18.0,12662,Germany,36.0,2011-11,True
576893,POST,POSTAGE,1,2011-11-17 08:29:00,18.0,12481,Germany,18.0,2011-11,True
576894,POST,POSTAGE,2,2011-11-17 08:35:00,18.0,12681,France,36.0,2011-11,True
576897,POST,POSTAGE,7,2011-11-17 08:41:00,65.0,17828,Malta,455.0,2011-11,True
C576898,POST,POSTAGE,-2,2011-11-17 08:47:00,65.0,17828,Malta,-130.0,2011-11,True
576904,C2,CARRIAGE,1,2011-11-17 09:25:00,50.0,14931,Channel Islands,50.0,2011-11,True
576907,POST,POSTAGE,1,2011-11-17 09:34:00,40.0,12610,Italy,40.0,2011-11,True
576909,POST,POSTAGE,8,2011-11-17 09:49:00,18.0,12471,Germany,144.0,2011-11,True
576927,POST,POSTAGE,6,2011-11-17 11:02:00,18.0,12567,France,108.0,2011-11,True
576941,POST,POSTAGE,5,2011-11-17 11:34:00,18.0,12562,France,90.0,2011-11,True
577009,C2,CARRIAGE,1,2011-11-17 12:05:00,50.0,12749,United Kingdom,50.0,2011-11,True
577027,POST,POSTAGE,5,2011-11-17 12:56:00,18.0,12647,Germany,90.0,2011-11,True
577029,M,MANUAL,30,2011-11-17 12:59:00,1.0,15563,United Kingdom,30.0,2011-11,True
577046,POST,POSTAGE,7,2011-11-17 13:46:00,18.0,12449,Belgium,126.0,2011-11,True
577058,M,MANUAL,2,2011-11-17 14:29:00,0.29,18122,United Kingdom,0.58,2011-11,True
C577066,M,MANUAL,-30,2011-11-17 14:49:00,1.0,15563,United Kingdom,-30.0,2011-11,True
577067,POST,POSTAGE,2,2011-11-17 14:49:00,40.0,12704,Finland,80.0,2011-11,True
577068,M,MANUAL,30,2011-11-17 14:50:00,0.3,15563,United Kingdom,9.0,2011-11,True
C577070,POST,POSTAGE,-1,2011-11-17 14:54:00,40.0,12704,Finland,-40.0,2011-11,True
577078,DOT,DOTCOM POSTAGE,1,2011-11-17 15:17:00,695.08,,United Kingdom,695.08,2011-11,True
577087,POST,POSTAGE,2,2011-11-17 15:55:00,15.0,12464,Belgium,30.0,2011-11,True
577121,POST,POSTAGE,4,2011-11-17 18:29:00,18.0,12681,France,72.0,2011-11,True
577125,POST,POSTAGE,2,2011-11-17 18:43:00,28.0,12445,Spain,56.0,2011-11,True
577135,POST,POSTAGE,2,2011-11-18 08:56:00,18.0,12427,Germany,36.0,2011-11,True
577152,POST,POSTAGE,2,2011-11-18 09:53:00,18.0,14277,France,36.0,2011-11,True
C577164,POST,POSTAGE,-1,2011-11-18 10:28:00,4.41,16678,United Kingdom,-4.41,2011-11,True
577168,POST,POSTAGE,7,2011-11-18 10:42:00,18.0,12603,Germany,126.0,2011-11,True
577168,M,MANUAL,1,2011-11-18 10:42:00,0.0,12603,Germany,0.0,2011-11,True
577178,POST,POSTAGE,1,2011-11-18 11:10:00,40.0,12618,Italy,40.0,2011-11,True
577180,POST,POSTAGE,8,2011-11-18 11:27:00,18.0,12380,Belgium,144.0,2011-11,True
C577227,D,DISCOUNT,-1,2011-11-18 12:06:00,27.26,14527,United Kingdom,-27.26,2011-11,True
C577227,D,DISCOUNT,-1,2011-11-18 12:06:00,14.88,14527,United Kingdom,-14.88,2011-11,True
C577227,D,DISCOUNT,-1,2011-11-18 12:06:00,19.82,14527,United Kingdom,-19.82,2011-11,True
C577227,D,DISCOUNT,-1,2011-11-18 12:06:00,16.76,14527,United Kingdom,-16.76,2011-11,True
577295,POST,POSTAGE,3,2011-11-18 12:46:00,18.0,12682,France,54.0,2011-11,True
577299,POST,POSTAGE,1,2011-11-18 12:52:00,18.0,12498,Germany,18.0,2011-11,True
577314,POST,POSTAGE,6,2011-11-18 13:23:00,40.0,12444,Norway,240.0,2011-11,True
577316,POST,POSTAGE,7,2011-11-18 13:30:00,28.0,12578,Italy,196.0,2011-11,True
577326,POST,POSTAGE,2,2011-11-18 14:08:00,15.0,14646,Netherlands,30.0,2011-11,True
C577330,S,SAMPLES,-1,2011-11-18 14:16:00,2.89,,United Kingdom,-2.89,2011-11,True
C577330,S,SAMPLES,-1,2011-11-18 14:16:00,75.0,,United Kingdom,-75.0,2011-11,True
C577330,S,SAMPLES,-1,2011-11-18 14:16:00,5.99,,United Kingdom,-5.99,2011-11,True
C577342,BANK CHARGES,BANK CHARGES,-1,2011-11-18 15:11:00,490.06,,United Kingdom,-490.06,2011-11,True
C577343,BANK CHARGES,BANK CHARGES,-1,2011-11-18 15:13:00,27.21,,United Kingdom,-27.21,2011-11,True
577344,POST,POSTAGE,1,2011-11-18 15:14:00,18.0,12437,France,18.0,2011-11,True
C577346,M,MANUAL,-1,2011-11-18 15:25:00,530.25,,United Kingdom,-530.25,2011-11,True
C577348,M,MANUAL,-1,2011-11-18 15:30:00,1149.98,,United Kingdom,-1149.98,2011-11,True
C577353,POST,POSTAGE,-1,2011-11-18 15:45:00,4.0,12781,Czech Republic,-4.0,2011-11,True
577358,DOT,DOTCOM POSTAGE,1,2011-11-18 15:59:00,579.21,,United Kingdom,579.21,2011-11,True
577406,POST,POSTAGE,1,2011-11-20 10:36:00,18.0,12702,Germany,18.0,2011-11,True
577474,POST,POSTAGE,3,2011-11-20 11:30:00,18.0,12778,Netherlands,54.0,2011-11,True
577476,POST,POSTAGE,3,2011-11-20 11:31:00,28.0,12540,Spain,84.0,2011-11,True
C577481,POST,POSTAGE,-1,2011-11-20 11:39:00,18.0,12778,Netherlands,-18.0,2011-11,True
577523,POST,POSTAGE,1,2011-11-20 13:33:00,28.0,12597,Spain,28.0,2011-11,True
577531,DOT,DOTCOM POSTAGE,1,2011-11-20 13:58:00,1236.75,,United Kingdom,1236.75,2011-11,True
577551,POST,POSTAGE,2,2011-11-20 15:21:00,15.0,12395,Belgium,30.0,2011-11,True
577606,POST,POSTAGE,3,2011-11-21 09:11:00,28.0,12462,Spain,84.0,2011-11,True
577609,POST,POSTAGE,1,2011-11-21 09:51:00,300.0,12349,Italy,300.0,2011-11,True
577615,POST,POSTAGE,3,2011-11-21 10:22:00,18.0,12658,Germany,54.0,2011-11,True
577618,POST,POSTAGE,4,2011-11-21 10:27:00,28.0,12795,Portugal,112.0,2011-11,True
577687,POST,POSTAGE,3,2011-11-21 11:16:00,18.0,12583,France,54.0,2011-11,True
577695,M,MANUAL,1,2011-11-21 11:55:00,0.42,15645,United Kingdom,0.42,2011-11,True
577696,M,MANUAL,1,2011-11-21 11:57:00,0.0,16406,United Kingdom,0.0,2011-11,True
577768,DOT,DOTCOM POSTAGE,1,2011-11-21 15:18:00,523.77,,United Kingdom,523.77,2011-11,True
577773,M,MANUAL,3,2011-11-21 15:57:00,2.55,16712,United Kingdom,7.6499999999999995,2011-11,True
577856,POST,POSTAGE,4,2011-11-22 11:19:00,18.0,12490,France,72.0,2011-11,True
C577892,POST,POSTAGE,-1,2011-11-22 11:43:00,3.25,16191,United Kingdom,-3.25,2011-11,True
577893,M,MANUAL,1,2011-11-22 11:47:00,1.25,17073,United Kingdom,1.25,2011-11,True
577906,M,MANUAL,76,2011-11-22 11:51:00,0.29,13268,United Kingdom,22.04,2011-11,True
577938,M,MANUAL,2,2011-11-22 12:07:00,1.25,15525,United Kingdom,2.5,2011-11,True
578006,C2,CARRIAGE,1,2011-11-22 12:40:00,50.0,13363,United Kingdom,50.0,2011-11,True
578017,M,MANUAL,1,2011-11-22 13:07:00,1.5,13569,United Kingdom,1.5,2011-11,True
578033,POST,POSTAGE,4,2011-11-22 13:42:00,18.0,12656,France,72.0,2011-11,True
578034,POST,POSTAGE,5,2011-11-22 13:47:00,15.0,14646,Netherlands,75.0,2011-11,True
578036,M,MANUAL,2,2011-11-22 14:04:00,0.08,16474,United Kingdom,0.16,2011-11,True
578041,M,MANUAL,3,2011-11-22 14:23:00,1.25,17338,United Kingdom,3.75,2011-11,True
578043,POST,POSTAGE,2,2011-11-22 14:39:00,18.0,12474,Germany,36.0,2011-11,True
578054,C2,CARRIAGE,1,2011-11-22 14:59:00,50.0,14911,EIRE,50.0,2011-11,True
578060,M,MANUAL,1600,2011-11-22 15:22:00,0.25,17857,United Kingdom,400.0,2011-11,True
578065,DOT,DOTCOM POSTAGE,1,2011-11-22 15:41:00,455.75,,United Kingdom,455.75,2011-11,True
578067,DOT,DOTCOM POSTAGE,1,2011-11-22 15:43:00,416.48,,United Kingdom,416.48,2011-11,True
C578073,M,MANUAL,-36,2011-11-22 16:02:00,0.32,18139,United Kingdom,-11.52,2011-11,True
C578073,M,MANUAL,-36,2011-11-22 16:02:00,0.56,18139,United Kingdom,-20.160000000000004,2011-11,True
578074,M,MANUAL,1,2011-11-22 16:06:00,1.25,17590,United Kingdom,1.25,2011-11,True
C578076,M,MANUAL,-24,2011-11-22 16:18:00,0.56,18139,United Kingdom,-13.440000000000001,2011-11,True
578082,POST,POSTAGE,1,2011-11-22 16:33:00,15.0,12775,Netherlands,15.0,2011-11,True
578084,POST,POSTAGE,2,2011-11-22 16:34:00,15.0,12465,Belgium,30.0,2011-11,True
578089,POST,POSTAGE,4,2011-11-22 17:02:00,40.0,12483,Sweden,160.0,2011-11,True
C578090,POST,POSTAGE,-2,2011-11-22 17:03:00,40.0,12483,Sweden,-80.0,2011-11,True
578093,C2,CARRIAGE,1,2011-11-22 17:21:00,50.0,14911,EIRE,50.0,2011-11,True
578099,POST,POSTAGE,2,2011-11-23 08:05:00,1.0,12452,Switzerland,2.0,2011-11,True
578105,C2,CARRIAGE,1,2011-11-23 08:47:00,50.0,14911,EIRE,50.0,2011-11,True
C578122,POST,POSTAGE,-2,2011-11-23 10:27:00,1.0,12452,Switzerland,-2.0,2011-11,True
578123,POST,POSTAGE,2,2011-11-23 10:28:00,40.0,12452,Switzerland,80.0,2011-11,True
578126,POST,POSTAGE,1,2011-11-23 10:32:00,4.95,16900,United Kingdom,4.95,2011-11,True
578149,DOT,DOTCOM POSTAGE,1,2011-11-23 11:11:00,2275.54,,United Kingdom,2275.54,2011-11,True
C578239,D,DISCOUNT,-1,2011-11-23 12:29:00,26.33,14912,Italy,-26.33,2011-11,True
578270,DOT,DOTCOM POSTAGE,1,2011-11-23 13:39:00,1270.06,14096,United Kingdom,1270.06,2011-11,True
C578269,CRUK,CRUK COMMISSION,-1,2011-11-23 13:39:00,849.93,14096,United Kingdom,-849.93,2011-11,True
578295,POST,POSTAGE,2,2011-11-23 14:39:00,18.0,12569,Germany,36.0,2011-11,True
578298,POST,POSTAGE,3,2011-11-23 14:52:00,18.0,12619,Germany,54.0,2011-11,True
578300,POST,POSTAGE,1,2011-11-23 15:02:00,40.0,12664,Finland,40.0,2011-11,True
578314,C2,CARRIAGE,1,2011-11-23 16:33:00,50.0,13350,United Kingdom,50.0,2011-11,True
578331,C2,CARRIAGE,1,2011-11-24 08:44:00,50.0,14911,EIRE,50.0,2011-11,True
578333,POST,POSTAGE,2,2011-11-24 08:50:00,18.0,12471,Germany,36.0,2011-11,True
578339,POST,POSTAGE,1,2011-11-24 09:07:00,28.0,12421,Spain,28.0,2011-11,True
578344,DOT,DOTCOM POSTAGE,1,2011-11-24 09:21:00,793.33,,United Kingdom,793.33,2011-11,True
578347,DOT,DOTCOM POSTAGE,1,2011-11-24 09:26:00,644.28,,United Kingdom,644.28,2011-11,True
578348,POST,POSTAGE,2,2011-11-24 09:34:00,18.0,12494,France,36.0,2011-11,True
578425,POST,POSTAGE,4,2011-11-24 12:01:00,18.0,12705,Germany,72.0,2011-11,True
578463,POST,POSTAGE,2,2011-11-24 12:30:00,28.0,12757,Portugal,56.0,2011-11,True
578469,POST,POSTAGE,4,2011-11-24 12:36:00,18.0,12471,Germany,72.0,2011-11,True
578472,POST,POSTAGE,9,2011-11-24 12:40:00,18.0,12476,Germany,162.0,2011-11,True
578509,POST,POSTAGE,1,2011-11-24 13:17:00,18.0,12705,Germany,18.0,2011-11,True
578547,POST,POSTAGE,3,2011-11-24 15:02:00,18.0,12720,Germany,54.0,2011-11,True
578698,POST,POSTAGE,2,2011-11-25 10:20:00,18.0,12620,France,36.0,2011-11,True
578736,POST,POSTAGE,8,2011-11-25 11:33:00,18.0,12681,France,144.0,2011-11,True
C578743,POST,POSTAGE,-3,2011-11-25 11:35:00,18.0,12681,France,-54.0,2011-11,True
578757,M,MANUAL,2,2011-11-25 11:41:00,0.85,12748,United Kingdom,1.7,2011-11,True
C578784,POST,POSTAGE,-1,2011-11-25 12:01:00,7.6,13081,United Kingdom,-7.6,2011-11,True
578792,C2,CARRIAGE,1,2011-11-25 12:20:00,50.0,14911,EIRE,50.0,2011-11,True
578811,POST,POSTAGE,8,2011-11-25 13:28:00,40.0,12438,Norway,320.0,2011-11,True
578827,DOT,DOTCOM POSTAGE,1,2011-11-25 14:25:00,634.39,,United Kingdom,634.39,2011-11,True
578828,DOT,DOTCOM POSTAGE,1,2011-11-25 14:29:00,3.29,,United Kingdom,3.29,2011-11,True
578833,DOT,DOTCOM POSTAGE,1,2011-11-25 15:23:00,2028.25,,United Kingdom,2028.25,2011-11,True
578835,POST,POSTAGE,1,2011-11-25 15:44:00,18.0,12682,France,18.0,2011-11,True
578844,DOT,DOTCOM POSTAGE,1,2011-11-25 16:14:00,545.25,,United Kingdom,545.25,2011-11,True
578941,M,MANUAL,6,2011-11-27 13:26:00,0.39,16024,United Kingdom,2.34,2011-11,True
578941,M,MANUAL,14,2011-11-27 13:26:00,0.21,16024,United Kingdom,2.94,2011-11,True
578996,M,MANUAL,1,2011-11-27 16:02:00,1.0,13991,United Kingdom,1.0,2011-11,True
C579018,POST,POSTAGE,-1,2011-11-28 10:14:00,7.0,16678,United Kingdom,-7.0,2011-11,True
C579092,POST,POSTAGE,-1,2011-11-28 10:50:00,4.41,16900,United Kingdom,-4.41,2011-11,True
579094,POST,POSTAGE,8,2011-11-28 10:56:00,18.0,12668,Germany,144.0,2011-11,True
579137,BANK CHARGES,BANK CHARGES,1,2011-11-28 12:51:00,15.0,14704,United Kingdom,15.0,2011-11,True
579153,POST,POSTAGE,1,2011-11-28 13:26:00,18.0,12660,France,18.0,2011-11,True
579152,POST,POSTAGE,3,2011-11-28 13:26:00,18.0,12479,Germany,54.0,2011-11,True
579187,DOT,DOTCOM POSTAGE,1,2011-11-28 15:31:00,634.54,,United Kingdom,634.54,2011-11,True
579190,POST,POSTAGE,4,2011-11-28 15:35:00,18.0,12657,France,72.0,2011-11,True
C579192,POST,POSTAGE,-4,2011-11-28 15:43:00,18.0,12657,France,-72.0,2011-11,True
579193,POST,POSTAGE,4,2011-11-28 15:47:00,18.0,12657,France,72.0,2011-11,True
579196,DOT,DOTCOM POSTAGE,1,2011-11-28 15:54:00,1526.76,14096,United Kingdom,1526.76,2011-11,True
C579195,CRUK,CRUK COMMISSION,-1,2011-11-28 15:54:00,987.14,14096,United Kingdom,-987.14,2011-11,True
579256,C2,CARRIAGE,1,2011-11-29 08:07:00,50.0,13349,United Kingdom,50.0,2011-11,True
579259,POST,POSTAGE,1,2011-11-29 08:40:00,40.0,12451,Switzerland,40.0,2011-11,True
579276,POST,POSTAGE,1,2011-11-29 10:10:00,18.0,12654,Germany,18.0,2011-11,True
579281,POST,POSTAGE,1,2011-11-29 10:36:00,40.0,12375,Finland,40.0,2011-11,True
579297,DOT,DOTCOM POSTAGE,1,2011-11-29 11:23:00,1563.0,,United Kingdom,1563.0,2011-11,True
579345,POST,POSTAGE,4,2011-11-29 11:46:00,18.0,12727,France,72.0,2011-11,True
C579366,POST,POSTAGE,-1,2011-11-29 11:56:00,9.72,14205,United Kingdom,-9.72,2011-11,True
579393,POST,POSTAGE,3,2011-11-29 12:07:00,18.0,12627,Germany,54.0,2011-11,True
579416,POST,POSTAGE,5,2011-11-29 13:00:00,18.0,12471,Germany,90.0,2011-11,True
579441,POST,POSTAGE,4,2011-11-29 13:33:00,15.0,12464,Belgium,60.0,2011-11,True
579471,DOT,DOTCOM POSTAGE,1,2011-11-29 15:08:00,892.5,,United Kingdom,892.5,2011-11,True
579492,POST,POSTAGE,3,2011-11-29 15:23:00,18.0,12670,France,54.0,2011-11,True
579508,DOT,DOTCOM POSTAGE,1,2011-11-29 16:33:00,732.69,,United Kingdom,732.69,2011-11,True
579512,DOT,DOTCOM POSTAGE,1,2011-11-29 16:47:00,620.22,,United Kingdom,620.22,2011-11,True
579528,POST,POSTAGE,1,2011-11-30 08:44:00,15.0,12787,Netherlands,15.0,2011-11,True
579529,POST,POSTAGE,3,2011-11-30 08:50:00,18.0,12488,France,54.0,2011-11,True
C579532,POST,POSTAGE,-1,2011-11-30 09:21:00,18.0,12494,France,-18.0,2011-11,True
579539,C2,CARRIAGE,1,2011-11-30 10:06:00,50.0,14911,EIRE,50.0,2011-11,True
579550,POST,POSTAGE,3,2011-11-30 10:48:00,40.0,12630,Finland,120.0,2011-11,True
579694,DOT,DOTCOM POSTAGE,1,2011-11-30 14:11:00,1119.63,,United Kingdom,1119.63,2011-11,True
579708,POST,POSTAGE,4,2011-11-30 14:16:00,18.0,12682,France,72.0,2011-11,True
579711,M,MANUAL,1,2011-11-30 14:17:00,1.25,15060,United Kingdom,1.25,2011-11,True
579747,POST,POSTAGE,3,2011-11-30 14:40:00,18.0,12528,Germany,54.0,2011-11,True
579751,DOT,DOTCOM POSTAGE,1,2011-11-30 14:46:00,307.17,,United Kingdom,307.17,2011-11,True
579768,C2,CARRIAGE,1,2011-11-30 15:08:00,50.0,14911,EIRE,50.0,2011-11,True
579777,DOT,DOTCOM POSTAGE,1,2011-11-30 15:13:00,888.42,,United Kingdom,888.42,2011-11,True
579786,POST,POSTAGE,2,2011-11-30 15:31:00,18.0,12524,Germany,36.0,2011-11,True
579787,DOT,DOTCOM POSTAGE,1,2011-11-30 15:33:00,988.0,,United Kingdom,988.0,2011-11,True
579790,POST,POSTAGE,2,2011-11-30 15:38:00,28.0,12784,Portugal,56.0,2011-11,True
579792,POST,POSTAGE,5,2011-11-30 15:43:00,18.0,12714,France,90.0,2011-11,True
579870,POST,POSTAGE,2,2011-11-30 16:47:00,18.0,12437,France,36.0,2011-11,True
C579884,D,DISCOUNT,-1,2011-11-30 17:34:00,20.53,14527,United Kingdom,-20.53,2011-11,True
579901,POST,POSTAGE,3,2011-12-01 08:35:00,18.0,12569,Germany,54.0,2011-12,True
C579908,D,DISCOUNT,-1,2011-12-01 08:49:00,28.68,14527,United Kingdom,-28.68,2011-12,True
579910,C2,CARRIAGE,1,2011-12-01 08:52:00,50.0,14911,EIRE,50.0,2011-12,True
579927,POST,POSTAGE,3,2011-12-01 09:20:00,18.0,12572,Germany,54.0,2011-12,True
580027,M,MANUAL,1,2011-12-01 12:01:00,10.0,14178,United Kingdom,10.0,2011-12,True
580054,M,MANUAL,8,2011-12-01 13:08:00,0.08,18122,United Kingdom,0.64,2011-12,True
580115,DCGSSBOY,BOYS PARTY BAG,1,2011-12-01 16:22:00,3.29,,United Kingdom,3.29,2011-12,True
580115,DOT,DOTCOM POSTAGE,1,2011-12-01 16:22:00,1042.84,,United Kingdom,1042.84,2011-12,True
580120,POST,POSTAGE,1,2011-12-01 16:38:00,18.0,12553,France,18.0,2011-12,True
580123,POST,POSTAGE,2,2011-12-01 17:07:00,40.0,12664,Finland,80.0,2011-12,True
580124,C2,CARRIAGE,1,2011-12-01 17:12:00,50.0,,EIRE,50.0,2011-12,True
580126,POST,POSTAGE,3,2011-12-01 17:20:00,18.0,12562,France,54.0,2011-12,True
580127,C2,CARRIAGE,1,2011-12-01 17:51:00,50.0,14911,EIRE,50.0,2011-12,True
580144,POST,POSTAGE,1,2011-12-02 09:53:00,18.0,12684,France,18.0,2011-12,True
580148,DOT,DOTCOM POSTAGE,1,2011-12-02 10:08:00,274.25,,United Kingdom,274.25,2011-12,True
580152,POST,POSTAGE,1,2011-12-02 10:22:00,15.0,12364,Belgium,15.0,2011-12,True
580153,POST,POSTAGE,5,2011-12-02 10:23:00,28.0,12762,Portugal,140.0,2011-12,True
580154,POST,POSTAGE,1,2011-12-02 10:24:00,18.0,12569,Germany,18.0,2011-12,True
580160,POST,POSTAGE,7,2011-12-02 10:47:00,18.0,12700,France,126.0,2011-12,True
C580161,POST,POSTAGE,-2,2011-12-02 10:49:00,18.0,12700,France,-36.0,2011-12,True
C580263,M,MANUAL,-4,2011-12-02 12:43:00,9.95,12536,France,-39.8,2011-12,True
C580263,M,MANUAL,-16,2011-12-02 12:43:00,0.29,12536,France,-4.64,2011-12,True
580265,POST,POSTAGE,1,2011-12-02 12:47:00,40.0,12587,Finland,40.0,2011-12,True
580281,POST,POSTAGE,1,2011-12-02 13:15:00,40.0,12704,Finland,40.0,2011-12,True
580366,DOT,DOTCOM POSTAGE,1,2011-12-02 16:38:00,0.0,,United Kingdom,0.0,2011-12,True
580367,DOT,DOTCOM POSTAGE,1,2011-12-02 16:39:00,888.06,,United Kingdom,888.06,2011-12,True
580509,POST,POSTAGE,2,2011-12-04 13:45:00,18.0,12719,France,36.0,2011-12,True
C580510,M,MANUAL,-1,2011-12-04 13:48:00,1.25,14456,United Kingdom,-1.25,2011-12,True
580511,POST,POSTAGE,4,2011-12-04 13:54:00,18.0,12560,Germany,72.0,2011-12,True
580512,POST,POSTAGE,2,2011-12-04 13:55:00,18.0,12673,Germany,36.0,2011-12,True
580531,POST,POSTAGE,1,2011-12-04 15:47:00,18.0,12569,Germany,18.0,2011-12,True
580534,POST,POSTAGE,1,2011-12-04 16:02:00,18.0,12724,France,18.0,2011-12,True
580536,POST,POSTAGE,3,2011-12-04 16:07:00,18.0,12490,France,54.0,2011-12,True
580545,POST,POSTAGE,1,2011-12-05 09:16:00,28.0,12782,Portugal,28.0,2011-12,True
580548,POST,POSTAGE,1,2011-12-05 09:41:00,18.0,12569,Germany,18.0,2011-12,True
580555,C2,CARRIAGE,1,2011-12-05 10:18:00,50.0,14911,EIRE,50.0,2011-12,True
C580604,AMAZONFEE,AMAZON FEE,-1,2011-12-05 11:35:00,11586.5,,United Kingdom,-11586.5,2011-12,True
C580605,AMAZONFEE,AMAZON FEE,-1,2011-12-05 11:36:00,17836.46,,United Kingdom,-17836.46,2011-12,True
580610,DOT,DOTCOM POSTAGE,1,2011-12-05 11:48:00,2196.67,,United Kingdom,2196.67,2011-12,True
580611,M,MANUAL,1,2011-12-05 11:49:00,0.85,12748,United Kingdom,0.85,2011-12,True
580612,DOT,DOTCOM POSTAGE,1,2011-12-05 11:58:00,2114.0,,United Kingdom,2114.0,2011-12,True
580638,POST,POSTAGE,1,2011-12-05 12:44:00,40.0,12381,Norway,40.0,2011-12,True
580645,M,MANUAL,1,2011-12-05 13:11:00,219.5,17857,United Kingdom,219.5,2011-12,True
580646,M,MANUAL,800,2011-12-05 13:13:00,0.25,17857,United Kingdom,200.0,2011-12,True
580648,POST,POSTAGE,1,2011-12-05 13:15:00,18.0,12628,Germany,18.0,2011-12,True
580705,POST,POSTAGE,5,2011-12-05 16:28:00,1.0,12683,France,5.0,2011-12,True
580706,POST,POSTAGE,5,2011-12-05 16:31:00,17.0,12683,France,85.0,2011-12,True
580716,POST,POSTAGE,1,2011-12-05 16:48:00,18.0,12367,Denmark,18.0,2011-12,True
C580726,CRUK,CRUK COMMISSION,-1,2011-12-05 17:17:00,1100.44,14096,United Kingdom,-1100.44,2011-12,True
580727,DOT,DOTCOM POSTAGE,1,2011-12-05 17:17:00,1599.26,14096,United Kingdom,1599.26,2011-12,True
580729,DOT,DOTCOM POSTAGE,1,2011-12-05 17:24:00,1172.1,,United Kingdom,1172.1,2011-12,True
580730,DOT,DOTCOM POSTAGE,1,2011-12-05 17:28:00,845.23,,United Kingdom,845.23,2011-12,True
580734,POST,POSTAGE,4,2011-12-06 08:46:00,28.0,12766,Portugal,112.0,2011-12,True
580736,POST,POSTAGE,2,2011-12-06 08:55:00,18.0,12716,France,36.0,2011-12,True
580752,POST,POSTAGE,3,2011-12-06 09:56:00,45.0,12478,Greece,135.0,2011-12,True
580753,POST,POSTAGE,3,2011-12-06 10:00:00,18.0,12682,France,54.0,2011-12,True
580756,POST,POSTAGE,1,2011-12-06 10:19:00,18.0,12723,France,18.0,2011-12,True
580884,M,MANUAL,1,2011-12-06 12:21:00,0.85,15907,United Kingdom,0.85,2011-12,True
580955,POST,POSTAGE,1,2011-12-06 14:22:00,28.0,12442,Spain,28.0,2011-12,True
580956,M,MANUAL,4,2011-12-06 14:23:00,1.25,17841,United Kingdom,5.0,2011-12,True
C580957,POST,POSTAGE,-1,2011-12-06 14:23:00,4.5,12839,United Kingdom,-4.5,2011-12,True
580965,POST,POSTAGE,3,2011-12-06 14:52:00,15.0,12417,Belgium,45.0,2011-12,True
580976,POST,POSTAGE,1,2011-12-06 15:29:00,5.29,,United Kingdom,5.29,2011-12,True
580979,POST,POSTAGE,3,2011-12-06 15:40:00,18.0,12362,Belgium,54.0,2011-12,True
580983,DOT,DOTCOM POSTAGE,1,2011-12-06 16:26:00,736.38,,United Kingdom,736.38,2011-12,True
580986,POST,POSTAGE,4,2011-12-06 16:34:00,18.0,12650,France,72.0,2011-12,True
581000,POST,POSTAGE,5,2011-12-07 08:03:00,18.0,12720,Germany,90.0,2011-12,True
581001,POST,POSTAGE,3,2011-12-07 08:07:00,18.0,12583,France,54.0,2011-12,True
C581009,M,MANUAL,-1,2011-12-07 09:15:00,125.0,16971,United Kingdom,-125.0,2011-12,True
581023,DOT,DOTCOM POSTAGE,1,2011-12-07 10:35:00,1861.46,,United Kingdom,1861.46,2011-12,True
581127,BANK CHARGES,BANK CHARGES,1,2011-12-07 12:45:00,15.0,16271,United Kingdom,15.0,2011-12,True
C581145,M,MANUAL,-1,2011-12-07 13:48:00,9.95,17490,United Kingdom,-9.95,2011-12,True
581171,POST,POSTAGE,2,2011-12-07 15:02:00,18.0,12615,France,36.0,2011-12,True
581179,POST,POSTAGE,1,2011-12-07 15:43:00,240.0,12471,Germany,240.0,2011-12,True
581182,POST,POSTAGE,4,2011-12-07 15:56:00,28.0,12783,Portugal,112.0,2011-12,True
581184,POST,POSTAGE,2,2011-12-07 16:24:00,18.0,12569,Germany,36.0,2011-12,True
581183,POST,POSTAGE,4,2011-12-07 16:24:00,18.0,12569,Germany,72.0,2011-12,True
581217,gift_0001_10,DOTCOMGIFTSHOP GIFT VOUCHER £10.00,1,2011-12-08 09:20:00,8.33,,United Kingdom,8.33,2011-12,True
581217,DOT,DOTCOM POSTAGE,1,2011-12-08 09:20:00,863.8,,United Kingdom,863.8,2011-12,True
581219,DOT,DOTCOM POSTAGE,1,2011-12-08 09:28:00,1008.96,,United Kingdom,1008.96,2011-12,True
581232,POST,POSTAGE,4,2011-12-08 10:26:00,40.0,12358,Austria,160.0,2011-12,True
581238,DOT,DOTCOM POSTAGE,1,2011-12-08 10:53:00,1683.75,,United Kingdom,1683.75,2011-12,True
581266,POST,POSTAGE,5,2011-12-08 11:25:00,18.0,12621,Germany,90.0,2011-12,True
581279,POST,POSTAGE,3,2011-12-08 11:35:00,18.0,12437,France,54.0,2011-12,True
581405,M,MANUAL,3,2011-12-08 13:50:00,0.42,13521,United Kingdom,1.26,2011-12,True
581439,DOT,DOTCOM POSTAGE,1,2011-12-08 16:30:00,938.59,,United Kingdom,938.59,2011-12,True
581492,DOT,DOTCOM POSTAGE,1,2011-12-09 10:03:00,933.17,,United Kingdom,933.17,2011-12,True
581493,POST,POSTAGE,1,2011-12-09 10:10:00,15.0,12423,Belgium,15.0,2011-12,True
581494,POST,POSTAGE,2,2011-12-09 10:13:00,18.0,12518,Germany,36.0,2011-12,True
581498,DOT,DOTCOM POSTAGE,1,2011-12-09 10:26:00,1714.17,,United Kingdom,1714.17,2011-12,True
C581499,M,MANUAL,-1,2011-12-09 10:28:00,224.69,15498,United Kingdom,-224.69,2011-12,True
581570,POST,POSTAGE,1,2011-12-09 11:59:00,18.0,12662,Germany,18.0,2011-12,True
581574,POST,POSTAGE,2,2011-12-09 12:09:00,18.0,12526,Germany,36.0,2011-12,True
581578,POST,POSTAGE,3,2011-12-09 12:16:00,18.0,12713,Germany,54.0,2011-12,True
581587,POST,POSTAGE,1,2011-12-09 12:50:00,18.0,12680,France,18.0,2011-12,True
